Workbook

Sheet 打分总表
A1: 序号 | B1: 供应商名称 | C1: 业务督导(60分) | D1: 供应商管理(30分) | E1: 质检(10分) | F1: 总分(100分) | G1: 排名 | H1: 分级 | I1: 管理动作
A2: 1 | B2: 供应商1 | C2: =业务督导打分!I2 -> 0 | D2: =供应商管理打分!I2 -> 18 | E2: =质检打分!G2 -> 0 | F2: =SUM(C2:E2) -> 18 | G2: =RANK(F2,F2:F31,0) -> 1 | H2: =IF(G2/COUNTA(B2:B31)<=0.3,"A",IF(G2/COUNTA(B2:B31)<=0.7,"B","C")) -> A | I2: =IF(H2="A","分量优先|月度回顾|战略对话",IF(H2="B","分量稳定|双周回顾|能力提升","分量压缩|周度跟踪|强制PIP")) -> 分量优先|月度回顾|战略对话
A3: 2 | B3: 供应商2 | C3: =业务督导打分!I3 -> 0 | D3: =供应商管理打分!I3 -> 18 | E3: =质检打分!G3 -> 0 | F3: =SUM(C3:E3) -> 18 | G3: =RANK(F3,F2:F31,0) -> 1 | H3: =IF(G3/COUNTA(B2:B31)<=0.3,"A",IF(G3/COUNTA(B2:B31)<=0.7,"B","C")) -> A | I3: =IF(H2="A","分量优先|月度回顾|战略对话",IF(H2="B","分量稳定|双周回顾|能力提升","分量压缩|周度跟踪|强制PIP")) -> 分量优先|月度回顾|战略对话
A4: 3 | B4: 供应商3 | C4: =业务督导打分!I4 -> 0 | D4: =供应商管理打分!I4 -> 18 | E4: =质检打分!G4 -> 0 | F4: =SUM(C4:E4) -> 18 | G4: =RANK(F4,F2:F31,0) -> 1 | H4: =IF(G4/COUNTA(B2:B31)<=0.3,"A",IF(G4/COUNTA(B2:B31)<=0.7,"B","C")) -> A | I4: =IF(H2="A","分量优先|月度回顾|战略对话",IF(H2="B","分量稳定|双周回顾|能力提升","分量压缩|周度跟踪|强制PIP")) -> 分量优先|月度回顾|战略对话
A5: 4 | B5: 供应商4 | C5: =业务督导打分!I5 -> 0 | D5: =供应商管理打分!I5 -> 18 | E5: =质检打分!G5 -> 0 | F5: =SUM(C5:E5) -> 18 | G5: =RANK(F5,F2:F31,0) -> 1 | H5: =IF(G5/COUNTA(B2:B31)<=0.3,"A",IF(G5/COUNTA(B2:B31)<=0.7,"B","C")) -> A | I5: =IF(H2="A","分量优先|月度回顾|战略对话",IF(H2="B","分量稳定|双周回顾|能力提升","分量压缩|周度跟踪|强制PIP")) -> 分量优先|月度回顾|战略对话
A6: 5 | B6: 供应商5 | C6: =业务督导打分!I6 -> 0 | D6: =供应商管理打分!I6 -> 18 | E6: =质检打分!G6 -> 0 | F6: =SUM(C6:E6) -> 18 | G6: =RANK(F6,F2:F31,0) -> 1 | H6: =IF(G6/COUNTA(B2:B31)<=0.3,"A",IF(G6/COUNTA(B2:B31)<=0.7,"B","C")) -> A | I6: =IF(H2="A","分量优先|月度回顾|战略对话",IF(H2="B","分量稳定|双周回顾|能力提升","分量压缩|周度跟踪|强制PIP")) -> 分量优先|月度回顾|战略对话
A7: 6 | B7: 供应商6 | C7: =业务督导打分!I7 -> 0 | D7: =供应商管理打分!I7 -> 18 | E7: =质检打分!G7 -> 0 | F7: =SUM(C7:E7) -> 18 | G7: =RANK(F7,F2:F31,0) -> 1 | H7: =IF(G7/COUNTA(B2:B31)<=0.3,"A",IF(G7/COUNTA(B2:B31)<=0.7,"B","C")) -> A | I7: =IF(H2="A","分量优先|月度回顾|战略对话",IF(H2="B","分量稳定|双周回顾|能力提升","分量压缩|周度跟踪|强制PIP")) -> 分量优先|月度回顾|战略对话
A8: 7 | B8: 供应商7 | C8: =业务督导打分!I8 -> 0 | D8: =供应商管理打分!I8 -> 18 | E8: =质检打分!G8 -> 0 | F8: =SUM(C8:E8) -> 18 | G8: =RANK(F8,F2:F31,0) -> 1 | H8: =IF(G8/COUNTA(B2:B31)<=0.3,"A",IF(G8/COUNTA(B2:B31)<=0.7,"B","C")) -> A | I8: =IF(H2="A","分量优先|月度回顾|战略对话",IF(H2="B","分量稳定|双周回顾|能力提升","分量压缩|周度跟踪|强制PIP")) -> 分量优先|月度回顾|战略对话
A9: 8 | B9: 供应商8 | C9: =业务督导打分!I9 -> 0 | D9: =供应商管理打分!I9 -> 18 | E9: =质检打分!G9 -> 0 | F9: =SUM(C9:E9) -> 18 | G9: =RANK(F9,F2:F31,0) -> 1 | H9: =IF(G9/COUNTA(B2:B31)<=0.3,"A",IF(G9/COUNTA(B2:B31)<=0.7,"B","C")) -> A | I9: =IF(H2="A","分量优先|月度回顾|战略对话",IF(H2="B","分量稳定|双周回顾|能力提升","分量压缩|周度跟踪|强制PIP")) -> 分量优先|月度回顾|战略对话
A10: 9 | B10: 供应商9 | C10: =业务督导打分!I10 -> 0 | D10: =供应商管理打分!I10 -> 18 | E10: =质检打分!G10 -> 0 | F10: =SUM(C10:E10) -> 18 | G10: =RANK(F10,F2:F31,0) -> 1 | H10: =IF(G10/COUNTA(B2:B31)<=0.3,"A",IF(G10/COUNTA(B2:B31)<=0.7,"B","C")) -> A | I10: =IF(H2="A","分量优先|月度回顾|战略对话",IF(H2="B","分量稳定|双周回顾|能力提升","分量压缩|周度跟踪|强制PIP")) -> 分量优先|月度回顾|战略对话
A11: 10 | B11: 供应商10 | C11: =业务督导打分!I11 -> 0 | D11: =供应商管理打分!I11 -> 18 | E11: =质检打分!G11 -> 0 | F11: =SUM(C11:E11) -> 18 | G11: =RANK(F11,F2:F31,0) -> 1 | H11: =IF(G11/COUNTA(B2:B31)<=0.3,"A",IF(G11/COUNTA(B2:B31)<=0.7,"B","C")) -> A | I11: =IF(H2="A","分量优先|月度回顾|战略对话",IF(H2="B","分量稳定|双周回顾|能力提升","分量压缩|周度跟踪|强制PIP")) -> 分量优先|月度回顾|战略对话
A12: 11 | B12: 供应商11 | C12: =业务督导打分!I12 -> 0 | D12: =供应商管理打分!I12 -> 18 | E12: =质检打分!G12 -> 0 | F12: =SUM(C12:E12) -> 18 | G12: =RANK(F12,F2:F31,0) -> 1 | H12: =IF(G12/COUNTA(B2:B31)<=0.3,"A",IF(G12/COUNTA(B2:B31)<=0.7,"B","C")) -> A | I12: =IF(H2="A","分量优先|月度回顾|战略对话",IF(H2="B","分量稳定|双周回顾|能力提升","分量压缩|周度跟踪|强制PIP")) -> 分量优先|月度回顾|战略对话
A13: 12 | B13: 供应商12 | C13: =业务督导打分!I13 -> 0 | D13: =供应商管理打分!I13 -> 18 | E13: =质检打分!G13 -> 0 | F13: =SUM(C13:E13) -> 18 | G13: =RANK(F13,F2:F31,0) -> 1 | H13: =IF(G13/COUNTA(B2:B31)<=0.3,"A",IF(G13/COUNTA(B2:B31)<=0.7,"B","C")) -> A | I13: =IF(H2="A","分量优先|月度回顾|战略对话",IF(H2="B","分量稳定|双周回顾|能力提升","分量压缩|周度跟踪|强制PIP")) -> 分量优先|月度回顾|战略对话
A14: 13 | B14: 供应商13 | C14: =业务督导打分!I14 -> 0 | D14: =供应商管理打分!I14 -> 18 | E14: =质检打分!G14 -> 0 | F14: =SUM(C14:E14) -> 18 | G14: =RANK(F14,F2:F31,0) -> 1 | H14: =IF(G14/COUNTA(B2:B31)<=0.3,"A",IF(G14/COUNTA(B2:B31)<=0.7,"B","C")) -> A | I14: =IF(H2="A","分量优先|月度回顾|战略对话",IF(H2="B","分量稳定|双周回顾|能力提升","分量压缩|周度跟踪|强制PIP")) -> 分量优先|月度回顾|战略对话
A15: 14 | B15: 供应商14 | C15: =业务督导打分!I15 -> 0 | D15: =供应商管理打分!I15 -> 18 | E15: =质检打分!G15 -> 0 | F15: =SUM(C15:E15) -> 18 | G15: =RANK(F15,F2:F31,0) -> 1 | H15: =IF(G15/COUNTA(B2:B31)<=0.3,"A",IF(G15/COUNTA(B2:B31)<=0.7,"B","C")) -> A | I15: =IF(H2="A","分量优先|月度回顾|战略对话",IF(H2="B","分量稳定|双周回顾|能力提升","分量压缩|周度跟踪|强制PIP")) -> 分量优先|月度回顾|战略对话
A16: 15 | B16: 供应商15 | C16: =业务督导打分!I16 -> 0 | D16: =供应商管理打分!I16 -> 18 | E16: =质检打分!G16 -> 0 | F16: =SUM(C16:E16) -> 18 | G16: =RANK(F16,F2:F31,0) -> 1 | H16: =IF(G16/COUNTA(B2:B31)<=0.3,"A",IF(G16/COUNTA(B2:B31)<=0.7,"B","C")) -> A | I16: =IF(H2="A","分量优先|月度回顾|战略对话",IF(H2="B","分量稳定|双周回顾|能力提升","分量压缩|周度跟踪|强制PIP")) -> 分量优先|月度回顾|战略对话
A17: 16 | B17: 供应商16 | C17: =业务督导打分!I17 -> 0 | D17: =供应商管理打分!I17 -> 18 | E17: =质检打分!G17 -> 0 | F17: =SUM(C17:E17) -> 18 | G17: =RANK(F17,F2:F31,0) -> 1 | H17: =IF(G17/COUNTA(B2:B31)<=0.3,"A",IF(G17/COUNTA(B2:B31)<=0.7,"B","C")) -> A | I17: =IF(H2="A","分量优先|月度回顾|战略对话",IF(H2="B","分量稳定|双周回顾|能力提升","分量压缩|周度跟踪|强制PIP")) -> 分量优先|月度回顾|战略对话
A18: 17 | B18: 供应商17 | C18: =业务督导打分!I18 -> 0 | D18: =供应商管理打分!I18 -> 18 | E18: =质检打分!G18 -> 0 | F18: =SUM(C18:E18) -> 18 | G18: =RANK(F18,F2:F31,0) -> 1 | H18: =IF(G18/COUNTA(B2:B31)<=0.3,"A",IF(G18/COUNTA(B2:B31)<=0.7,"B","C")) -> A | I18: =IF(H2="A","分量优先|月度回顾|战略对话",IF(H2="B","分量稳定|双周回顾|能力提升","分量压缩|周度跟踪|强制PIP")) -> 分量优先|月度回顾|战略对话
A19: 18 | B19: 供应商18 | C19: =业务督导打分!I19 -> 0 | D19: =供应商管理打分!I19 -> 18 | E19: =质检打分!G19 -> 0 | F19: =SUM(C19:E19) -> 18 | G19: =RANK(F19,F2:F31,0) -> 1 | H19: =IF(G19/COUNTA(B2:B31)<=0.3,"A",IF(G19/COUNTA(B2:B31)<=0.7,"B","C")) -> A | I19: =IF(H2="A","分量优先|月度回顾|战略对话",IF(H2="B","分量稳定|双周回顾|能力提升","分量压缩|周度跟踪|强制PIP")) -> 分量优先|月度回顾|战略对话
A20: 19 | B20: 供应商19 | C20: =业务督导打分!I20 -> 0 | D20: =供应商管理打分!I20 -> 18 | E20: =质检打分!G20 -> 0 | F20: =SUM(C20:E20) -> 18 | G20: =RANK(F20,F2:F31,0) -> 1 | H20: =IF(G20/COUNTA(B2:B31)<=0.3,"A",IF(G20/COUNTA(B2:B31)<=0.7,"B","C")) -> A | I20: =IF(H2="A","分量优先|月度回顾|战略对话",IF(H2="B","分量稳定|双周回顾|能力提升","分量压缩|周度跟踪|强制PIP")) -> 分量优先|月度回顾|战略对话
A21: 20 | B21: 供应商20 | C21: =业务督导打分!I21 -> 0 | D21: =供应商管理打分!I21 -> 18 | E21: =质检打分!G21 -> 0 | F21: =SUM(C21:E21) -> 18 | G21: =RANK(F21,F2:F31,0) -> 1 | H21: =IF(G21/COUNTA(B2:B31)<=0.3,"A",IF(G21/COUNTA(B2:B31)<=0.7,"B","C")) -> A | I21: =IF(H2="A","分量优先|月度回顾|战略对话",IF(H2="B","分量稳定|双周回顾|能力提升","分量压缩|周度跟踪|强制PIP")) -> 分量优先|月度回顾|战略对话
A22: 21 | B22: 供应商21 | C22: =业务督导打分!I22 -> 0 | D22: =供应商管理打分!I22 -> 18 | E22: =质检打分!G22 -> 0 | F22: =SUM(C22:E22) -> 18 | G22: =RANK(F22,F2:F31,0) -> 1 | H22: =IF(G22/COUNTA(B2:B31)<=0.3,"A",IF(G22/COUNTA(B2:B31)<=0.7,"B","C")) -> A | I22: =IF(H2="A","分量优先|月度回顾|战略对话",IF(H2="B","分量稳定|双周回顾|能力提升","分量压缩|周度跟踪|强制PIP")) -> 分量优先|月度回顾|战略对话
A23: 22 | B23: 供应商22 | C23: =业务督导打分!I23 -> 0 | D23: =供应商管理打分!I23 -> 18 | E23: =质检打分!G23 -> 0 | F23: =SUM(C23:E23) -> 18 | G23: =RANK(F23,F2:F31,0) -> 1 | H23: =IF(G23/COUNTA(B2:B31)<=0.3,"A",IF(G23/COUNTA(B2:B31)<=0.7,"B","C")) -> A | I23: =IF(H2="A","分量优先|月度回顾|战略对话",IF(H2="B","分量稳定|双周回顾|能力提升","分量压缩|周度跟踪|强制PIP")) -> 分量优先|月度回顾|战略对话
A24: 23 | B24: 供应商23 | C24: =业务督导打分!I24 -> 0 | D24: =供应商管理打分!I24 -> 18 | E24: =质检打分!G24 -> 0 | F24: =SUM(C24:E24) -> 18 | G24: =RANK(F24,F2:F31,0) -> 1 | H24: =IF(G24/COUNTA(B2:B31)<=0.3,"A",IF(G24/COUNTA(B2:B31)<=0.7,"B","C")) -> A | I24: =IF(H2="A","分量优先|月度回顾|战略对话",IF(H2="B","分量稳定|双周回顾|能力提升","分量压缩|周度跟踪|强制PIP")) -> 分量优先|月度回顾|战略对话
A25: 24 | B25: 供应商24 | C25: =业务督导打分!I25 -> 0 | D25: =供应商管理打分!I25 -> 18 | E25: =质检打分!G25 -> 0 | F25: =SUM(C25:E25) -> 18 | G25: =RANK(F25,F2:F31,0) -> 1 | H25: =IF(G25/COUNTA(B2:B31)<=0.3,"A",IF(G25/COUNTA(B2:B31)<=0.7,"B","C")) -> A | I25: =IF(H2="A","分量优先|月度回顾|战略对话",IF(H2="B","分量稳定|双周回顾|能力提升","分量压缩|周度跟踪|强制PIP")) -> 分量优先|月度回顾|战略对话
A26: 25 | B26: 供应商25 | C26: =业务督导打分!I26 -> 0 | D26: =供应商管理打分!I26 -> 18 | E26: =质检打分!G26 -> 0 | F26: =SUM(C26:E26) -> 18 | G26: =RANK(F26,F2:F31,0) -> 1 | H26: =IF(G26/COUNTA(B2:B31)<=0.3,"A",IF(G26/COUNTA(B2:B31)<=0.7,"B","C")) -> A | I26: =IF(H2="A","分量优先|月度回顾|战略对话",IF(H2="B","分量稳定|双周回顾|能力提升","分量压缩|周度跟踪|强制PIP")) -> 分量优先|月度回顾|战略对话
A27: 26 | B27: 供应商26 | C27: =业务督导打分!I27 -> 0 | D27: =供应商管理打分!I27 -> 18 | E27: =质检打分!G27 -> 0 | F27: =SUM(C27:E27) -> 18 | G27: =RANK(F27,F2:F31,0) -> 1 | H27: =IF(G27/COUNTA(B2:B31)<=0.3,"A",IF(G27/COUNTA(B2:B31)<=0.7,"B","C")) -> A | I27: =IF(H2="A","分量优先|月度回顾|战略对话",IF(H2="B","分量稳定|双周回顾|能力提升","分量压缩|周度跟踪|强制PIP")) -> 分量优先|月度回顾|战略对话
A28: 27 | B28: 供应商27 | C28: =业务督导打分!I28 -> 0 | D28: =供应商管理打分!I28 -> 18 | E28: =质检打分!G28 -> 0 | F28: =SUM(C28:E28) -> 18 | G28: =RANK(F28,F2:F31,0) -> 1 | H28: =IF(G28/COUNTA(B2:B31)<=0.3,"A",IF(G28/COUNTA(B2:B31)<=0.7,"B","C")) -> A | I28: =IF(H2="A","分量优先|月度回顾|战略对话",IF(H2="B","分量稳定|双周回顾|能力提升","分量压缩|周度跟踪|强制PIP")) -> 分量优先|月度回顾|战略对话
A29: 28 | B29: 供应商28 | C29: =业务督导打分!I29 -> 0 | D29: =供应商管理打分!I29 -> 18 | E29: =质检打分!G29 -> 0 | F29: =SUM(C29:E29) -> 18 | G29: =RANK(F29,F2:F31,0) -> 1 | H29: =IF(G29/COUNTA(B2:B31)<=0.3,"A",IF(G29/COUNTA(B2:B31)<=0.7,"B","C")) -> A | I29: =IF(H2="A","分量优先|月度回顾|战略对话",IF(H2="B","分量稳定|双周回顾|能力提升","分量压缩|周度跟踪|强制PIP")) -> 分量优先|月度回顾|战略对话
A30: 29 | B30: 供应商29 | C30: =业务督导打分!I30 -> 0 | D30: =供应商管理打分!I30 -> 18 | E30: =质检打分!G30 -> 0 | F30: =SUM(C30:E30) -> 18 | G30: =RANK(F30,F2:F31,0) -> 1 | H30: =IF(G30/COUNTA(B2:B31)<=0.3,"A",IF(G30/COUNTA(B2:B31)<=0.7,"B","C")) -> A | I30: =IF(H2="A","分量优先|月度回顾|战略对话",IF(H2="B","分量稳定|双周回顾|能力提升","分量压缩|周度跟踪|强制PIP")) -> 分量优先|月度回顾|战略对话
A31: 30 | B31: 供应商30 | C31: =业务督导打分!I31 -> 0 | D31: =供应商管理打分!I31 -> 18 | E31: =质检打分!G31 -> 0 | F31: =SUM(C31:E31) -> 18 | G31: =RANK(F31,F2:F31,0) -> 1 | H31: =IF(G31/COUNTA(B2:B31)<=0.3,"A",IF(G31/COUNTA(B2:B31)<=0.7,"B","C")) -> A | I31: =IF(H2="A","分量优先|月度回顾|战略对话",IF(H2="B","分量稳定|双周回顾|能力提升","分量压缩|周度跟踪|强制PIP")) -> 分量优先|月度回顾|战略对话

Sheet 月度跟踪
A1: 供应商名称 | B1: M1排名 | C1: M1预警 | D1: M2排名 | E1: M2预警 | F1: M3排名 | G1: M3预警 | H1: 季度累计预警 | I1: 季度分级
A2: 供应商1 | C2: =IF(B2="","",IF(B2/30>0.7,"",IF(B2/30>0.3,"","黄色预警"))) | E2: =IF(D2="","",IF(AND(D2/30<=0.3,C2="黄色预警"),"橙色预警",IF(D2/30<=0.3,"黄色预警",""))) | G2: =IF(F2="","",IF(AND(F2/30<=0.3,E2="橙色预警"),"红色PIP",IF(AND(F2/30<=0.3,COUNTIF(C2:E2,"黄色预警")>=1),"橙色预警",IF(F2/30<=0.3,"黄色预警","")))) | H2: =IF(G2="红色PIP","红色PIP",IF(E2="橙色预警","橙色预警",IF(COUNTIF(C2:E2,"黄色预警")>=1,"黄色预警","正常"))) -> 正常 | I2: =打分总表!H2 -> A
A3: 供应商2 | C3: =IF(B3="","",IF(B3/30>0.7,"",IF(B3/30>0.3,"","黄色预警"))) | E3: =IF(D3="","",IF(AND(D3/30<=0.3,C3="黄色预警"),"橙色预警",IF(D3/30<=0.3,"黄色预警",""))) | G3: =IF(F3="","",IF(AND(F3/30<=0.3,E3="橙色预警"),"红色PIP",IF(AND(F3/30<=0.3,COUNTIF(C3:E3,"黄色预警")>=1),"橙色预警",IF(F3/30<=0.3,"黄色预警","")))) | H3: =IF(G3="红色PIP","红色PIP",IF(E3="橙色预警","橙色预警",IF(COUNTIF(C3:E3,"黄色预警")>=1,"黄色预警","正常"))) -> 正常 | I3: =打分总表!H3 -> A
A4: 供应商3 | C4: =IF(B4="","",IF(B4/30>0.7,"",IF(B4/30>0.3,"","黄色预警"))) | E4: =IF(D4="","",IF(AND(D4/30<=0.3,C4="黄色预警"),"橙色预警",IF(D4/30<=0.3,"黄色预警",""))) | G4: =IF(F4="","",IF(AND(F4/30<=0.3,E4="橙色预警"),"红色PIP",IF(AND(F4/30<=0.3,COUNTIF(C4:E4,"黄色预警")>=1),"橙色预警",IF(F4/30<=0.3,"黄色预警","")))) | H4: =IF(G4="红色PIP","红色PIP",IF(E4="橙色预警","橙色预警",IF(COUNTIF(C4:E4,"黄色预警")>=1,"黄色预警","正常"))) -> 正常 | I4: =打分总表!H4 -> A
A5: 供应商4 | C5: =IF(B5="","",IF(B5/30>0.7,"",IF(B5/30>0.3,"","黄色预警"))) | E5: =IF(D5="","",IF(AND(D5/30<=0.3,C5="黄色预警"),"橙色预警",IF(D5/30<=0.3,"黄色预警",""))) | G5: =IF(F5="","",IF(AND(F5/30<=0.3,E5="橙色预警"),"红色PIP",IF(AND(F5/30<=0.3,COUNTIF(C5:E5,"黄色预警")>=1),"橙色预警",IF(F5/30<=0.3,"黄色预警","")))) | H5: =IF(G5="红色PIP","红色PIP",IF(E5="橙色预警","橙色预警",IF(COUNTIF(C5:E5,"黄色预警")>=1,"黄色预警","正常"))) -> 正常 | I5: =打分总表!H5 -> A
A6: 供应商5 | C6: =IF(B6="","",IF(B6/30>0.7,"",IF(B6/30>0.3,"","黄色预警"))) | E6: =IF(D6="","",IF(AND(D6/30<=0.3,C6="黄色预警"),"橙色预警",IF(D6/30<=0.3,"黄色预警",""))) | G6: =IF(F6="","",IF(AND(F6/30<=0.3,E6="橙色预警"),"红色PIP",IF(AND(F6/30<=0.3,COUNTIF(C6:E6,"黄色预警")>=1),"橙色预警",IF(F6/30<=0.3,"黄色预警","")))) | H6: =IF(G6="红色PIP","红色PIP",IF(E6="橙色预警","橙色预警",IF(COUNTIF(C6:E6,"黄色预警")>=1,"黄色预警","正常"))) -> 正常 | I6: =打分总表!H6 -> A
A7: 供应商6 | C7: =IF(B7="","",IF(B7/30>0.7,"",IF(B7/30>0.3,"","黄色预警"))) | E7: =IF(D7="","",IF(AND(D7/30<=0.3,C7="黄色预警"),"橙色预警",IF(D7/30<=0.3,"黄色预警",""))) | G7: =IF(F7="","",IF(AND(F7/30<=0.3,E7="橙色预警"),"红色PIP",IF(AND(F7/30<=0.3,COUNTIF(C7:E7,"黄色预警")>=1),"橙色预警",IF(F7/30<=0.3,"黄色预警","")))) | H7: =IF(G7="红色PIP","红色PIP",IF(E7="橙色预警","橙色预警",IF(COUNTIF(C7:E7,"黄色预警")>=1,"黄色预警","正常"))) -> 正常 | I7: =打分总表!H7 -> A
A8: 供应商7 | C8: =IF(B8="","",IF(B8/30>0.7,"",IF(B8/30>0.3,"","黄色预警"))) | E8: =IF(D8="","",IF(AND(D8/30<=0.3,C8="黄色预警"),"橙色预警",IF(D8/30<=0.3,"黄色预警",""))) | G8: =IF(F8="","",IF(AND(F8/30<=0.3,E8="橙色预警"),"红色PIP",IF(AND(F8/30<=0.3,COUNTIF(C8:E8,"黄色预警")>=1),"橙色预警",IF(F8/30<=0.3,"黄色预警","")))) | H8: =IF(G8="红色PIP","红色PIP",IF(E8="橙色预警","橙色预警",IF(COUNTIF(C8:E8,"黄色预警")>=1,"黄色预警","正常"))) -> 正常 | I8: =打分总表!H8 -> A
A9: 供应商8 | C9: =IF(B9="","",IF(B9/30>0.7,"",IF(B9/30>0.3,"","黄色预警"))) | E9: =IF(D9="","",IF(AND(D9/30<=0.3,C9="黄色预警"),"橙色预警",IF(D9/30<=0.3,"黄色预警",""))) | G9: =IF(F9="","",IF(AND(F9/30<=0.3,E9="橙色预警"),"红色PIP",IF(AND(F9/30<=0.3,COUNTIF(C9:E9,"黄色预警")>=1),"橙色预警",IF(F9/30<=0.3,"黄色预警","")))) | H9: =IF(G9="红色PIP","红色PIP",IF(E9="橙色预警","橙色预警",IF(COUNTIF(C9:E9,"黄色预警")>=1,"黄色预警","正常"))) -> 正常 | I9: =打分总表!H9 -> A
A10: 供应商9 | C10: =IF(B10="","",IF(B10/30>0.7,"",IF(B10/30>0.3,"","黄色预警"))) | E10: =IF(D10="","",IF(AND(D10/30<=0.3,C10="黄色预警"),"橙色预警",IF(D10/30<=0.3,"黄色预警",""))) | G10: =IF(F10="","",IF(AND(F10/30<=0.3,E10="橙色预警"),"红色PIP",IF(AND(F10/30<=0.3,COUNTIF(C10:E10,"黄色预警")>=1),"橙色预警",IF(F10/30<=0.3,"黄色预警","")))) | H10: =IF(G10="红色PIP","红色PIP",IF(E10="橙色预警","橙色预警",IF(COUNTIF(C10:E10,"黄色预警")>=1,"黄色预警","正常"))) -> 正常 | I10: =打分总表!H10 -> A
A11: 供应商10 | C11: =IF(B11="","",IF(B11/30>0.7,"",IF(B11/30>0.3,"","黄色预警"))) | E11: =IF(D11="","",IF(AND(D11/30<=0.3,C11="黄色预警"),"橙色预警",IF(D11/30<=0.3,"黄色预警",""))) | G11: =IF(F11="","",IF(AND(F11/30<=0.3,E11="橙色预警"),"红色PIP",IF(AND(F11/30<=0.3,COUNTIF(C11:E11,"黄色预警")>=1),"橙色预警",IF(F11/30<=0.3,"黄色预警","")))) | H11: =IF(G11="红色PIP","红色PIP",IF(E11="橙色预警","橙色预警",IF(COUNTIF(C11:E11,"黄色预警")>=1,"黄色预警","正常"))) -> 正常 | I11: =打分总表!H11 -> A
A12: 供应商11 | C12: =IF(B12="","",IF(B12/30>0.7,"",IF(B12/30>0.3,"","黄色预警"))) | E12: =IF(D12="","",IF(AND(D12/30<=0.3,C12="黄色预警"),"橙色预警",IF(D12/30<=0.3,"黄色预警",""))) | G12: =IF(F12="","",IF(AND(F12/30<=0.3,E12="橙色预警"),"红色PIP",IF(AND(F12/30<=0.3,COUNTIF(C12:E12,"黄色预警")>=1),"橙色预警",IF(F12/30<=0.3,"黄色预警","")))) | H12: =IF(G12="红色PIP","红色PIP",IF(E12="橙色预警","橙色预警",IF(COUNTIF(C12:E12,"黄色预警")>=1,"黄色预警","正常"))) -> 正常 | I12: =打分总表!H12 -> A
A13: 供应商12 | C13: =IF(B13="","",IF(B13/30>0.7,"",IF(B13/30>0.3,"","黄色预警"))) | E13: =IF(D13="","",IF(AND(D13/30<=0.3,C13="黄色预警"),"橙色预警",IF(D13/30<=0.3,"黄色预警",""))) | G13: =IF(F13="","",IF(AND(F13/30<=0.3,E13="橙色预警"),"红色PIP",IF(AND(F13/30<=0.3,COUNTIF(C13:E13,"黄色预警")>=1),"橙色预警",IF(F13/30<=0.3,"黄色预警","")))) | H13: =IF(G13="红色PIP","红色PIP",IF(E13="橙色预警","橙色预警",IF(COUNTIF(C13:E13,"黄色预警")>=1,"黄色预警","正常"))) -> 正常 | I13: =打分总表!H13 -> A
... A31: 供应商30 | C31: =IF(B31="","",IF(B31/30>0.7,"",IF(B31/30>0.3,"","黄色预警"))) | E31: =IF(D31="","",IF(AND(D31/30<=0.3,C31="黄色预警"),"橙色预警",IF(D31/30<=0.3,"黄色预警",""))) | G31: =IF(F31="","",IF(AND(F31/30<=0.3,E31="橙色预警"),"红色PIP",IF(AND(F31/30<=0.3,COUNTIF(C31:E31,"黄色预警")>=1),"橙色预警",IF(F31/30<=0.3,"黄色预警","")))) | H31: =IF(G31="红色PIP","红色PIP",IF(E31="橙色预警","橙色预警",IF(COUNTIF(C31:E31,"黄色预警")>=1,"黄色预警","正常"))) -> 正常 | I31: =打分总表!H31 -> A
A35: 月度介入管理说明
A36: 预警级别 | B36: 触发条件 | C36: 管理动作 | D36: 交付物
A37: 黄色预警 | B37: 单月赛马排名后30% | C37: 发数据诊断报告+电话沟通+口头提醒 | D37: 预警通知（微信/邮件）
A38: 橙色预警 | B38: 连续2月后30% | C38: 正式约谈+要求改善计划+双周跟踪+暂停新项目 | D38: 约谈纪要+改善计划
A39: 红色PIP | B39: 连续3月后30%（=季度C级） | C39: 按PIP流程执行（30天） | D39: PIP全套文档
A40: 退出 | B40: 连续4月后30%（PIP不通过） | C40: 启动退出流程 | D40: 退出通知书

Sheet 业务督导打分
A1: 序号 | B1: 供应商名称 | C1: 目标达成率(15分) | D1: 业绩贡献占比(10分) | E1: 转化效率指数(10分) | F1: 月度增长趋势(10分) | G1: 人力稳定贡献(8分) | H1: 有效人力占比(7分) | I1: 合计
A2: 1 | B2: 供应商1 | C2: 0 | D2: 0 | E2: 0 | F2: 0 | G2: 0 | H2: 0 | I2: =SUM(C2:H2) -> 0
A3: 2 | B3: 供应商2 | C3: 0 | D3: 0 | E3: 0 | F3: 0 | G3: 0 | H3: 0 | I3: =SUM(C3:H3) -> 0
A4: 3 | B4: 供应商3 | C4: 0 | D4: 0 | E4: 0 | F4: 0 | G4: 0 | H4: 0 | I4: =SUM(C4:H4) -> 0
A5: 4 | B5: 供应商4 | C5: 0 | D5: 0 | E5: 0 | F5: 0 | G5: 0 | H5: 0 | I5: =SUM(C5:H5) -> 0
A6: 5 | B6: 供应商5 | C6: 0 | D6: 0 | E6: 0 | F6: 0 | G6: 0 | H6: 0 | I6: =SUM(C6:H6) -> 0
A7: 6 | B7: 供应商6 | C7: 0 | D7: 0 | E7: 0 | F7: 0 | G7: 0 | H7: 0 | I7: =SUM(C7:H7) -> 0
A8: 7 | B8: 供应商7 | C8: 0 | D8: 0 | E8: 0 | F8: 0 | G8: 0 | H8: 0 | I8: =SUM(C8:H8) -> 0
A9: 8 | B9: 供应商8 | C9: 0 | D9: 0 | E9: 0 | F9: 0 | G9: 0 | H9: 0 | I9: =SUM(C9:H9) -> 0
A10: 9 | B10: 供应商9 | C10: 0 | D10: 0 | E10: 0 | F10: 0 | G10: 0 | H10: 0 | I10: =SUM(C10:H10) -> 0
A11: 10 | B11: 供应商10 | C11: 0 | D11: 0 | E11: 0 | F11: 0 | G11: 0 | H11: 0 | I11: =SUM(C11:H11) -> 0
A12: 11 | B12: 供应商11 | C12: 0 | D12: 0 | E12: 0 | F12: 0 | G12: 0 | H12: 0 | I12: =SUM(C12:H12) -> 0
A13: 12 | B13: 供应商12 | C13: 0 | D13: 0 | E13: 0 | F13: 0 | G13: 0 | H13: 0 | I13: =SUM(C13:H13) -> 0
... A31: 30 | B31: 供应商30 | C31: 0 | D31: 0 | E31: 0 | F31: 0 | G31: 0 | H31: 0 | I31: =SUM(C31:H31) -> 0
A34: 评分标准参考
A35: 细项 | B35: 满分条件 | C35: 及格条件 | D35: 零分条件
A36: 季度目标达成率(15分) | B36: 达成率≥100% | C36: 85%≤达成率<100%（线性插值） | D36: 达成率<85%
A37: 季度业绩贡献占比(10分) | B37: 人均产出≥均值110% | C37: 90%≤人均产出<110%（线性插值） | D37: 人均产出<90%
A38: 转化效率指数(10分) | B38: 转化率达均值110%以上 | C38: 95%≤指数<110%（线性插值） | D38: 指数<95%
A39: 月度业绩增长趋势(10分) | B39: 月均增长率≥5% | C39: -2%≤增长<5%（线性插值） | D39: 月均增长率<-2%
A40: 季度人力稳定贡献(8分) | B40: 稳定人力留存率≥90% | C40: 75%≤留存率<90%（线性插值） | D40: 留存率<75%
A41: 有效人力占比(7分) | B41: 有效占比≥95% | C41: 85%≤有效占比<95%（线性插值） | D41: 有效占比<85%

Sheet 供应商管理打分
A1: 序号 | B1: 供应商名称 | C1: 配合意愿(6分) | D1: 管理团队(5分) | E1: 招聘培训(5分) | F1: 合规风险(5分) | G1: 资源稳定(5分) | H1: 创新改进(4分) | I1: 合计
A2: 1 | B2: 供应商1 | C2: 3 | D2: 3 | E2: 3 | F2: 3 | G2: 3 | H2: 3 | I2: =C2/5*6+D2/5*5+E2/5*5+F2/5*5+G2/5*5+H2/5*4 -> 18
A3: 2 | B3: 供应商2 | C3: 3 | D3: 3 | E3: 3 | F3: 3 | G3: 3 | H3: 3 | I3: =C3/5*6+D3/5*5+E3/5*5+F3/5*5+G3/5*5+H3/5*4 -> 18
A4: 3 | B4: 供应商3 | C4: 3 | D4: 3 | E4: 3 | F4: 3 | G4: 3 | H4: 3 | I4: =C4/5*6+D4/5*5+E4/5*5+F4/5*5+G4/5*5+H4/5*4 -> 18
A5: 4 | B5: 供应商4 | C5: 3 | D5: 3 | E5: 3 | F5: 3 | G5: 3 | H5: 3 | I5: =C5/5*6+D5/5*5+E5/5*5+F5/5*5+G5/5*5+H5/5*4 -> 18
A6: 5 | B6: 供应商5 | C6: 3 | D6: 3 | E6: 3 | F6: 3 | G6: 3 | H6: 3 | I6: =C6/5*6+D6/5*5+E6/5*5+F6/5*5+G6/5*5+H6/5*4 -> 18
A7: 6 | B7: 供应商6 | C7: 3 | D7: 3 | E7: 3 | F7: 3 | G7: 3 | H7: 3 | I7: =C7/5*6+D7/5*5+E7/5*5+F7/5*5+G7/5*5+H7/5*4 -> 18
A8: 7 | B8: 供应商7 | C8: 3 | D8: 3 | E8: 3 | F8: 3 | G8: 3 | H8: 3 | I8: =C8/5*6+D8/5*5+E8/5*5+F8/5*5+G8/5*5+H8/5*4 -> 18
A9: 8 | B9: 供应商8 | C9: 3 | D9: 3 | E9: 3 | F9: 3 | G9: 3 | H9: 3 | I9: =C9/5*6+D9/5*5+E9/5*5+F9/5*5+G9/5*5+H9/5*4 -> 18
A10: 9 | B10: 供应商9 | C10: 3 | D10: 3 | E10: 3 | F10: 3 | G10: 3 | H10: 3 | I10: =C10/5*6+D10/5*5+E10/5*5+F10/5*5+G10/5*5+H10/5*4 -> 18
A11: 10 | B11: 供应商10 | C11: 3 | D11: 3 | E11: 3 | F11: 3 | G11: 3 | H11: 3 | I11: =C11/5*6+D11/5*5+E11/5*5+F11/5*5+G11/5*5+H11/5*4 -> 18
A12: 11 | B12: 供应商11 | C12: 3 | D12: 3 | E12: 3 | F12: 3 | G12: 3 | H12: 3 | I12: =C12/5*6+D12/5*5+E12/5*5+F12/5*5+G12/5*5+H12/5*4 -> 18
A13: 12 | B13: 供应商12 | C13: 3 | D13: 3 | E13: 3 | F13: 3 | G13: 3 | H13: 3 | I13: =C13/5*6+D13/5*5+E13/5*5+F13/5*5+G13/5*5+H13/5*4 -> 18
... A31: 30 | B31: 供应商30 | C31: 3 | D31: 3 | E31: 3 | F31: 3 | G31: 3 | H31: 3 | I31: =C31/5*6+D31/5*5+E31/5*5+F31/5*5+G31/5*5+H31/5*4 -> 18
A34: 5分制评估标准
A35: 评分 | B35: 标准定义
A36: 5分-优秀 | B36: 超出预期，行业标杆水平，可作最佳实践推广
A37: 4分-良好 | B37: 达到并部分超出要求，表现稳定可靠
A38: 3分-合格 | B38: 满足基本要求，无重大问题，有提升空间
A39: 2分-需改进 | B39: 未达基本要求，存在明显不足，需要辅导
A40: 1分-差 | B40: 严重不达标，存在重大风险，需立即整改
A42: 细项 | B42: 5分标准
A43: 配合意愿(6分) | B43: 需求2h内响应，24h出方案，主动跟进，季度零推诿
A44: 管理团队(5分) | B44: 驻场经理经验丰富，独立解决问题，管理例会高质量
A45: 招聘培训(5分) | B45: 满编率≥95%，新人7天达标率≥85%，有多元招聘渠道
A46: 合规风险(5分) | B46: 季度零合规事故，主动识别上报风险，合规100%
A47: 资源稳定(5分) | B47: 资源充足，核心团队年度流失<10%，产能波动<5%
A48: 创新改进(4分) | B48: 季度≥3条优化建议被采纳，积极参与试点项目

Sheet 质检打分
A1: 序号 | B1: 供应商名称 | C1: 质检合格率(4分) | D1: 合规违规次数(3分) | E1: 客户投诉率(2分) | F1: 话术规范执行率(1分) | G1: 合计
A2: 1 | B2: 供应商1 | C2: 0 | D2: 0 | E2: 0 | F2: 0 | G2: =SUM(C2:F2) -> 0
A3: 2 | B3: 供应商2 | C3: 0 | D3: 0 | E3: 0 | F3: 0 | G3: =SUM(C3:F3) -> 0
A4: 3 | B4: 供应商3 | C4: 0 | D4: 0 | E4: 0 | F4: 0 | G4: =SUM(C4:F4) -> 0
A5: 4 | B5: 供应商4 | C5: 0 | D5: 0 | E5: 0 | F5: 0 | G5: =SUM(C5:F5) -> 0
A6: 5 | B6: 供应商5 | C6: 0 | D6: 0 | E6: 0 | F6: 0 | G6: =SUM(C6:F6) -> 0
A7: 6 | B7: 供应商6 | C7: 0 | D7: 0 | E7: 0 | F7: 0 | G7: =SUM(C7:F7) -> 0
A8: 7 | B8: 供应商7 | C8: 0 | D8: 0 | E8: 0 | F8: 0 | G8: =SUM(C8:F8) -> 0
A9: 8 | B9: 供应商8 | C9: 0 | D9: 0 | E9: 0 | F9: 0 | G9: =SUM(C9:F9) -> 0
A10: 9 | B10: 供应商9 | C10: 0 | D10: 0 | E10: 0 | F10: 0 | G10: =SUM(C10:F10) -> 0
A11: 10 | B11: 供应商10 | C11: 0 | D11: 0 | E11: 0 | F11: 0 | G11: =SUM(C11:F11) -> 0
A12: 11 | B12: 供应商11 | C12: 0 | D12: 0 | E12: 0 | F12: 0 | G12: =SUM(C12:F12) -> 0
A13: 12 | B13: 供应商12 | C13: 0 | D13: 0 | E13: 0 | F13: 0 | G13: =SUM(C13:F13) -> 0
... A31: 30 | B31: 供应商30 | C31: 0 | D31: 0 | E31: 0 | F31: 0 | G31: =SUM(C31:F31) -> 0
A34: 质检评分标准
A35: 细项 | B35: 满分 | C35: 评分规则
A36: 质检合格率(4分) | B36: 4分 | C36: 合格率≥95%满分；90%-95%每低1%扣0.4分；85%-90%每低1%扣0.8分；<85%零分
A37: 合规违规次数(3分) | B37: 3分 | C37: 零A类且B类≤2次满分；零A类B类3-5次每多1次扣0.5分；出现A类违规直接零分
A38: 客户投诉率(2分) | B38: 2分 | C38: ≤3/万满分；3-8/万每高1/万扣0.3分；>8/万零分
A39: 话术规范执行率(1分) | B39: 1分 | C39: ≥95%满分；85%-95%每低2%扣0.1分；<85%零分

Sheet 分级结果与管理动作
A1: 序号 | B1: 供应商名称 | C1: 总分 | D1: 排名 | E1: 分级 | F1: 管理动作
A2: 1 | B2: =打分总表!B2 -> 供应商1 | C2: =打分总表!F2 -> 18 | D2: =打分总表!G2 -> 1 | E2: =打分总表!H2 -> A | F2: =IF(E2="A","分量优先倾斜|月度经营回顾|季度战略对话|新项目优先准入|质检频次50%",IF(E2="B","分量维持稳定|双周运营回顾|针对性辅导|季度能力提升计划|风险预警","分量压缩至15%以下|周度改善会|强制PIP|质检频次翻倍|负责人约谈")) -> 分量优先倾斜|月度经营回顾|季度战略对话|新项目优先准入|质检频次50%
A3: 2 | B3: =打分总表!B3 -> 供应商2 | C3: =打分总表!F3 -> 18 | D3: =打分总表!G3 -> 1 | E3: =打分总表!H3 -> A | F3: =IF(E3="A","分量优先倾斜|月度经营回顾|季度战略对话|新项目优先准入|质检频次50%",IF(E3="B","分量维持稳定|双周运营回顾|针对性辅导|季度能力提升计划|风险预警","分量压缩至15%以下|周度改善会|强制PIP|质检频次翻倍|负责人约谈")) -> 分量优先倾斜|月度经营回顾|季度战略对话|新项目优先准入|质检频次50%
A4: 3 | B4: =打分总表!B4 -> 供应商3 | C4: =打分总表!F4 -> 18 | D4: =打分总表!G4 -> 1 | E4: =打分总表!H4 -> A | F4: =IF(E4="A","分量优先倾斜|月度经营回顾|季度战略对话|新项目优先准入|质检频次50%",IF(E4="B","分量维持稳定|双周运营回顾|针对性辅导|季度能力提升计划|风险预警","分量压缩至15%以下|周度改善会|强制PIP|质检频次翻倍|负责人约谈")) -> 分量优先倾斜|月度经营回顾|季度战略对话|新项目优先准入|质检频次50%
A5: 4 | B5: =打分总表!B5 -> 供应商4 | C5: =打分总表!F5 -> 18 | D5: =打分总表!G5 -> 1 | E5: =打分总表!H5 -> A | F5: =IF(E5="A","分量优先倾斜|月度经营回顾|季度战略对话|新项目优先准入|质检频次50%",IF(E5="B","分量维持稳定|双周运营回顾|针对性辅导|季度能力提升计划|风险预警","分量压缩至15%以下|周度改善会|强制PIP|质检频次翻倍|负责人约谈")) -> 分量优先倾斜|月度经营回顾|季度战略对话|新项目优先准入|质检频次50%
A6: 5 | B6: =打分总表!B6 -> 供应商5 | C6: =打分总表!F6 -> 18 | D6: =打分总表!G6 -> 1 | E6: =打分总表!H6 -> A | F6: =IF(E6="A","分量优先倾斜|月度经营回顾|季度战略对话|新项目优先准入|质检频次50%",IF(E6="B","分量维持稳定|双周运营回顾|针对性辅导|季度能力提升计划|风险预警","分量压缩至15%以下|周度改善会|强制PIP|质检频次翻倍|负责人约谈")) -> 分量优先倾斜|月度经营回顾|季度战略对话|新项目优先准入|质检频次50%
A7: 6 | B7: =打分总表!B7 -> 供应商6 | C7: =打分总表!F7 -> 18 | D7: =打分总表!G7 -> 1 | E7: =打分总表!H7 -> A | F7: =IF(E7="A","分量优先倾斜|月度经营回顾|季度战略对话|新项目优先准入|质检频次50%",IF(E7="B","分量维持稳定|双周运营回顾|针对性辅导|季度能力提升计划|风险预警","分量压缩至15%以下|周度改善会|强制PIP|质检频次翻倍|负责人约谈")) -> 分量优先倾斜|月度经营回顾|季度战略对话|新项目优先准入|质检频次50%
A8: 7 | B8: =打分总表!B8 -> 供应商7 | C8: =打分总表!F8 -> 18 | D8: =打分总表!G8 -> 1 | E8: =打分总表!H8 -> A | F8: =IF(E8="A","分量优先倾斜|月度经营回顾|季度战略对话|新项目优先准入|质检频次50%",IF(E8="B","分量维持稳定|双周运营回顾|针对性辅导|季度能力提升计划|风险预警","分量压缩至15%以下|周度改善会|强制PIP|质检频次翻倍|负责人约谈")) -> 分量优先倾斜|月度经营回顾|季度战略对话|新项目优先准入|质检频次50%
A9: 8 | B9: =打分总表!B9 -> 供应商8 | C9: =打分总表!F9 -> 18 | D9: =打分总表!G9 -> 1 | E9: =打分总表!H9 -> A | F9: =IF(E9="A","分量优先倾斜|月度经营回顾|季度战略对话|新项目优先准入|质检频次50%",IF(E9="B","分量维持稳定|双周运营回顾|针对性辅导|季度能力提升计划|风险预警","分量压缩至15%以下|周度改善会|强制PIP|质检频次翻倍|负责人约谈")) -> 分量优先倾斜|月度经营回顾|季度战略对话|新项目优先准入|质检频次50%
A10: 9 | B10: =打分总表!B10 -> 供应商9 | C10: =打分总表!F10 -> 18 | D10: =打分总表!G10 -> 1 | E10: =打分总表!H10 -> A | F10: =IF(E10="A","分量优先倾斜|月度经营回顾|季度战略对话|新项目优先准入|质检频次50%",IF(E10="B","分量维持稳定|双周运营回顾|针对性辅导|季度能力提升计划|风险预警","分量压缩至15%以下|周度改善会|强制PIP|质检频次翻倍|负责人约谈")) -> 分量优先倾斜|月度经营回顾|季度战略对话|新项目优先准入|质检频次50%
A11: 10 | B11: =打分总表!B11 -> 供应商10 | C11: =打分总表!F11 -> 18 | D11: =打分总表!G11 -> 1 | E11: =打分总表!H11 -> A | F11: =IF(E11="A","分量优先倾斜|月度经营回顾|季度战略对话|新项目优先准入|质检频次50%",IF(E11="B","分量维持稳定|双周运营回顾|针对性辅导|季度能力提升计划|风险预警","分量压缩至15%以下|周度改善会|强制PIP|质检频次翻倍|负责人约谈")) -> 分量优先倾斜|月度经营回顾|季度战略对话|新项目优先准入|质检频次50%
A12: 11 | B12: =打分总表!B12 -> 供应商11 | C12: =打分总表!F12 -> 18 | D12: =打分总表!G12 -> 1 | E12: =打分总表!H12 -> A | F12: =IF(E12="A","分量优先倾斜|月度经营回顾|季度战略对话|新项目优先准入|质检频次50%",IF(E12="B","分量维持稳定|双周运营回顾|针对性辅导|季度能力提升计划|风险预警","分量压缩至15%以下|周度改善会|强制PIP|质检频次翻倍|负责人约谈")) -> 分量优先倾斜|月度经营回顾|季度战略对话|新项目优先准入|质检频次50%
A13: 12 | B13: =打分总表!B13 -> 供应商12 | C13: =打分总表!F13 -> 18 | D13: =打分总表!G13 -> 1 | E13: =打分总表!H13 -> A | F13: =IF(E13="A","分量优先倾斜|月度经营回顾|季度战略对话|新项目优先准入|质检频次50%",IF(E13="B","分量维持稳定|双周运营回顾|针对性辅导|季度能力提升计划|风险预警","分量压缩至15%以下|周度改善会|强制PIP|质检频次翻倍|负责人约谈")) -> 分量优先倾斜|月度经营回顾|季度战略对话|新项目优先准入|质检频次50%
... A31: 30 | B31: =打分总表!B31 -> 供应商30 | C31: =打分总表!F31 -> 18 | D31: =打分总表!G31 -> 1 | E31: =打分总表!H31 -> A | F31: =IF(E31="A","分量优先倾斜|月度经营回顾|季度战略对话|新项目优先准入|质检频次50%",IF(E31="B","分量维持稳定|双周运营回顾|针对性辅导|季度能力提升计划|风险预警","分量压缩至15%以下|周度改善会|强制PIP|质检频次翻倍|负责人约谈")) -> 分量优先倾斜|月度经营回顾|季度战略对话|新项目优先准入|质检频次50%
