Workbook

Sheet 说明首页
B1: 金条坐席SABC评级 · 数据口径与评级标准
B3: 数据截止日期 | C3: 2026-04-19 | D3: ← 更新数据时同步修改此单元格
B5: 一、数据口径
B6: 数据范围 | C6: 近30个自然日，截止日期见C3参数单元格
B7: 数据来源 | C7: CRM系统导出，每日T-1更新
B8: 底表结构 | C8: A-W列(23列)为原始数据（含首贷T0/复贷T0/总GMV），X列起为辅助公式列
B9: 更新方式 | C9: 粘贴新A-W列数据覆盖明细表，所有公式、参评判定、得分与汇总表自动重算
B10: 首贷/复贷 | C10: 由坐席类型字段(A列)直接判定，首贷和复贷分池独立评级
B11: 有效通话阈值 | C11: 单通通话时长≥30秒计为有效接通
B12: 转化率分母 | C12: 首贷转化率 = 首贷用户数(P列) ÷ 接通用户数(J列)；后续"名单下发数"字段到位后，改用该字段替换J作为分母
B13: 日均有效通时 | C13: 日均有效通时 = 近30天累计有效通时(N列，秒) ÷ 外呼天数(O列，日通时>30分钟天数) ÷ 60；单位"分钟/天"，反映在岗日的实际工作投入
B14: 二、参评条件
B15: 条件① 活跃度 | C15: 最近一次有效外呼距截止日不超过7天
B16: 条件② 出勤量 | C16: 近30天有效外呼天数(通话时长>30分钟)≥22天
B17: 参评判定 | C17: 同时满足①②标记为"是"，参与评级；否则标记"非参评"，不参与排名
B19: 三、评级权重
B20: 维度 | C20: 首贷权重 | D20: 复贷权重 | E20: 类型
B21: 个人转化率 / GMV | C21: 45% | D21: 35% | E21: 结果指标（核心）
B22: T0 GMV（当日发放） | C22: 20% | D22: 15% | E22: 结果指标·抗躺单
B23: 件均金额 | C23: — | D23: 15% | E23: 结果指标
B24: 个人ATT | C24: 15% | D24: 10% | E24: 过程指标·沟通深度
B25: 日均有效通时(分钟) | C25: 20% | D25: 25% | E25: 过程指标·工作投入
B26: 结果指标:过程指标 | C26: 65 : 35 | D26: 65 : 35
B27: 四、分级标准（百分位排名制 + S底线门槛）
B28: 等级 | C28: 排名范围 | D28: 底线门槛 | E28: 管理动作
B29: S | C29: 综合得分Top 20% | D29: 且核心结果指标>参评池中位值（首贷=个人转化率 / 复贷=个人GMV） | E29: 名单优先+话术萃取；不达底线降A，名额不递补
B30: A | C30: Top 20%-50% | D30: 无 | E30: 正常管理+常规培训
B31: B | C31: Top 50%-80% | D31: 无 | E31: 组长定向辅导+通关考核
B32: C | C32: Bottom 20% | D32: 无 | E32: 暂停优质名单+14天改善期
B34: 五、流失与预警定义
B35: 指标 | C35: 定义 | D35: 分母 | E35: 用途
B36: 有效在岗 | C36: 近30天外呼天数≥20天 | D36: — | E36: 司龄统计分母
B37: 流失（确认） | C37: 最近有效外呼距截止日>7天 | D37: 有效在岗人数 | E37: 已确认流失
B38: 预警（早期） | C38: 最近有效外呼距截止日≥3天 | D38: 有效在岗人数 | E38: 早期预警
B39: 司龄分段 | C39: MOB1-(<30天) | MOB1-3(30-89) | MOB3-6(90-179) | MOB6-12(180-364) | MOB12+(≥365) | D39: 基于210客户池在职天数
B41: 六、汇总表口径
B42: SABC占比 | C42: 各职场该等级人数 ÷ 全大盘参评总人数（非职场内部占比）
B43: 均值指标 | C43: ATT / 转化率 / GMV / 件均 / T0 GMV / 日均有效通时 均仅对参评坐席求均值
B44: 得分计算 | C44: 百分位排名仅在参评人中做排名，非参评不进入排名池
B45: 职场范围 | C45: 剔除赛维斯机器人、零犀伽玛机器人（纯机器人职场）
B46: ★ V3变更 | C46: ①新增T0 GMV维度（当日发放）抗"躺单/虚挂"；②过程指标由"日均拨打量"改为"日均有效通时 = N/O/60"，反映实质工作投入且难刷量；③ATT权重下调（首贷25%→15%、复贷20%→10%），因通时已内含ATT信号避免双计；④首贷权重：转化率45% + T0GMV20% + ATT15% + 通时20% = 100%；复贷权重：GMV35% + T0GMV15% + 件均15% + ATT10% + 通时25% = 100%
B47: ⚠️ 待补充
B48: 名单下发数 | C48: 首贷转化率分母暂用接通用户数，后续名单数据到位后替换
B49: 质检合规 | C49: 暂不纳入评级，10%权重按比例分配至其他维度
B50: 截止日自动 | C50: C3截止日已按最新一次外呼时间自动刷新；重跑时若明细中出现更晚的外呼日期，需手动更新C3

Sheet 首贷统计总览
A1: 首贷坐席SABC分级统计
A2: S=Top20%+底线 | 占比=该职场÷大盘总参评人数
A4: 职场 | B4: S级 | C4: A级 | D4: B级 | E4: C级 | F4: 参评人数 | G4: S占比 | H4: A占比 | I4: B占比 | J4: C占比 | K4: ATT均值(秒) | L4: 转化率均值% | M4: 首贷件均(元) | N4: 日均通时(分钟) | O4: 总人数 | P4: 超7天未上线 | Q4: 外呼天数不足22天
A5: 人和职场 | B5: =COUNTIFS(首贷评级明细!$B:$B,"*"&A5&"*",首贷评级明细!$AM:$AM,"S") -> 4 | C5: =COUNTIFS(首贷评级明细!$B:$B,"*"&A5&"*",首贷评级明细!$AM:$AM,"A") -> 4 | D5: =COUNTIFS(首贷评级明细!$B:$B,"*"&A5&"*",首贷评级明细!$AM:$AM,"B") -> 4 | E5: =COUNTIFS(首贷评级明细!$B:$B,"*"&A5&"*",首贷评级明细!$AM:$AM,"C") -> 0 | F5: =SUM(B5:E5) -> 12 | G5: =IF($F$17>0,B5/$F$17,0) -> 0.0075329567 | H5: =IF($F$17>0,C5/$F$17,0) -> 0.0075329567 | I5: =IF($F$17>0,D5/$F$17,0) -> 0.0075329567 | J5: =IF($F$17>0,E5/$F$17,0) -> 0 | K5: =IFERROR(AVERAGEIFS(首贷评级明细!$AB:$AB,首贷评级明细!$B:$B,"*"&A5&"*",首贷评级明细!$Z:$Z,"是"),0) -> 92.011108 | L5: =IFERROR(AVERAGEIFS(首贷评级明细!$AC:$AC,首贷评级明细!$B:$B,"*"&A5&"*",首贷评级明细!$Z:$Z,"是"),0) -> 1.1881661 | M5: =IFERROR(AVERAGEIFS(首贷评级明细!$AD:$AD,首贷评级明细!$B:$B,"*"&A5&"*",首贷评级明细!$Z:$Z,"是"),0) -> 34922.906 | N5: =IFERROR(AVERAGEIFS(首贷评级明细!$AF:$AF,首贷评级明细!$B:$B,"*"&A5&"*",首贷评级明细!$Z:$Z,"是"),0) -> 107.9788 | O5: =COUNTIF(首贷评级明细!$B:$B,"*"&A5&"*") -> 20 | P5: =COUNTIFS(首贷评级明细!$B:$B,"*"&A5&"*",首贷评级明细!$X:$X,"是") -> 0 | Q5: =COUNTIFS(首贷评级明细!$B:$B,"*"&A5&"*",首贷评级明细!$Y:$Y,"是") -> 8
A6: 伽玛职场 | B6: =COUNTIFS(首贷评级明细!$B:$B,"*"&A6&"*",首贷评级明细!$AM:$AM,"S") -> 5 | C6: =COUNTIFS(首贷评级明细!$B:$B,"*"&A6&"*",首贷评级明细!$AM:$AM,"A") -> 13 | D6: =COUNTIFS(首贷评级明细!$B:$B,"*"&A6&"*",首贷评级明细!$AM:$AM,"B") -> 16 | E6: =COUNTIFS(首贷评级明细!$B:$B,"*"&A6&"*",首贷评级明细!$AM:$AM,"C") -> 22 | F6: =SUM(B6:E6) -> 56 | G6: =IF($F$17>0,B6/$F$17,0) -> 0.0094161959 | H6: =IF($F$17>0,C6/$F$17,0) -> 0.024482109 | I6: =IF($F$17>0,D6/$F$17,0) -> 0.030131827 | J6: =IF($F$17>0,E6/$F$17,0) -> 0.041431262 | K6: =IFERROR(AVERAGEIFS(首贷评级明细!$AB:$AB,首贷评级明细!$B:$B,"*"&A6&"*",首贷评级明细!$Z:$Z,"是"),0) -> 86.097238 | L6: =IFERROR(AVERAGEIFS(首贷评级明细!$AC:$AC,首贷评级明细!$B:$B,"*"&A6&"*",首贷评级明细!$Z:$Z,"是"),0) -> 0.85301926 | M6: =IFERROR(AVERAGEIFS(首贷评级明细!$AD:$AD,首贷评级明细!$B:$B,"*"&A6&"*",首贷评级明细!$Z:$Z,"是"),0) -> 33611.354 | N6: =IFERROR(AVERAGEIFS(首贷评级明细!$AF:$AF,首贷评级明细!$B:$B,"*"&A6&"*",首贷评级明细!$Z:$Z,"是"),0) -> 109.99915 | O6: =COUNTIF(首贷评级明细!$B:$B,"*"&A6&"*") -> 120 | P6: =COUNTIFS(首贷评级明细!$B:$B,"*"&A6&"*",首贷评级明细!$X:$X,"是") -> 1 | Q6: =COUNTIFS(首贷评级明细!$B:$B,"*"&A6&"*",首贷评级明细!$Y:$Y,"是") -> 64
A7: 华啸职场 | B7: =COUNTIFS(首贷评级明细!$B:$B,"*"&A7&"*",首贷评级明细!$AM:$AM,"S") -> 0 | C7: =COUNTIFS(首贷评级明细!$B:$B,"*"&A7&"*",首贷评级明细!$AM:$AM,"A") -> 0 | D7: =COUNTIFS(首贷评级明细!$B:$B,"*"&A7&"*",首贷评级明细!$AM:$AM,"B") -> 0 | E7: =COUNTIFS(首贷评级明细!$B:$B,"*"&A7&"*",首贷评级明细!$AM:$AM,"C") -> 0 | F7: =SUM(B7:E7) -> 0 | G7: =IF($F$17>0,B7/$F$17,0) -> 0 | H7: =IF($F$17>0,C7/$F$17,0) -> 0 | I7: =IF($F$17>0,D7/$F$17,0) -> 0 | J7: =IF($F$17>0,E7/$F$17,0) -> 0 | K7: =IFERROR(AVERAGEIFS(首贷评级明细!$AB:$AB,首贷评级明细!$B:$B,"*"&A7&"*",首贷评级明细!$Z:$Z,"是"),0) -> 0 | L7: =IFERROR(AVERAGEIFS(首贷评级明细!$AC:$AC,首贷评级明细!$B:$B,"*"&A7&"*",首贷评级明细!$Z:$Z,"是"),0) -> 0 | M7: =IFERROR(AVERAGEIFS(首贷评级明细!$AD:$AD,首贷评级明细!$B:$B,"*"&A7&"*",首贷评级明细!$Z:$Z,"是"),0) -> 0 | N7: =IFERROR(AVERAGEIFS(首贷评级明细!$AF:$AF,首贷评级明细!$B:$B,"*"&A7&"*",首贷评级明细!$Z:$Z,"是"),0) -> 0 | O7: =COUNTIF(首贷评级明细!$B:$B,"*"&A7&"*") -> 53 | P7: =COUNTIFS(首贷评级明细!$B:$B,"*"&A7&"*",首贷评级明细!$X:$X,"是") -> 4 | Q7: =COUNTIFS(首贷评级明细!$B:$B,"*"&A7&"*",首贷评级明细!$Y:$Y,"是") -> 53
A8: 博岳石家庄职场 | B8: =COUNTIFS(首贷评级明细!$B:$B,"*"&A8&"*",首贷评级明细!$AM:$AM,"S") -> 10 | C8: =COUNTIFS(首贷评级明细!$B:$B,"*"&A8&"*",首贷评级明细!$AM:$AM,"A") -> 8 | D8: =COUNTIFS(首贷评级明细!$B:$B,"*"&A8&"*",首贷评级明细!$AM:$AM,"B") -> 12 | E8: =COUNTIFS(首贷评级明细!$B:$B,"*"&A8&"*",首贷评级明细!$AM:$AM,"C") -> 6 | F8: =SUM(B8:E8) -> 36 | G8: =IF($F$17>0,B8/$F$17,0) -> 0.018832392 | H8: =IF($F$17>0,C8/$F$17,0) -> 0.015065913 | I8: =IF($F$17>0,D8/$F$17,0) -> 0.02259887 | J8: =IF($F$17>0,E8/$F$17,0) -> 0.011299435 | K8: =IFERROR(AVERAGEIFS(首贷评级明细!$AB:$AB,首贷评级明细!$B:$B,"*"&A8&"*",首贷评级明细!$Z:$Z,"是"),0) -> 98.473678 | L8: =IFERROR(AVERAGEIFS(首贷评级明细!$AC:$AC,首贷评级明细!$B:$B,"*"&A8&"*",首贷评级明细!$Z:$Z,"是"),0) -> 1.1298539 | M8: =IFERROR(AVERAGEIFS(首贷评级明细!$AD:$AD,首贷评级明细!$B:$B,"*"&A8&"*",首贷评级明细!$Z:$Z,"是"),0) -> 43624.601 | N8: =IFERROR(AVERAGEIFS(首贷评级明细!$AF:$AF,首贷评级明细!$B:$B,"*"&A8&"*",首贷评级明细!$Z:$Z,"是"),0) -> 107.33321 | O8: =COUNTIF(首贷评级明细!$B:$B,"*"&A8&"*") -> 58 | P8: =COUNTIFS(首贷评级明细!$B:$B,"*"&A8&"*",首贷评级明细!$X:$X,"是") -> 3 | Q8: =COUNTIFS(首贷评级明细!$B:$B,"*"&A8&"*",首贷评级明细!$Y:$Y,"是") -> 22
A9: 宿迁兆科职场 | B9: =COUNTIFS(首贷评级明细!$B:$B,"*"&A9&"*",首贷评级明细!$AM:$AM,"S") -> 1 | C9: =COUNTIFS(首贷评级明细!$B:$B,"*"&A9&"*",首贷评级明细!$AM:$AM,"A") -> 3 | D9: =COUNTIFS(首贷评级明细!$B:$B,"*"&A9&"*",首贷评级明细!$AM:$AM,"B") -> 2 | E9: =COUNTIFS(首贷评级明细!$B:$B,"*"&A9&"*",首贷评级明细!$AM:$AM,"C") -> 1 | F9: =SUM(B9:E9) -> 7 | G9: =IF($F$17>0,B9/$F$17,0) -> 0.0018832392 | H9: =IF($F$17>0,C9/$F$17,0) -> 0.0056497175 | I9: =IF($F$17>0,D9/$F$17,0) -> 0.0037664783 | J9: =IF($F$17>0,E9/$F$17,0) -> 0.0018832392 | K9: =IFERROR(AVERAGEIFS(首贷评级明细!$AB:$AB,首贷评级明细!$B:$B,"*"&A9&"*",首贷评级明细!$Z:$Z,"是"),0) -> 93.040823 | L9: =IFERROR(AVERAGEIFS(首贷评级明细!$AC:$AC,首贷评级明细!$B:$B,"*"&A9&"*",首贷评级明细!$Z:$Z,"是"),0) -> 0.89309901 | M9: =IFERROR(AVERAGEIFS(首贷评级明细!$AD:$AD,首贷评级明细!$B:$B,"*"&A9&"*",首贷评级明细!$Z:$Z,"是"),0) -> 17444.374 | N9: =IFERROR(AVERAGEIFS(首贷评级明细!$AF:$AF,首贷评级明细!$B:$B,"*"&A9&"*",首贷评级明细!$Z:$Z,"是"),0) -> 137.96091 | O9: =COUNTIF(首贷评级明细!$B:$B,"*"&A9&"*") -> 11 | P9: =COUNTIFS(首贷评级明细!$B:$B,"*"&A9&"*",首贷评级明细!$X:$X,"是") -> 0 | Q9: =COUNTIFS(首贷评级明细!$B:$B,"*"&A9&"*",首贷评级明细!$Y:$Y,"是") -> 4
A10: 岐力职场 | B10: =COUNTIFS(首贷评级明细!$B:$B,"*"&A10&"*",首贷评级明细!$AM:$AM,"S") -> 0 | C10: =COUNTIFS(首贷评级明细!$B:$B,"*"&A10&"*",首贷评级明细!$AM:$AM,"A") -> 1 | D10: =COUNTIFS(首贷评级明细!$B:$B,"*"&A10&"*",首贷评级明细!$AM:$AM,"B") -> 1 | E10: =COUNTIFS(首贷评级明细!$B:$B,"*"&A10&"*",首贷评级明细!$AM:$AM,"C") -> 0 | F10: =SUM(B10:E10) -> 2 | G10: =IF($F$17>0,B10/$F$17,0) -> 0 | H10: =IF($F$17>0,C10/$F$17,0) -> 0.0018832392 | I10: =IF($F$17>0,D10/$F$17,0) -> 0.0018832392 | J10: =IF($F$17>0,E10/$F$17,0) -> 0 | K10: =IFERROR(AVERAGEIFS(首贷评级明细!$AB:$AB,首贷评级明细!$B:$B,"*"&A10&"*",首贷评级明细!$Z:$Z,"是"),0) -> 107.66031 | L10: =IFERROR(AVERAGEIFS(首贷评级明细!$AC:$AC,首贷评级明细!$B:$B,"*"&A10&"*",首贷评级明细!$Z:$Z,"是"),0) -> 1.3783947 | M10: =IFERROR(AVERAGEIFS(首贷评级明细!$AD:$AD,首贷评级明细!$B:$B,"*"&A10&"*",首贷评级明细!$Z:$Z,"是"),0) -> 24321.849 | N10: =IFERROR(AVERAGEIFS(首贷评级明细!$AF:$AF,首贷评级明细!$B:$B,"*"&A10&"*",首贷评级明细!$Z:$Z,"是"),0) -> 74.60947 | O10: =COUNTIF(首贷评级明细!$B:$B,"*"&A10&"*") -> 49 | P10: =COUNTIFS(首贷评级明细!$B:$B,"*"&A10&"*",首贷评级明细!$X:$X,"是") -> 14 | Q10: =COUNTIFS(首贷评级明细!$B:$B,"*"&A10&"*",首贷评级明细!$Y:$Y,"是") -> 47
A11: 广达陕西职场 | B11: =COUNTIFS(首贷评级明细!$B:$B,"*"&A11&"*",首贷评级明细!$AM:$AM,"S") -> 3 | C11: =COUNTIFS(首贷评级明细!$B:$B,"*"&A11&"*",首贷评级明细!$AM:$AM,"A") -> 8 | D11: =COUNTIFS(首贷评级明细!$B:$B,"*"&A11&"*",首贷评级明细!$AM:$AM,"B") -> 8 | E11: =COUNTIFS(首贷评级明细!$B:$B,"*"&A11&"*",首贷评级明细!$AM:$AM,"C") -> 2 | F11: =SUM(B11:E11) -> 21 | G11: =IF($F$17>0,B11/$F$17,0) -> 0.0056497175 | H11: =IF($F$17>0,C11/$F$17,0) -> 0.015065913 | I11: =IF($F$17>0,D11/$F$17,0) -> 0.015065913 | J11: =IF($F$17>0,E11/$F$17,0) -> 0.0037664783 | K11: =IFERROR(AVERAGEIFS(首贷评级明细!$AB:$AB,首贷评级明细!$B:$B,"*"&A11&"*",首贷评级明细!$Z:$Z,"是"),0) -> 82.829123 | L11: =IFERROR(AVERAGEIFS(首贷评级明细!$AC:$AC,首贷评级明细!$B:$B,"*"&A11&"*",首贷评级明细!$Z:$Z,"是"),0) -> 1.1907332 | M11: =IFERROR(AVERAGEIFS(首贷评级明细!$AD:$AD,首贷评级明细!$B:$B,"*"&A11&"*",首贷评级明细!$Z:$Z,"是"),0) -> 41027.419 | N11: =IFERROR(AVERAGEIFS(首贷评级明细!$AF:$AF,首贷评级明细!$B:$B,"*"&A11&"*",首贷评级明细!$Z:$Z,"是"),0) -> 99.716907 | O11: =COUNTIF(首贷评级明细!$B:$B,"*"&A11&"*") -> 48 | P11: =COUNTIFS(首贷评级明细!$B:$B,"*"&A11&"*",首贷评级明细!$X:$X,"是") -> 5 | Q11: =COUNTIFS(首贷评级明细!$B:$B,"*"&A11&"*",首贷评级明细!$Y:$Y,"是") -> 27
A12: 毅航合肥职场 | B12: =COUNTIFS(首贷评级明细!$B:$B,"*"&A12&"*",首贷评级明细!$AM:$AM,"S") -> 45 | C12: =COUNTIFS(首贷评级明细!$B:$B,"*"&A12&"*",首贷评级明细!$AM:$AM,"A") -> 51 | D12: =COUNTIFS(首贷评级明细!$B:$B,"*"&A12&"*",首贷评级明细!$AM:$AM,"B") -> 39 | E12: =COUNTIFS(首贷评级明细!$B:$B,"*"&A12&"*",首贷评级明细!$AM:$AM,"C") -> 30 | F12: =SUM(B12:E12) -> 165 | G12: =IF($F$17>0,B12/$F$17,0) -> 0.084745763 | H12: =IF($F$17>0,C12/$F$17,0) -> 0.096045198 | I12: =IF($F$17>0,D12/$F$17,0) -> 0.073446328 | J12: =IF($F$17>0,E12/$F$17,0) -> 0.056497175 | K12: =IFERROR(AVERAGEIFS(首贷评级明细!$AB:$AB,首贷评级明细!$B:$B,"*"&A12&"*",首贷评级明细!$Z:$Z,"是"),0) -> 92.688929 | L12: =IFERROR(AVERAGEIFS(首贷评级明细!$AC:$AC,首贷评级明细!$B:$B,"*"&A12&"*",首贷评级明细!$Z:$Z,"是"),0) -> 0.92169769 | M12: =IFERROR(AVERAGEIFS(首贷评级明细!$AD:$AD,首贷评级明细!$B:$B,"*"&A12&"*",首贷评级明细!$Z:$Z,"是"),0) -> 39647.198 | N12: =IFERROR(AVERAGEIFS(首贷评级明细!$AF:$AF,首贷评级明细!$B:$B,"*"&A12&"*",首贷评级明细!$Z:$Z,"是"),0) -> 123.32706 | O12: =COUNTIF(首贷评级明细!$B:$B,"*"&A12&"*") -> 217 | P12: =COUNTIFS(首贷评级明细!$B:$B,"*"&A12&"*",首贷评级明细!$X:$X,"是") -> 0 | Q12: =COUNTIFS(首贷评级明细!$B:$B,"*"&A12&"*",首贷评级明细!$Y:$Y,"是") -> 52
A13: 毛毛虫职场 | B13: =COUNTIFS(首贷评级明细!$B:$B,"*"&A13&"*",首贷评级明细!$AM:$AM,"S") -> 23 | C13: =COUNTIFS(首贷评级明细!$B:$B,"*"&A13&"*",首贷评级明细!$AM:$AM,"A") -> 39 | D13: =COUNTIFS(首贷评级明细!$B:$B,"*"&A13&"*",首贷评级明细!$AM:$AM,"B") -> 50 | E13: =COUNTIFS(首贷评级明细!$B:$B,"*"&A13&"*",首贷评级明细!$AM:$AM,"C") -> 12 | F13: =SUM(B13:E13) -> 124 | G13: =IF($F$17>0,B13/$F$17,0) -> 0.043314501 | H13: =IF($F$17>0,C13/$F$17,0) -> 0.073446328 | I13: =IF($F$17>0,D13/$F$17,0) -> 0.094161959 | J13: =IF($F$17>0,E13/$F$17,0) -> 0.02259887 | K13: =IFERROR(AVERAGEIFS(首贷评级明细!$AB:$AB,首贷评级明细!$B:$B,"*"&A13&"*",首贷评级明细!$Z:$Z,"是"),0) -> 90.452186 | L13: =IFERROR(AVERAGEIFS(首贷评级明细!$AC:$AC,首贷评级明细!$B:$B,"*"&A13&"*",首贷评级明细!$Z:$Z,"是"),0) -> 0.93041466 | M13: =IFERROR(AVERAGEIFS(首贷评级明细!$AD:$AD,首贷评级明细!$B:$B,"*"&A13&"*",首贷评级明细!$Z:$Z,"是"),0) -> 44725.237 | N13: =IFERROR(AVERAGEIFS(首贷评级明细!$AF:$AF,首贷评级明细!$B:$B,"*"&A13&"*",首贷评级明细!$Z:$Z,"是"),0) -> 116.33271 | O13: =COUNTIF(首贷评级明细!$B:$B,"*"&A13&"*") -> 210 | P13: =COUNTIFS(首贷评级明细!$B:$B,"*"&A13&"*",首贷评级明细!$X:$X,"是") -> 0 | Q13: =COUNTIFS(首贷评级明细!$B:$B,"*"&A13&"*",首贷评级明细!$Y:$Y,"是") -> 86
A14: 汇讯职场 | B14: =COUNTIFS(首贷评级明细!$B:$B,"*"&A14&"*",首贷评级明细!$AM:$AM,"S") -> 9 | C14: =COUNTIFS(首贷评级明细!$B:$B,"*"&A14&"*",首贷评级明细!$AM:$AM,"A") -> 13 | D14: =COUNTIFS(首贷评级明细!$B:$B,"*"&A14&"*",首贷评级明细!$AM:$AM,"B") -> 10 | E14: =COUNTIFS(首贷评级明细!$B:$B,"*"&A14&"*",首贷评级明细!$AM:$AM,"C") -> 15 | F14: =SUM(B14:E14) -> 47 | G14: =IF($F$17>0,B14/$F$17,0) -> 0.016949153 | H14: =IF($F$17>0,C14/$F$17,0) -> 0.024482109 | I14: =IF($F$17>0,D14/$F$17,0) -> 0.018832392 | J14: =IF($F$17>0,E14/$F$17,0) -> 0.028248588 | K14: =IFERROR(AVERAGEIFS(首贷评级明细!$AB:$AB,首贷评级明细!$B:$B,"*"&A14&"*",首贷评级明细!$Z:$Z,"是"),0) -> 90.961793 | L14: =IFERROR(AVERAGEIFS(首贷评级明细!$AC:$AC,首贷评级明细!$B:$B,"*"&A14&"*",首贷评级明细!$Z:$Z,"是"),0) -> 0.85149944 | M14: =IFERROR(AVERAGEIFS(首贷评级明细!$AD:$AD,首贷评级明细!$B:$B,"*"&A14&"*",首贷评级明细!$Z:$Z,"是"),0) -> 37743.668 | N14: =IFERROR(AVERAGEIFS(首贷评级明细!$AF:$AF,首贷评级明细!$B:$B,"*"&A14&"*",首贷评级明细!$Z:$Z,"是"),0) -> 110.88426 | O14: =COUNTIF(首贷评级明细!$B:$B,"*"&A14&"*") -> 104 | P14: =COUNTIFS(首贷评级明细!$B:$B,"*"&A14&"*",首贷评级明细!$X:$X,"是") -> 0 | Q14: =COUNTIFS(首贷评级明细!$B:$B,"*"&A14&"*",首贷评级明细!$Y:$Y,"是") -> 57
A15: 翰锐曲靖职场 | B15: =COUNTIFS(首贷评级明细!$B:$B,"*"&A15&"*",首贷评级明细!$AM:$AM,"S") -> 1 | C15: =COUNTIFS(首贷评级明细!$B:$B,"*"&A15&"*",首贷评级明细!$AM:$AM,"A") -> 6 | D15: =COUNTIFS(首贷评级明细!$B:$B,"*"&A15&"*",首贷评级明细!$AM:$AM,"B") -> 4 | E15: =COUNTIFS(首贷评级明细!$B:$B,"*"&A15&"*",首贷评级明细!$AM:$AM,"C") -> 8 | F15: =SUM(B15:E15) -> 19 | G15: =IF($F$17>0,B15/$F$17,0) -> 0.0018832392 | H15: =IF($F$17>0,C15/$F$17,0) -> 0.011299435 | I15: =IF($F$17>0,D15/$F$17,0) -> 0.0075329567 | J15: =IF($F$17>0,E15/$F$17,0) -> 0.015065913 | K15: =IFERROR(AVERAGEIFS(首贷评级明细!$AB:$AB,首贷评级明细!$B:$B,"*"&A15&"*",首贷评级明细!$Z:$Z,"是"),0) -> 72.498962 | L15: =IFERROR(AVERAGEIFS(首贷评级明细!$AC:$AC,首贷评级明细!$B:$B,"*"&A15&"*",首贷评级明细!$Z:$Z,"是"),0) -> 1.0428059 | M15: =IFERROR(AVERAGEIFS(首贷评级明细!$AD:$AD,首贷评级明细!$B:$B,"*"&A15&"*",首贷评级明细!$Z:$Z,"是"),0) -> 34562.062 | N15: =IFERROR(AVERAGEIFS(首贷评级明细!$AF:$AF,首贷评级明细!$B:$B,"*"&A15&"*",首贷评级明细!$Z:$Z,"是"),0) -> 93.444745 | O15: =COUNTIF(首贷评级明细!$B:$B,"*"&A15&"*") -> 44 | P15: =COUNTIFS(首贷评级明细!$B:$B,"*"&A15&"*",首贷评级明细!$X:$X,"是") -> 1 | Q15: =COUNTIFS(首贷评级明细!$B:$B,"*"&A15&"*",首贷评级明细!$Y:$Y,"是") -> 25
A16: 赛维斯职场 | B16: =COUNTIFS(首贷评级明细!$B:$B,"*"&A16&"*",首贷评级明细!$AM:$AM,"S") -> 5 | C16: =COUNTIFS(首贷评级明细!$B:$B,"*"&A16&"*",首贷评级明细!$AM:$AM,"A") -> 13 | D16: =COUNTIFS(首贷评级明细!$B:$B,"*"&A16&"*",首贷评级明细!$AM:$AM,"B") -> 13 | E16: =COUNTIFS(首贷评级明细!$B:$B,"*"&A16&"*",首贷评级明细!$AM:$AM,"C") -> 11 | F16: =SUM(B16:E16) -> 42 | G16: =IF($F$17>0,B16/$F$17,0) -> 0.0094161959 | H16: =IF($F$17>0,C16/$F$17,0) -> 0.024482109 | I16: =IF($F$17>0,D16/$F$17,0) -> 0.024482109 | J16: =IF($F$17>0,E16/$F$17,0) -> 0.020715631 | K16: =IFERROR(AVERAGEIFS(首贷评级明细!$AB:$AB,首贷评级明细!$B:$B,"*"&A16&"*",首贷评级明细!$Z:$Z,"是"),0) -> 80.250615 | L16: =IFERROR(AVERAGEIFS(首贷评级明细!$AC:$AC,首贷评级明细!$B:$B,"*"&A16&"*",首贷评级明细!$Z:$Z,"是"),0) -> 1.0181981 | M16: =IFERROR(AVERAGEIFS(首贷评级明细!$AD:$AD,首贷评级明细!$B:$B,"*"&A16&"*",首贷评级明细!$Z:$Z,"是"),0) -> 43114.625 | N16: =IFERROR(AVERAGEIFS(首贷评级明细!$AF:$AF,首贷评级明细!$B:$B,"*"&A16&"*",首贷评级明细!$Z:$Z,"是"),0) -> 92.174759 | O16: =COUNTIF(首贷评级明细!$B:$B,"*"&A16&"*") -> 87 | P16: =COUNTIFS(首贷评级明细!$B:$B,"*"&A16&"*",首贷评级明细!$X:$X,"是") -> 0 | Q16: =COUNTIFS(首贷评级明细!$B:$B,"*"&A16&"*",首贷评级明细!$Y:$Y,"是") -> 45
A17: 整体 | B17: =SUM(B5:B16) -> 106 | C17: =SUM(C5:C16) -> 159 | D17: =SUM(D5:D16) -> 159 | E17: =SUM(E5:E16) -> 107 | F17: =SUM(F5:F16) -> 531 | G17: =IF(F17>0,B17/F17,0) -> 0.19962335 | H17: =IF(F17>0,C17/F17,0) -> 0.29943503 | I17: =IF(F17>0,D17/F17,0) -> 0.29943503 | J17: =IF(F17>0,E17/F17,0) -> 0.20150659 | K17: =IFERROR(AVERAGEIFS(首贷评级明细!$AB:$AB,首贷评级明细!$Z:$Z,"是"),0) -> 89.660271 | L17: =IFERROR(AVERAGEIFS(首贷评级明细!$AC:$AC,首贷评级明细!$Z:$Z,"是"),0) -> 0.95436033 | M17: =IFERROR(AVERAGEIFS(首贷评级明细!$AD:$AD,首贷评级明细!$Z:$Z,"是"),0) -> 39987.362 | N17: =IFERROR(AVERAGEIFS(首贷评级明细!$AF:$AF,首贷评级明细!$Z:$Z,"是"),0) -> 113.29805 | O17: =SUM(O5:O16) -> 1021 | P17: =SUM(P5:P16) -> 28 | Q17: =SUM(Q5:Q16) -> 490

Sheet 复贷统计总览
A1: 复贷坐席SABC分级统计
A2: S=Top20%+底线 | 占比=该职场÷大盘总参评人数
A4: 职场 | B4: S级 | C4: A级 | D4: B级 | E4: C级 | F4: 参评人数 | G4: S占比 | H4: A占比 | I4: B占比 | J4: C占比 | K4: ATT均值(秒) | L4: GMV均值(万) | M4: 件均均值(元) | N4: 日均通时(分钟) | O4: 总人数 | P4: 超7天未上线 | Q4: 外呼天数不足22天
A5: 人和职场 | B5: =COUNTIFS(复贷评级明细!$B:$B,"*"&A5&"*",复贷评级明细!$AN:$AN,"S") -> 1 | C5: =COUNTIFS(复贷评级明细!$B:$B,"*"&A5&"*",复贷评级明细!$AN:$AN,"A") -> 6 | D5: =COUNTIFS(复贷评级明细!$B:$B,"*"&A5&"*",复贷评级明细!$AN:$AN,"B") -> 6 | E5: =COUNTIFS(复贷评级明细!$B:$B,"*"&A5&"*",复贷评级明细!$AN:$AN,"C") -> 3 | F5: =SUM(B5:E5) -> 16 | G5: =IF($F$17>0,B5/$F$17,0) -> 0.0016863406 | H5: =IF($F$17>0,C5/$F$17,0) -> 0.010118044 | I5: =IF($F$17>0,D5/$F$17,0) -> 0.010118044 | J5: =IF($F$17>0,E5/$F$17,0) -> 0.0050590219 | K5: =IFERROR(AVERAGEIFS(复贷评级明细!$AB:$AB,复贷评级明细!$B:$B,"*"&A5&"*",复贷评级明细!$Z:$Z,"是"),0) -> 107.65211 | L5: =IFERROR(AVERAGEIFS(复贷评级明细!$AC:$AC,复贷评级明细!$B:$B,"*"&A5&"*",复贷评级明细!$Z:$Z,"是"),0) -> 796.47562 | M5: =IFERROR(AVERAGEIFS(复贷评级明细!$AD:$AD,复贷评级明细!$B:$B,"*"&A5&"*",复贷评级明细!$Z:$Z,"是"),0) -> 23453.386 | N5: =IFERROR(AVERAGEIFS(复贷评级明细!$AF:$AF,复贷评级明细!$B:$B,"*"&A5&"*",复贷评级明细!$Z:$Z,"是"),0) -> 125.07565 | O5: =COUNTIF(复贷评级明细!$B:$B,"*"&A5&"*") -> 32 | P5: =COUNTIFS(复贷评级明细!$B:$B,"*"&A5&"*",复贷评级明细!$X:$X,"是") -> 0 | Q5: =COUNTIFS(复贷评级明细!$B:$B,"*"&A5&"*",复贷评级明细!$Y:$Y,"是") -> 16
A6: 伽玛职场 | B6: =COUNTIFS(复贷评级明细!$B:$B,"*"&A6&"*",复贷评级明细!$AN:$AN,"S") -> 7 | C6: =COUNTIFS(复贷评级明细!$B:$B,"*"&A6&"*",复贷评级明细!$AN:$AN,"A") -> 33 | D6: =COUNTIFS(复贷评级明细!$B:$B,"*"&A6&"*",复贷评级明细!$AN:$AN,"B") -> 40 | E6: =COUNTIFS(复贷评级明细!$B:$B,"*"&A6&"*",复贷评级明细!$AN:$AN,"C") -> 13 | F6: =SUM(B6:E6) -> 93 | G6: =IF($F$17>0,B6/$F$17,0) -> 0.011804384 | H6: =IF($F$17>0,C6/$F$17,0) -> 0.055649241 | I6: =IF($F$17>0,D6/$F$17,0) -> 0.067453626 | J6: =IF($F$17>0,E6/$F$17,0) -> 0.021922428 | K6: =IFERROR(AVERAGEIFS(复贷评级明细!$AB:$AB,复贷评级明细!$B:$B,"*"&A6&"*",复贷评级明细!$Z:$Z,"是"),0) -> 92.945672 | L6: =IFERROR(AVERAGEIFS(复贷评级明细!$AC:$AC,复贷评级明细!$B:$B,"*"&A6&"*",复贷评级明细!$Z:$Z,"是"),0) -> 805.83688 | M6: =IFERROR(AVERAGEIFS(复贷评级明细!$AD:$AD,复贷评级明细!$B:$B,"*"&A6&"*",复贷评级明细!$Z:$Z,"是"),0) -> 23910.947 | N6: =IFERROR(AVERAGEIFS(复贷评级明细!$AF:$AF,复贷评级明细!$B:$B,"*"&A6&"*",复贷评级明细!$Z:$Z,"是"),0) -> 127.80216 | O6: =COUNTIF(复贷评级明细!$B:$B,"*"&A6&"*") -> 223 | P6: =COUNTIFS(复贷评级明细!$B:$B,"*"&A6&"*",复贷评级明细!$X:$X,"是") -> 1 | Q6: =COUNTIFS(复贷评级明细!$B:$B,"*"&A6&"*",复贷评级明细!$Y:$Y,"是") -> 130
A7: 华啸职场 | B7: =COUNTIFS(复贷评级明细!$B:$B,"*"&A7&"*",复贷评级明细!$AN:$AN,"S") -> 6 | C7: =COUNTIFS(复贷评级明细!$B:$B,"*"&A7&"*",复贷评级明细!$AN:$AN,"A") -> 10 | D7: =COUNTIFS(复贷评级明细!$B:$B,"*"&A7&"*",复贷评级明细!$AN:$AN,"B") -> 5 | E7: =COUNTIFS(复贷评级明细!$B:$B,"*"&A7&"*",复贷评级明细!$AN:$AN,"C") -> 0 | F7: =SUM(B7:E7) -> 21 | G7: =IF($F$17>0,B7/$F$17,0) -> 0.010118044 | H7: =IF($F$17>0,C7/$F$17,0) -> 0.016863406 | I7: =IF($F$17>0,D7/$F$17,0) -> 0.0084317032 | J7: =IF($F$17>0,E7/$F$17,0) -> 0 | K7: =IFERROR(AVERAGEIFS(复贷评级明细!$AB:$AB,复贷评级明细!$B:$B,"*"&A7&"*",复贷评级明细!$Z:$Z,"是"),0) -> 156.19284 | L7: =IFERROR(AVERAGEIFS(复贷评级明细!$AC:$AC,复贷评级明细!$B:$B,"*"&A7&"*",复贷评级明细!$Z:$Z,"是"),0) -> 848.78524 | M7: =IFERROR(AVERAGEIFS(复贷评级明细!$AD:$AD,复贷评级明细!$B:$B,"*"&A7&"*",复贷评级明细!$Z:$Z,"是"),0) -> 28721.232 | N7: =IFERROR(AVERAGEIFS(复贷评级明细!$AF:$AF,复贷评级明细!$B:$B,"*"&A7&"*",复贷评级明细!$Z:$Z,"是"),0) -> 140.59192 | O7: =COUNTIF(复贷评级明细!$B:$B,"*"&A7&"*") -> 54 | P7: =COUNTIFS(复贷评级明细!$B:$B,"*"&A7&"*",复贷评级明细!$X:$X,"是") -> 1 | Q7: =COUNTIFS(复贷评级明细!$B:$B,"*"&A7&"*",复贷评级明细!$Y:$Y,"是") -> 33
A8: 博岳石家庄职场 | B8: =COUNTIFS(复贷评级明细!$B:$B,"*"&A8&"*",复贷评级明细!$AN:$AN,"S") -> 9 | C8: =COUNTIFS(复贷评级明细!$B:$B,"*"&A8&"*",复贷评级明细!$AN:$AN,"A") -> 6 | D8: =COUNTIFS(复贷评级明细!$B:$B,"*"&A8&"*",复贷评级明细!$AN:$AN,"B") -> 11 | E8: =COUNTIFS(复贷评级明细!$B:$B,"*"&A8&"*",复贷评级明细!$AN:$AN,"C") -> 20 | F8: =SUM(B8:E8) -> 46 | G8: =IF($F$17>0,B8/$F$17,0) -> 0.015177066 | H8: =IF($F$17>0,C8/$F$17,0) -> 0.010118044 | I8: =IF($F$17>0,D8/$F$17,0) -> 0.018549747 | J8: =IF($F$17>0,E8/$F$17,0) -> 0.033726813 | K8: =IFERROR(AVERAGEIFS(复贷评级明细!$AB:$AB,复贷评级明细!$B:$B,"*"&A8&"*",复贷评级明细!$Z:$Z,"是"),0) -> 103.07 | L8: =IFERROR(AVERAGEIFS(复贷评级明细!$AC:$AC,复贷评级明细!$B:$B,"*"&A8&"*",复贷评级明细!$Z:$Z,"是"),0) -> 786.97783 | M8: =IFERROR(AVERAGEIFS(复贷评级明细!$AD:$AD,复贷评级明细!$B:$B,"*"&A8&"*",复贷评级明细!$Z:$Z,"是"),0) -> 21012.681 | N8: =IFERROR(AVERAGEIFS(复贷评级明细!$AF:$AF,复贷评级明细!$B:$B,"*"&A8&"*",复贷评级明细!$Z:$Z,"是"),0) -> 123.8028 | O8: =COUNTIF(复贷评级明细!$B:$B,"*"&A8&"*") -> 97 | P8: =COUNTIFS(复贷评级明细!$B:$B,"*"&A8&"*",复贷评级明细!$X:$X,"是") -> 1 | Q8: =COUNTIFS(复贷评级明细!$B:$B,"*"&A8&"*",复贷评级明细!$Y:$Y,"是") -> 51
A9: 宿迁兆科职场 | B9: =COUNTIFS(复贷评级明细!$B:$B,"*"&A9&"*",复贷评级明细!$AN:$AN,"S") -> 3 | C9: =COUNTIFS(复贷评级明细!$B:$B,"*"&A9&"*",复贷评级明细!$AN:$AN,"A") -> 3 | D9: =COUNTIFS(复贷评级明细!$B:$B,"*"&A9&"*",复贷评级明细!$AN:$AN,"B") -> 2 | E9: =COUNTIFS(复贷评级明细!$B:$B,"*"&A9&"*",复贷评级明细!$AN:$AN,"C") -> 0 | F9: =SUM(B9:E9) -> 8 | G9: =IF($F$17>0,B9/$F$17,0) -> 0.0050590219 | H9: =IF($F$17>0,C9/$F$17,0) -> 0.0050590219 | I9: =IF($F$17>0,D9/$F$17,0) -> 0.0033726813 | J9: =IF($F$17>0,E9/$F$17,0) -> 0 | K9: =IFERROR(AVERAGEIFS(复贷评级明细!$AB:$AB,复贷评级明细!$B:$B,"*"&A9&"*",复贷评级明细!$Z:$Z,"是"),0) -> 91.557512 | L9: =IFERROR(AVERAGEIFS(复贷评级明细!$AC:$AC,复贷评级明细!$B:$B,"*"&A9&"*",复贷评级明细!$Z:$Z,"是"),0) -> 1102.5163 | M9: =IFERROR(AVERAGEIFS(复贷评级明细!$AD:$AD,复贷评级明细!$B:$B,"*"&A9&"*",复贷评级明细!$Z:$Z,"是"),0) -> 26876.218 | N9: =IFERROR(AVERAGEIFS(复贷评级明细!$AF:$AF,复贷评级明细!$B:$B,"*"&A9&"*",复贷评级明细!$Z:$Z,"是"),0) -> 154.22636 | O9: =COUNTIF(复贷评级明细!$B:$B,"*"&A9&"*") -> 17 | P9: =COUNTIFS(复贷评级明细!$B:$B,"*"&A9&"*",复贷评级明细!$X:$X,"是") -> 0 | Q9: =COUNTIFS(复贷评级明细!$B:$B,"*"&A9&"*",复贷评级明细!$Y:$Y,"是") -> 9
A10: 岐力职场 | B10: =COUNTIFS(复贷评级明细!$B:$B,"*"&A10&"*",复贷评级明细!$AN:$AN,"S") -> 1 | C10: =COUNTIFS(复贷评级明细!$B:$B,"*"&A10&"*",复贷评级明细!$AN:$AN,"A") -> 11 | D10: =COUNTIFS(复贷评级明细!$B:$B,"*"&A10&"*",复贷评级明细!$AN:$AN,"B") -> 16 | E10: =COUNTIFS(复贷评级明细!$B:$B,"*"&A10&"*",复贷评级明细!$AN:$AN,"C") -> 18 | F10: =SUM(B10:E10) -> 46 | G10: =IF($F$17>0,B10/$F$17,0) -> 0.0016863406 | H10: =IF($F$17>0,C10/$F$17,0) -> 0.018549747 | I10: =IF($F$17>0,D10/$F$17,0) -> 0.02698145 | J10: =IF($F$17>0,E10/$F$17,0) -> 0.030354132 | K10: =IFERROR(AVERAGEIFS(复贷评级明细!$AB:$AB,复贷评级明细!$B:$B,"*"&A10&"*",复贷评级明细!$Z:$Z,"是"),0) -> 91.217098 | L10: =IFERROR(AVERAGEIFS(复贷评级明细!$AC:$AC,复贷评级明细!$B:$B,"*"&A10&"*",复贷评级明细!$Z:$Z,"是"),0) -> 655.16065 | M10: =IFERROR(AVERAGEIFS(复贷评级明细!$AD:$AD,复贷评级明细!$B:$B,"*"&A10&"*",复贷评级明细!$Z:$Z,"是"),0) -> 22504.932 | N10: =IFERROR(AVERAGEIFS(复贷评级明细!$AF:$AF,复贷评级明细!$B:$B,"*"&A10&"*",复贷评级明细!$Z:$Z,"是"),0) -> 119.40478 | O10: =COUNTIF(复贷评级明细!$B:$B,"*"&A10&"*") -> 118 | P10: =COUNTIFS(复贷评级明细!$B:$B,"*"&A10&"*",复贷评级明细!$X:$X,"是") -> 2 | Q10: =COUNTIFS(复贷评级明细!$B:$B,"*"&A10&"*",复贷评级明细!$Y:$Y,"是") -> 72
A11: 广达陕西职场 | B11: =COUNTIFS(复贷评级明细!$B:$B,"*"&A11&"*",复贷评级明细!$AN:$AN,"S") -> 0 | C11: =COUNTIFS(复贷评级明细!$B:$B,"*"&A11&"*",复贷评级明细!$AN:$AN,"A") -> 7 | D11: =COUNTIFS(复贷评级明细!$B:$B,"*"&A11&"*",复贷评级明细!$AN:$AN,"B") -> 11 | E11: =COUNTIFS(复贷评级明细!$B:$B,"*"&A11&"*",复贷评级明细!$AN:$AN,"C") -> 9 | F11: =SUM(B11:E11) -> 27 | G11: =IF($F$17>0,B11/$F$17,0) -> 0 | H11: =IF($F$17>0,C11/$F$17,0) -> 0.011804384 | I11: =IF($F$17>0,D11/$F$17,0) -> 0.018549747 | J11: =IF($F$17>0,E11/$F$17,0) -> 0.015177066 | K11: =IFERROR(AVERAGEIFS(复贷评级明细!$AB:$AB,复贷评级明细!$B:$B,"*"&A11&"*",复贷评级明细!$Z:$Z,"是"),0) -> 87.813889 | L11: =IFERROR(AVERAGEIFS(复贷评级明细!$AC:$AC,复贷评级明细!$B:$B,"*"&A11&"*",复贷评级明细!$Z:$Z,"是"),0) -> 649.14556 | M11: =IFERROR(AVERAGEIFS(复贷评级明细!$AD:$AD,复贷评级明细!$B:$B,"*"&A11&"*",复贷评级明细!$Z:$Z,"是"),0) -> 24540.28 | N11: =IFERROR(AVERAGEIFS(复贷评级明细!$AF:$AF,复贷评级明细!$B:$B,"*"&A11&"*",复贷评级明细!$Z:$Z,"是"),0) -> 118.33061 | O11: =COUNTIF(复贷评级明细!$B:$B,"*"&A11&"*") -> 81 | P11: =COUNTIFS(复贷评级明细!$B:$B,"*"&A11&"*",复贷评级明细!$X:$X,"是") -> 0 | Q11: =COUNTIFS(复贷评级明细!$B:$B,"*"&A11&"*",复贷评级明细!$Y:$Y,"是") -> 54
A12: 毅航合肥职场 | B12: =COUNTIFS(复贷评级明细!$B:$B,"*"&A12&"*",复贷评级明细!$AN:$AN,"S") -> 64 | C12: =COUNTIFS(复贷评级明细!$B:$B,"*"&A12&"*",复贷评级明细!$AN:$AN,"A") -> 51 | D12: =COUNTIFS(复贷评级明细!$B:$B,"*"&A12&"*",复贷评级明细!$AN:$AN,"B") -> 10 | E12: =COUNTIFS(复贷评级明细!$B:$B,"*"&A12&"*",复贷评级明细!$AN:$AN,"C") -> 3 | F12: =SUM(B12:E12) -> 128 | G12: =IF($F$17>0,B12/$F$17,0) -> 0.1079258 | H12: =IF($F$17>0,C12/$F$17,0) -> 0.086003373 | I12: =IF($F$17>0,D12/$F$17,0) -> 0.016863406 | J12: =IF($F$17>0,E12/$F$17,0) -> 0.0050590219 | K12: =IFERROR(AVERAGEIFS(复贷评级明细!$AB:$AB,复贷评级明细!$B:$B,"*"&A12&"*",复贷评级明细!$Z:$Z,"是"),0) -> 111.48424 | L12: =IFERROR(AVERAGEIFS(复贷评级明细!$AC:$AC,复贷评级明细!$B:$B,"*"&A12&"*",复贷评级明细!$Z:$Z,"是"),0) -> 1231.0566 | M12: =IFERROR(AVERAGEIFS(复贷评级明细!$AD:$AD,复贷评级明细!$B:$B,"*"&A12&"*",复贷评级明细!$Z:$Z,"是"),0) -> 28015.32 | N12: =IFERROR(AVERAGEIFS(复贷评级明细!$AF:$AF,复贷评级明细!$B:$B,"*"&A12&"*",复贷评级明细!$Z:$Z,"是"),0) -> 164.70455 | O12: =COUNTIF(复贷评级明细!$B:$B,"*"&A12&"*") -> 371 | P12: =COUNTIFS(复贷评级明细!$B:$B,"*"&A12&"*",复贷评级明细!$X:$X,"是") -> 0 | Q12: =COUNTIFS(复贷评级明细!$B:$B,"*"&A12&"*",复贷评级明细!$Y:$Y,"是") -> 243
A13: 毛毛虫职场 | B13: =COUNTIFS(复贷评级明细!$B:$B,"*"&A13&"*",复贷评级明细!$AN:$AN,"S") -> 17 | C13: =COUNTIFS(复贷评级明细!$B:$B,"*"&A13&"*",复贷评级明细!$AN:$AN,"A") -> 10 | D13: =COUNTIFS(复贷评级明细!$B:$B,"*"&A13&"*",复贷评级明细!$AN:$AN,"B") -> 18 | E13: =COUNTIFS(复贷评级明细!$B:$B,"*"&A13&"*",复贷评级明细!$AN:$AN,"C") -> 4 | F13: =SUM(B13:E13) -> 49 | G13: =IF($F$17>0,B13/$F$17,0) -> 0.028667791 | H13: =IF($F$17>0,C13/$F$17,0) -> 0.016863406 | I13: =IF($F$17>0,D13/$F$17,0) -> 0.030354132 | J13: =IF($F$17>0,E13/$F$17,0) -> 0.0067453626 | K13: =IFERROR(AVERAGEIFS(复贷评级明细!$AB:$AB,复贷评级明细!$B:$B,"*"&A13&"*",复贷评级明细!$Z:$Z,"是"),0) -> 86.307951 | L13: =IFERROR(AVERAGEIFS(复贷评级明细!$AC:$AC,复贷评级明细!$B:$B,"*"&A13&"*",复贷评级明细!$Z:$Z,"是"),0) -> 1018.1169 | M13: =IFERROR(AVERAGEIFS(复贷评级明细!$AD:$AD,复贷评级明细!$B:$B,"*"&A13&"*",复贷评级明细!$Z:$Z,"是"),0) -> 26175.932 | N13: =IFERROR(AVERAGEIFS(复贷评级明细!$AF:$AF,复贷评级明细!$B:$B,"*"&A13&"*",复贷评级明细!$Z:$Z,"是"),0) -> 147.72749 | O13: =COUNTIF(复贷评级明细!$B:$B,"*"&A13&"*") -> 266 | P13: =COUNTIFS(复贷评级明细!$B:$B,"*"&A13&"*",复贷评级明细!$X:$X,"是") -> 3 | Q13: =COUNTIFS(复贷评级明细!$B:$B,"*"&A13&"*",复贷评级明细!$Y:$Y,"是") -> 217
A14: 汇讯职场 | B14: =COUNTIFS(复贷评级明细!$B:$B,"*"&A14&"*",复贷评级明细!$AN:$AN,"S") -> 3 | C14: =COUNTIFS(复贷评级明细!$B:$B,"*"&A14&"*",复贷评级明细!$AN:$AN,"A") -> 6 | D14: =COUNTIFS(复贷评级明细!$B:$B,"*"&A14&"*",复贷评级明细!$AN:$AN,"B") -> 10 | E14: =COUNTIFS(复贷评级明细!$B:$B,"*"&A14&"*",复贷评级明细!$AN:$AN,"C") -> 8 | F14: =SUM(B14:E14) -> 27 | G14: =IF($F$17>0,B14/$F$17,0) -> 0.0050590219 | H14: =IF($F$17>0,C14/$F$17,0) -> 0.010118044 | I14: =IF($F$17>0,D14/$F$17,0) -> 0.016863406 | J14: =IF($F$17>0,E14/$F$17,0) -> 0.013490725 | K14: =IFERROR(AVERAGEIFS(复贷评级明细!$AB:$AB,复贷评级明细!$B:$B,"*"&A14&"*",复贷评级明细!$Z:$Z,"是"),0) -> 87.250453 | L14: =IFERROR(AVERAGEIFS(复贷评级明细!$AC:$AC,复贷评级明细!$B:$B,"*"&A14&"*",复贷评级明细!$Z:$Z,"是"),0) -> 921.39037 | M14: =IFERROR(AVERAGEIFS(复贷评级明细!$AD:$AD,复贷评级明细!$B:$B,"*"&A14&"*",复贷评级明细!$Z:$Z,"是"),0) -> 22513.272 | N14: =IFERROR(AVERAGEIFS(复贷评级明细!$AF:$AF,复贷评级明细!$B:$B,"*"&A14&"*",复贷评级明细!$Z:$Z,"是"),0) -> 124.93085 | O14: =COUNTIF(复贷评级明细!$B:$B,"*"&A14&"*") -> 66 | P14: =COUNTIFS(复贷评级明细!$B:$B,"*"&A14&"*",复贷评级明细!$X:$X,"是") -> 0 | Q14: =COUNTIFS(复贷评级明细!$B:$B,"*"&A14&"*",复贷评级明细!$Y:$Y,"是") -> 39
A15: 翰锐曲靖职场 | B15: =COUNTIFS(复贷评级明细!$B:$B,"*"&A15&"*",复贷评级明细!$AN:$AN,"S") -> 3 | C15: =COUNTIFS(复贷评级明细!$B:$B,"*"&A15&"*",复贷评级明细!$AN:$AN,"A") -> 11 | D15: =COUNTIFS(复贷评级明细!$B:$B,"*"&A15&"*",复贷评级明细!$AN:$AN,"B") -> 18 | E15: =COUNTIFS(复贷评级明细!$B:$B,"*"&A15&"*",复贷评级明细!$AN:$AN,"C") -> 23 | F15: =SUM(B15:E15) -> 55 | G15: =IF($F$17>0,B15/$F$17,0) -> 0.0050590219 | H15: =IF($F$17>0,C15/$F$17,0) -> 0.018549747 | I15: =IF($F$17>0,D15/$F$17,0) -> 0.030354132 | J15: =IF($F$17>0,E15/$F$17,0) -> 0.038785835 | K15: =IFERROR(AVERAGEIFS(复贷评级明细!$AB:$AB,复贷评级明细!$B:$B,"*"&A15&"*",复贷评级明细!$Z:$Z,"是"),0) -> 80.230799 | L15: =IFERROR(AVERAGEIFS(复贷评级明细!$AC:$AC,复贷评级明细!$B:$B,"*"&A15&"*",复贷评级明细!$Z:$Z,"是"),0) -> 693.70382 | M15: =IFERROR(AVERAGEIFS(复贷评级明细!$AD:$AD,复贷评级明细!$B:$B,"*"&A15&"*",复贷评级明细!$Z:$Z,"是"),0) -> 23507.141 | N15: =IFERROR(AVERAGEIFS(复贷评级明细!$AF:$AF,复贷评级明细!$B:$B,"*"&A15&"*",复贷评级明细!$Z:$Z,"是"),0) -> 119.44613 | O15: =COUNTIF(复贷评级明细!$B:$B,"*"&A15&"*") -> 143 | P15: =COUNTIFS(复贷评级明细!$B:$B,"*"&A15&"*",复贷评级明细!$X:$X,"是") -> 2 | Q15: =COUNTIFS(复贷评级明细!$B:$B,"*"&A15&"*",复贷评级明细!$Y:$Y,"是") -> 88
A16: 赛维斯职场 | B16: =COUNTIFS(复贷评级明细!$B:$B,"*"&A16&"*",复贷评级明细!$AN:$AN,"S") -> 4 | C16: =COUNTIFS(复贷评级明细!$B:$B,"*"&A16&"*",复贷评级明细!$AN:$AN,"A") -> 24 | D16: =COUNTIFS(复贷评级明细!$B:$B,"*"&A16&"*",复贷评级明细!$AN:$AN,"B") -> 31 | E16: =COUNTIFS(复贷评级明细!$B:$B,"*"&A16&"*",复贷评级明细!$AN:$AN,"C") -> 18 | F16: =SUM(B16:E16) -> 77 | G16: =IF($F$17>0,B16/$F$17,0) -> 0.0067453626 | H16: =IF($F$17>0,C16/$F$17,0) -> 0.040472175 | I16: =IF($F$17>0,D16/$F$17,0) -> 0.05227656 | J16: =IF($F$17>0,E16/$F$17,0) -> 0.030354132 | K16: =IFERROR(AVERAGEIFS(复贷评级明细!$AB:$AB,复贷评级明细!$B:$B,"*"&A16&"*",复贷评级明细!$Z:$Z,"是"),0) -> 79.906792 | L16: =IFERROR(AVERAGEIFS(复贷评级明细!$AC:$AC,复贷评级明细!$B:$B,"*"&A16&"*",复贷评级明细!$Z:$Z,"是"),0) -> 805.21026 | M16: =IFERROR(AVERAGEIFS(复贷评级明细!$AD:$AD,复贷评级明细!$B:$B,"*"&A16&"*",复贷评级明细!$Z:$Z,"是"),0) -> 21854.925 | N16: =IFERROR(AVERAGEIFS(复贷评级明细!$AF:$AF,复贷评级明细!$B:$B,"*"&A16&"*",复贷评级明细!$Z:$Z,"是"),0) -> 130.90568 | O16: =COUNTIF(复贷评级明细!$B:$B,"*"&A16&"*") -> 197 | P16: =COUNTIFS(复贷评级明细!$B:$B,"*"&A16&"*",复贷评级明细!$X:$X,"是") -> 0 | Q16: =COUNTIFS(复贷评级明细!$B:$B,"*"&A16&"*",复贷评级明细!$Y:$Y,"是") -> 120
A17: 整体 | B17: =SUM(B5:B16) -> 118 | C17: =SUM(C5:C16) -> 178 | D17: =SUM(D5:D16) -> 178 | E17: =SUM(E5:E16) -> 119 | F17: =SUM(F5:F16) -> 593 | G17: =IF(F17>0,B17/F17,0) -> 0.1989882 | H17: =IF(F17>0,C17/F17,0) -> 0.30016863 | I17: =IF(F17>0,D17/F17,0) -> 0.30016863 | J17: =IF(F17>0,E17/F17,0) -> 0.20067454 | K17: =IFERROR(AVERAGEIFS(复贷评级明细!$AB:$AB,复贷评级明细!$Z:$Z,"是"),0) -> 96.302569 | L17: =IFERROR(AVERAGEIFS(复贷评级明细!$AC:$AC,复贷评级明细!$Z:$Z,"是"),0) -> 894.9271 | M17: =IFERROR(AVERAGEIFS(复贷评级明细!$AD:$AD,复贷评级明细!$Z:$Z,"是"),0) -> 24508.748 | N17: =IFERROR(AVERAGEIFS(复贷评级明细!$AF:$AF,复贷评级明细!$Z:$Z,"是"),0) -> 136.25424 | O17: =SUM(O5:O16) -> 1665 | P17: =SUM(P5:P16) -> 10 | Q17: =SUM(Q5:Q16) -> 1072

Sheet 司龄统计
A1: 首贷坐席司龄统计
A2: 有效在岗=外呼天数≥20天 | 流失=超7天未上线 | 预警=连续3天未上线
A3: 一、有效在岗人数（外呼天数≥20天）
A4: 职场 | B4: MOB1- | C4: MOB1-3 | D4: MOB3-6 | E4: MOB6-12 | F4: MOB12+ | G4: 合计 | H4: 平均司龄(天) | I4: MOB1-占比 | J4: MOB1-3占比 | K4: MOB3-6占比 | L4: MOB6-12占比 | M4: MOB12+占比
A5: 人和职场 | B5: =COUNTIFS(首贷评级明细!$B:$B,"*"&A5&"*",首贷评级明细!$AN:$AN,"MOB1-",首贷评级明细!$O:$O,">="&20) -> 0 | C5: =COUNTIFS(首贷评级明细!$B:$B,"*"&A5&"*",首贷评级明细!$AN:$AN,"MOB1-3",首贷评级明细!$O:$O,">="&20) -> 1 | D5: =COUNTIFS(首贷评级明细!$B:$B,"*"&A5&"*",首贷评级明细!$AN:$AN,"MOB3-6",首贷评级明细!$O:$O,">="&20) -> 1 | E5: =COUNTIFS(首贷评级明细!$B:$B,"*"&A5&"*",首贷评级明细!$AN:$AN,"MOB6-12",首贷评级明细!$O:$O,">="&20) -> 2 | F5: =COUNTIFS(首贷评级明细!$B:$B,"*"&A5&"*",首贷评级明细!$AN:$AN,"MOB12+",首贷评级明细!$O:$O,">="&20) -> 8 | G5: =SUM(B5:F5) -> 12 | H5: =IFERROR(AVERAGEIFS(首贷评级明细!$G:$G,首贷评级明细!$B:$B,"*"&A5&"*",首贷评级明细!$O:$O,">="&20),0) -> 527.25 | I5: =IF(G5>0,B5/G5,0) -> 0 | J5: =IF(G5>0,C5/G5,0) -> 0.083333333 | K5: =IF(G5>0,D5/G5,0) -> 0.083333333 | L5: =IF(G5>0,E5/G5,0) -> 0.16666667 | M5: =IF(G5>0,F5/G5,0) -> 0.66666667
A6: 伽玛职场 | B6: =COUNTIFS(首贷评级明细!$B:$B,"*"&A6&"*",首贷评级明细!$AN:$AN,"MOB1-",首贷评级明细!$O:$O,">="&20) -> 4 | C6: =COUNTIFS(首贷评级明细!$B:$B,"*"&A6&"*",首贷评级明细!$AN:$AN,"MOB1-3",首贷评级明细!$O:$O,">="&20) -> 23 | D6: =COUNTIFS(首贷评级明细!$B:$B,"*"&A6&"*",首贷评级明细!$AN:$AN,"MOB3-6",首贷评级明细!$O:$O,">="&20) -> 8 | E6: =COUNTIFS(首贷评级明细!$B:$B,"*"&A6&"*",首贷评级明细!$AN:$AN,"MOB6-12",首贷评级明细!$O:$O,">="&20) -> 8 | F6: =COUNTIFS(首贷评级明细!$B:$B,"*"&A6&"*",首贷评级明细!$AN:$AN,"MOB12+",首贷评级明细!$O:$O,">="&20) -> 18 | G6: =SUM(B6:F6) -> 61 | H6: =IFERROR(AVERAGEIFS(首贷评级明细!$G:$G,首贷评级明细!$B:$B,"*"&A6&"*",首贷评级明细!$O:$O,">="&20),0) -> 324.77049 | I6: =IF(G6>0,B6/G6,0) -> 0.06557377 | J6: =IF(G6>0,C6/G6,0) -> 0.37704918 | K6: =IF(G6>0,D6/G6,0) -> 0.13114754 | L6: =IF(G6>0,E6/G6,0) -> 0.13114754 | M6: =IF(G6>0,F6/G6,0) -> 0.29508197
A7: 华啸职场 | B7: =COUNTIFS(首贷评级明细!$B:$B,"*"&A7&"*",首贷评级明细!$AN:$AN,"MOB1-",首贷评级明细!$O:$O,">="&20) -> 0 | C7: =COUNTIFS(首贷评级明细!$B:$B,"*"&A7&"*",首贷评级明细!$AN:$AN,"MOB1-3",首贷评级明细!$O:$O,">="&20) -> 0 | D7: =COUNTIFS(首贷评级明细!$B:$B,"*"&A7&"*",首贷评级明细!$AN:$AN,"MOB3-6",首贷评级明细!$O:$O,">="&20) -> 0 | E7: =COUNTIFS(首贷评级明细!$B:$B,"*"&A7&"*",首贷评级明细!$AN:$AN,"MOB6-12",首贷评级明细!$O:$O,">="&20) -> 0 | F7: =COUNTIFS(首贷评级明细!$B:$B,"*"&A7&"*",首贷评级明细!$AN:$AN,"MOB12+",首贷评级明细!$O:$O,">="&20) -> 0 | G7: =SUM(B7:F7) -> 0 | H7: =IFERROR(AVERAGEIFS(首贷评级明细!$G:$G,首贷评级明细!$B:$B,"*"&A7&"*",首贷评级明细!$O:$O,">="&20),0) -> 0 | I7: =IF(G7>0,B7/G7,0) -> 0 | J7: =IF(G7>0,C7/G7,0) -> 0 | K7: =IF(G7>0,D7/G7,0) -> 0 | L7: =IF(G7>0,E7/G7,0) -> 0 | M7: =IF(G7>0,F7/G7,0) -> 0
A8: 博岳石家庄职场 | B8: =COUNTIFS(首贷评级明细!$B:$B,"*"&A8&"*",首贷评级明细!$AN:$AN,"MOB1-",首贷评级明细!$O:$O,">="&20) -> 0 | C8: =COUNTIFS(首贷评级明细!$B:$B,"*"&A8&"*",首贷评级明细!$AN:$AN,"MOB1-3",首贷评级明细!$O:$O,">="&20) -> 17 | D8: =COUNTIFS(首贷评级明细!$B:$B,"*"&A8&"*",首贷评级明细!$AN:$AN,"MOB3-6",首贷评级明细!$O:$O,">="&20) -> 2 | E8: =COUNTIFS(首贷评级明细!$B:$B,"*"&A8&"*",首贷评级明细!$AN:$AN,"MOB6-12",首贷评级明细!$O:$O,">="&20) -> 7 | F8: =COUNTIFS(首贷评级明细!$B:$B,"*"&A8&"*",首贷评级明细!$AN:$AN,"MOB12+",首贷评级明细!$O:$O,">="&20) -> 10 | G8: =SUM(B8:F8) -> 36 | H8: =IFERROR(AVERAGEIFS(首贷评级明细!$G:$G,首贷评级明细!$B:$B,"*"&A8&"*",首贷评级明细!$O:$O,">="&20),0) -> 299.11111 | I8: =IF(G8>0,B8/G8,0) -> 0 | J8: =IF(G8>0,C8/G8,0) -> 0.47222222 | K8: =IF(G8>0,D8/G8,0) -> 0.055555556 | L8: =IF(G8>0,E8/G8,0) -> 0.19444444 | M8: =IF(G8>0,F8/G8,0) -> 0.27777778
A9: 宿迁兆科职场 | B9: =COUNTIFS(首贷评级明细!$B:$B,"*"&A9&"*",首贷评级明细!$AN:$AN,"MOB1-",首贷评级明细!$O:$O,">="&20) -> 0 | C9: =COUNTIFS(首贷评级明细!$B:$B,"*"&A9&"*",首贷评级明细!$AN:$AN,"MOB1-3",首贷评级明细!$O:$O,">="&20) -> 3 | D9: =COUNTIFS(首贷评级明细!$B:$B,"*"&A9&"*",首贷评级明细!$AN:$AN,"MOB3-6",首贷评级明细!$O:$O,">="&20) -> 3 | E9: =COUNTIFS(首贷评级明细!$B:$B,"*"&A9&"*",首贷评级明细!$AN:$AN,"MOB6-12",首贷评级明细!$O:$O,">="&20) -> 0 | F9: =COUNTIFS(首贷评级明细!$B:$B,"*"&A9&"*",首贷评级明细!$AN:$AN,"MOB12+",首贷评级明细!$O:$O,">="&20) -> 1 | G9: =SUM(B9:F9) -> 7 | H9: =IFERROR(AVERAGEIFS(首贷评级明细!$G:$G,首贷评级明细!$B:$B,"*"&A9&"*",首贷评级明细!$O:$O,">="&20),0) -> 159.71429 | I9: =IF(G9>0,B9/G9,0) -> 0 | J9: =IF(G9>0,C9/G9,0) -> 0.42857143 | K9: =IF(G9>0,D9/G9,0) -> 0.42857143 | L9: =IF(G9>0,E9/G9,0) -> 0 | M9: =IF(G9>0,F9/G9,0) -> 0.14285714
A10: 岐力职场 | B10: =COUNTIFS(首贷评级明细!$B:$B,"*"&A10&"*",首贷评级明细!$AN:$AN,"MOB1-",首贷评级明细!$O:$O,">="&20) -> 0 | C10: =COUNTIFS(首贷评级明细!$B:$B,"*"&A10&"*",首贷评级明细!$AN:$AN,"MOB1-3",首贷评级明细!$O:$O,">="&20) -> 3 | D10: =COUNTIFS(首贷评级明细!$B:$B,"*"&A10&"*",首贷评级明细!$AN:$AN,"MOB3-6",首贷评级明细!$O:$O,">="&20) -> 0 | E10: =COUNTIFS(首贷评级明细!$B:$B,"*"&A10&"*",首贷评级明细!$AN:$AN,"MOB6-12",首贷评级明细!$O:$O,">="&20) -> 0 | F10: =COUNTIFS(首贷评级明细!$B:$B,"*"&A10&"*",首贷评级明细!$AN:$AN,"MOB12+",首贷评级明细!$O:$O,">="&20) -> 0 | G10: =SUM(B10:F10) -> 3 | H10: =IFERROR(AVERAGEIFS(首贷评级明细!$G:$G,首贷评级明细!$B:$B,"*"&A10&"*",首贷评级明细!$O:$O,">="&20),0) -> 71 | I10: =IF(G10>0,B10/G10,0) -> 0 | J10: =IF(G10>0,C10/G10,0) -> 1 | K10: =IF(G10>0,D10/G10,0) -> 0 | L10: =IF(G10>0,E10/G10,0) -> 0 | M10: =IF(G10>0,F10/G10,0) -> 0
A11: 广达陕西职场 | B11: =COUNTIFS(首贷评级明细!$B:$B,"*"&A11&"*",首贷评级明细!$AN:$AN,"MOB1-",首贷评级明细!$O:$O,">="&20) -> 0 | C11: =COUNTIFS(首贷评级明细!$B:$B,"*"&A11&"*",首贷评级明细!$AN:$AN,"MOB1-3",首贷评级明细!$O:$O,">="&20) -> 2 | D11: =COUNTIFS(首贷评级明细!$B:$B,"*"&A11&"*",首贷评级明细!$AN:$AN,"MOB3-6",首贷评级明细!$O:$O,">="&20) -> 3 | E11: =COUNTIFS(首贷评级明细!$B:$B,"*"&A11&"*",首贷评级明细!$AN:$AN,"MOB6-12",首贷评级明细!$O:$O,">="&20) -> 0 | F11: =COUNTIFS(首贷评级明细!$B:$B,"*"&A11&"*",首贷评级明细!$AN:$AN,"MOB12+",首贷评级明细!$O:$O,">="&20) -> 16 | G11: =SUM(B11:F11) -> 21 | H11: =IFERROR(AVERAGEIFS(首贷评级明细!$G:$G,首贷评级明细!$B:$B,"*"&A11&"*",首贷评级明细!$O:$O,">="&20),0) -> 908.61905 | I11: =IF(G11>0,B11/G11,0) -> 0 | J11: =IF(G11>0,C11/G11,0) -> 0.095238095 | K11: =IF(G11>0,D11/G11,0) -> 0.14285714 | L11: =IF(G11>0,E11/G11,0) -> 0 | M11: =IF(G11>0,F11/G11,0) -> 0.76190476
A12: 毅航合肥职场 | B12: =COUNTIFS(首贷评级明细!$B:$B,"*"&A12&"*",首贷评级明细!$AN:$AN,"MOB1-",首贷评级明细!$O:$O,">="&20) -> 3 | C12: =COUNTIFS(首贷评级明细!$B:$B,"*"&A12&"*",首贷评级明细!$AN:$AN,"MOB1-3",首贷评级明细!$O:$O,">="&20) -> 41 | D12: =COUNTIFS(首贷评级明细!$B:$B,"*"&A12&"*",首贷评级明细!$AN:$AN,"MOB3-6",首贷评级明细!$O:$O,">="&20) -> 11 | E12: =COUNTIFS(首贷评级明细!$B:$B,"*"&A12&"*",首贷评级明细!$AN:$AN,"MOB6-12",首贷评级明细!$O:$O,">="&20) -> 23 | F12: =COUNTIFS(首贷评级明细!$B:$B,"*"&A12&"*",首贷评级明细!$AN:$AN,"MOB12+",首贷评级明细!$O:$O,">="&20) -> 94 | G12: =SUM(B12:F12) -> 172 | H12: =IFERROR(AVERAGEIFS(首贷评级明细!$G:$G,首贷评级明细!$B:$B,"*"&A12&"*",首贷评级明细!$O:$O,">="&20),0) -> 570.65116 | I12: =IF(G12>0,B12/G12,0) -> 0.01744186 | J12: =IF(G12>0,C12/G12,0) -> 0.23837209 | K12: =IF(G12>0,D12/G12,0) -> 0.063953488 | L12: =IF(G12>0,E12/G12,0) -> 0.13372093 | M12: =IF(G12>0,F12/G12,0) -> 0.54651163
A13: 毛毛虫职场 | B13: =COUNTIFS(首贷评级明细!$B:$B,"*"&A13&"*",首贷评级明细!$AN:$AN,"MOB1-",首贷评级明细!$O:$O,">="&20) -> 2 | C13: =COUNTIFS(首贷评级明细!$B:$B,"*"&A13&"*",首贷评级明细!$AN:$AN,"MOB1-3",首贷评级明细!$O:$O,">="&20) -> 27 | D13: =COUNTIFS(首贷评级明细!$B:$B,"*"&A13&"*",首贷评级明细!$AN:$AN,"MOB3-6",首贷评级明细!$O:$O,">="&20) -> 12 | E13: =COUNTIFS(首贷评级明细!$B:$B,"*"&A13&"*",首贷评级明细!$AN:$AN,"MOB6-12",首贷评级明细!$O:$O,">="&20) -> 17 | F13: =COUNTIFS(首贷评级明细!$B:$B,"*"&A13&"*",首贷评级明细!$AN:$AN,"MOB12+",首贷评级明细!$O:$O,">="&20) -> 77 | G13: =SUM(B13:F13) -> 135 | H13: =IFERROR(AVERAGEIFS(首贷评级明细!$G:$G,首贷评级明细!$B:$B,"*"&A13&"*",首贷评级明细!$O:$O,">="&20),0) -> 602.36296 | I13: =IF(G13>0,B13/G13,0) -> 0.014814815 | J13: =IF(G13>0,C13/G13,0) -> 0.2 | K13: =IF(G13>0,D13/G13,0) -> 0.088888889 | L13: =IF(G13>0,E13/G13,0) -> 0.12592593 | M13: =IF(G13>0,F13/G13,0) -> 0.57037037
A14: 汇讯职场 | B14: =COUNTIFS(首贷评级明细!$B:$B,"*"&A14&"*",首贷评级明细!$AN:$AN,"MOB1-",首贷评级明细!$O:$O,">="&20) -> 0 | C14: =COUNTIFS(首贷评级明细!$B:$B,"*"&A14&"*",首贷评级明细!$AN:$AN,"MOB1-3",首贷评级明细!$O:$O,">="&20) -> 26 | D14: =COUNTIFS(首贷评级明细!$B:$B,"*"&A14&"*",首贷评级明细!$AN:$AN,"MOB3-6",首贷评级明细!$O:$O,">="&20) -> 4 | E14: =COUNTIFS(首贷评级明细!$B:$B,"*"&A14&"*",首贷评级明细!$AN:$AN,"MOB6-12",首贷评级明细!$O:$O,">="&20) -> 4 | F14: =COUNTIFS(首贷评级明细!$B:$B,"*"&A14&"*",首贷评级明细!$AN:$AN,"MOB12+",首贷评级明细!$O:$O,">="&20) -> 16 | G14: =SUM(B14:F14) -> 50 | H14: =IFERROR(AVERAGEIFS(首贷评级明细!$G:$G,首贷评级明细!$B:$B,"*"&A14&"*",首贷评级明细!$O:$O,">="&20),0) -> 247.74 | I14: =IF(G14>0,B14/G14,0) -> 0 | J14: =IF(G14>0,C14/G14,0) -> 0.52 | K14: =IF(G14>0,D14/G14,0) -> 0.08 | L14: =IF(G14>0,E14/G14,0) -> 0.08 | M14: =IF(G14>0,F14/G14,0) -> 0.32
A15: 翰锐曲靖职场 | B15: =COUNTIFS(首贷评级明细!$B:$B,"*"&A15&"*",首贷评级明细!$AN:$AN,"MOB1-",首贷评级明细!$O:$O,">="&20) -> 2 | C15: =COUNTIFS(首贷评级明细!$B:$B,"*"&A15&"*",首贷评级明细!$AN:$AN,"MOB1-3",首贷评级明细!$O:$O,">="&20) -> 8 | D15: =COUNTIFS(首贷评级明细!$B:$B,"*"&A15&"*",首贷评级明细!$AN:$AN,"MOB3-6",首贷评级明细!$O:$O,">="&20) -> 0 | E15: =COUNTIFS(首贷评级明细!$B:$B,"*"&A15&"*",首贷评级明细!$AN:$AN,"MOB6-12",首贷评级明细!$O:$O,">="&20) -> 1 | F15: =COUNTIFS(首贷评级明细!$B:$B,"*"&A15&"*",首贷评级明细!$AN:$AN,"MOB12+",首贷评级明细!$O:$O,">="&20) -> 10 | G15: =SUM(B15:F15) -> 21 | H15: =IFERROR(AVERAGEIFS(首贷评级明细!$G:$G,首贷评级明细!$B:$B,"*"&A15&"*",首贷评级明细!$O:$O,">="&20),0) -> 614.61905 | I15: =IF(G15>0,B15/G15,0) -> 0.095238095 | J15: =IF(G15>0,C15/G15,0) -> 0.38095238 | K15: =IF(G15>0,D15/G15,0) -> 0 | L15: =IF(G15>0,E15/G15,0) -> 0.047619048 | M15: =IF(G15>0,F15/G15,0) -> 0.47619048
A16: 赛维斯职场 | B16: =COUNTIFS(首贷评级明细!$B:$B,"*"&A16&"*",首贷评级明细!$AN:$AN,"MOB1-",首贷评级明细!$O:$O,">="&20) -> 0 | C16: =COUNTIFS(首贷评级明细!$B:$B,"*"&A16&"*",首贷评级明细!$AN:$AN,"MOB1-3",首贷评级明细!$O:$O,">="&20) -> 7 | D16: =COUNTIFS(首贷评级明细!$B:$B,"*"&A16&"*",首贷评级明细!$AN:$AN,"MOB3-6",首贷评级明细!$O:$O,">="&20) -> 1 | E16: =COUNTIFS(首贷评级明细!$B:$B,"*"&A16&"*",首贷评级明细!$AN:$AN,"MOB6-12",首贷评级明细!$O:$O,">="&20) -> 1 | F16: =COUNTIFS(首贷评级明细!$B:$B,"*"&A16&"*",首贷评级明细!$AN:$AN,"MOB12+",首贷评级明细!$O:$O,">="&20) -> 35 | G16: =SUM(B16:F16) -> 44 | H16: =IFERROR(AVERAGEIFS(首贷评级明细!$G:$G,首贷评级明细!$B:$B,"*"&A16&"*",首贷评级明细!$O:$O,">="&20),0) -> 774.56818 | I16: =IF(G16>0,B16/G16,0) -> 0 | J16: =IF(G16>0,C16/G16,0) -> 0.15909091 | K16: =IF(G16>0,D16/G16,0) -> 0.022727273 | L16: =IF(G16>0,E16/G16,0) -> 0.022727273 | M16: =IF(G16>0,F16/G16,0) -> 0.79545455
A17: 整体 | B17: =SUM(B5:B16) -> 11 | C17: =SUM(C5:C16) -> 158 | D17: =SUM(D5:D16) -> 45 | E17: =SUM(E5:E16) -> 63 | F17: =SUM(F5:F16) -> 285 | G17: =SUM(G5:G16) -> 562 | H17: =IFERROR(AVERAGEIFS(首贷评级明细!$G:$G,首贷评级明细!$O:$O,">="&20),0) -> 526.98221 | I17: =IF(G17>0,B17/G17,0) -> 0.019572954 | J17: =IF(G17>0,C17/G17,0) -> 0.28113879 | K17: =IF(G17>0,D17/G17,0) -> 0.080071174 | L17: =IF(G17>0,E17/G17,0) -> 0.11209964 | M17: =IF(G17>0,F17/G17,0) -> 0.50711744
A21: 复贷坐席司龄统计
A22: 有效在岗=外呼天数≥20天 | 流失=超7天未上线 | 预警=连续3天未上线
A23: 一、有效在岗人数（外呼天数≥20天）
A24: 职场 | B24: MOB1- | C24: MOB1-3 | D24: MOB3-6 | E24: MOB6-12 | F24: MOB12+ | G24: 合计 | H24: 平均司龄(天) | I24: MOB1-占比 | J24: MOB1-3占比 | K24: MOB3-6占比 | L24: MOB6-12占比 | M24: MOB12+占比
A25: 人和职场 | B25: =COUNTIFS(复贷评级明细!$B:$B,"*"&A25&"*",复贷评级明细!$AO:$AO,"MOB1-",复贷评级明细!$O:$O,">="&20) -> 1 | C25: =COUNTIFS(复贷评级明细!$B:$B,"*"&A25&"*",复贷评级明细!$AO:$AO,"MOB1-3",复贷评级明细!$O:$O,">="&20) -> 7 | D25: =COUNTIFS(复贷评级明细!$B:$B,"*"&A25&"*",复贷评级明细!$AO:$AO,"MOB3-6",复贷评级明细!$O:$O,">="&20) -> 6 | E25: =COUNTIFS(复贷评级明细!$B:$B,"*"&A25&"*",复贷评级明细!$AO:$AO,"MOB6-12",复贷评级明细!$O:$O,">="&20) -> 1 | F25: =COUNTIFS(复贷评级明细!$B:$B,"*"&A25&"*",复贷评级明细!$AO:$AO,"MOB12+",复贷评级明细!$O:$O,">="&20) -> 2 | G25: =SUM(B25:F25) -> 17 | H25: =IFERROR(AVERAGEIFS(复贷评级明细!$G:$G,复贷评级明细!$B:$B,"*"&A25&"*",复贷评级明细!$O:$O,">="&20),0) -> 142.35294 | I25: =IF(G25>0,B25/G25,0) -> 0.058823529 | J25: =IF(G25>0,C25/G25,0) -> 0.41176471 | K25: =IF(G25>0,D25/G25,0) -> 0.35294118 | L25: =IF(G25>0,E25/G25,0) -> 0.058823529 | M25: =IF(G25>0,F25/G25,0) -> 0.11764706
A26: 伽玛职场 | B26: =COUNTIFS(复贷评级明细!$B:$B,"*"&A26&"*",复贷评级明细!$AO:$AO,"MOB1-",复贷评级明细!$O:$O,">="&20) -> 2 | C26: =COUNTIFS(复贷评级明细!$B:$B,"*"&A26&"*",复贷评级明细!$AO:$AO,"MOB1-3",复贷评级明细!$O:$O,">="&20) -> 29 | D26: =COUNTIFS(复贷评级明细!$B:$B,"*"&A26&"*",复贷评级明细!$AO:$AO,"MOB3-6",复贷评级明细!$O:$O,">="&20) -> 17 | E26: =COUNTIFS(复贷评级明细!$B:$B,"*"&A26&"*",复贷评级明细!$AO:$AO,"MOB6-12",复贷评级明细!$O:$O,">="&20) -> 21 | F26: =COUNTIFS(复贷评级明细!$B:$B,"*"&A26&"*",复贷评级明细!$AO:$AO,"MOB12+",复贷评级明细!$O:$O,">="&20) -> 28 | G26: =SUM(B26:F26) -> 97 | H26: =IFERROR(AVERAGEIFS(复贷评级明细!$G:$G,复贷评级明细!$B:$B,"*"&A26&"*",复贷评级明细!$O:$O,">="&20),0) -> 255.29897 | I26: =IF(G26>0,B26/G26,0) -> 0.020618557 | J26: =IF(G26>0,C26/G26,0) -> 0.29896907 | K26: =IF(G26>0,D26/G26,0) -> 0.17525773 | L26: =IF(G26>0,E26/G26,0) -> 0.21649485 | M26: =IF(G26>0,F26/G26,0) -> 0.28865979
A27: 华啸职场 | B27: =COUNTIFS(复贷评级明细!$B:$B,"*"&A27&"*",复贷评级明细!$AO:$AO,"MOB1-",复贷评级明细!$O:$O,">="&20) -> 0 | C27: =COUNTIFS(复贷评级明细!$B:$B,"*"&A27&"*",复贷评级明细!$AO:$AO,"MOB1-3",复贷评级明细!$O:$O,">="&20) -> 21 | D27: =COUNTIFS(复贷评级明细!$B:$B,"*"&A27&"*",复贷评级明细!$AO:$AO,"MOB3-6",复贷评级明细!$O:$O,">="&20) -> 2 | E27: =COUNTIFS(复贷评级明细!$B:$B,"*"&A27&"*",复贷评级明细!$AO:$AO,"MOB6-12",复贷评级明细!$O:$O,">="&20) -> 0 | F27: =COUNTIFS(复贷评级明细!$B:$B,"*"&A27&"*",复贷评级明细!$AO:$AO,"MOB12+",复贷评级明细!$O:$O,">="&20) -> 0 | G27: =SUM(B27:F27) -> 23 | H27: =IFERROR(AVERAGEIFS(复贷评级明细!$G:$G,复贷评级明细!$B:$B,"*"&A27&"*",复贷评级明细!$O:$O,">="&20),0) -> 66.391304 | I27: =IF(G27>0,B27/G27,0) -> 0 | J27: =IF(G27>0,C27/G27,0) -> 0.91304348 | K27: =IF(G27>0,D27/G27,0) -> 0.086956522 | L27: =IF(G27>0,E27/G27,0) -> 0 | M27: =IF(G27>0,F27/G27,0) -> 0
A28: 博岳石家庄职场 | B28: =COUNTIFS(复贷评级明细!$B:$B,"*"&A28&"*",复贷评级明细!$AO:$AO,"MOB1-",复贷评级明细!$O:$O,">="&20) -> 1 | C28: =COUNTIFS(复贷评级明细!$B:$B,"*"&A28&"*",复贷评级明细!$AO:$AO,"MOB1-3",复贷评级明细!$O:$O,">="&20) -> 25 | D28: =COUNTIFS(复贷评级明细!$B:$B,"*"&A28&"*",复贷评级明细!$AO:$AO,"MOB3-6",复贷评级明细!$O:$O,">="&20) -> 6 | E28: =COUNTIFS(复贷评级明细!$B:$B,"*"&A28&"*",复贷评级明细!$AO:$AO,"MOB6-12",复贷评级明细!$O:$O,">="&20) -> 8 | F28: =COUNTIFS(复贷评级明细!$B:$B,"*"&A28&"*",复贷评级明细!$AO:$AO,"MOB12+",复贷评级明细!$O:$O,">="&20) -> 8 | G28: =SUM(B28:F28) -> 48 | H28: =IFERROR(AVERAGEIFS(复贷评级明细!$G:$G,复贷评级明细!$B:$B,"*"&A28&"*",复贷评级明细!$O:$O,">="&20),0) -> 282.375 | I28: =IF(G28>0,B28/G28,0) -> 0.020833333 | J28: =IF(G28>0,C28/G28,0) -> 0.52083333 | K28: =IF(G28>0,D28/G28,0) -> 0.125 | L28: =IF(G28>0,E28/G28,0) -> 0.16666667 | M28: =IF(G28>0,F28/G28,0) -> 0.16666667
A29: 宿迁兆科职场 | B29: =COUNTIFS(复贷评级明细!$B:$B,"*"&A29&"*",复贷评级明细!$AO:$AO,"MOB1-",复贷评级明细!$O:$O,">="&20) -> 0 | C29: =COUNTIFS(复贷评级明细!$B:$B,"*"&A29&"*",复贷评级明细!$AO:$AO,"MOB1-3",复贷评级明细!$O:$O,">="&20) -> 7 | D29: =COUNTIFS(复贷评级明细!$B:$B,"*"&A29&"*",复贷评级明细!$AO:$AO,"MOB3-6",复贷评级明细!$O:$O,">="&20) -> 0 | E29: =COUNTIFS(复贷评级明细!$B:$B,"*"&A29&"*",复贷评级明细!$AO:$AO,"MOB6-12",复贷评级明细!$O:$O,">="&20) -> 1 | F29: =COUNTIFS(复贷评级明细!$B:$B,"*"&A29&"*",复贷评级明细!$AO:$AO,"MOB12+",复贷评级明细!$O:$O,">="&20) -> 0 | G29: =SUM(B29:F29) -> 8 | H29: =IFERROR(AVERAGEIFS(复贷评级明细!$G:$G,复贷评级明细!$B:$B,"*"&A29&"*",复贷评级明细!$O:$O,">="&20),0) -> 83.25 | I29: =IF(G29>0,B29/G29,0) -> 0 | J29: =IF(G29>0,C29/G29,0) -> 0.875 | K29: =IF(G29>0,D29/G29,0) -> 0 | L29: =IF(G29>0,E29/G29,0) -> 0.125 | M29: =IF(G29>0,F29/G29,0) -> 0
A30: 岐力职场 | B30: =COUNTIFS(复贷评级明细!$B:$B,"*"&A30&"*",复贷评级明细!$AO:$AO,"MOB1-",复贷评级明细!$O:$O,">="&20) -> 0 | C30: =COUNTIFS(复贷评级明细!$B:$B,"*"&A30&"*",复贷评级明细!$AO:$AO,"MOB1-3",复贷评级明细!$O:$O,">="&20) -> 37 | D30: =COUNTIFS(复贷评级明细!$B:$B,"*"&A30&"*",复贷评级明细!$AO:$AO,"MOB3-6",复贷评级明细!$O:$O,">="&20) -> 8 | E30: =COUNTIFS(复贷评级明细!$B:$B,"*"&A30&"*",复贷评级明细!$AO:$AO,"MOB6-12",复贷评级明细!$O:$O,">="&20) -> 12 | F30: =COUNTIFS(复贷评级明细!$B:$B,"*"&A30&"*",复贷评级明细!$AO:$AO,"MOB12+",复贷评级明细!$O:$O,">="&20) -> 0 | G30: =SUM(B30:F30) -> 57 | H30: =IFERROR(AVERAGEIFS(复贷评级明细!$G:$G,复贷评级明细!$B:$B,"*"&A30&"*",复贷评级明细!$O:$O,">="&20),0) -> 118.36842 | I30: =IF(G30>0,B30/G30,0) -> 0 | J30: =IF(G30>0,C30/G30,0) -> 0.64912281 | K30: =IF(G30>0,D30/G30,0) -> 0.14035088 | L30: =IF(G30>0,E30/G30,0) -> 0.21052632 | M30: =IF(G30>0,F30/G30,0) -> 0
A31: 广达陕西职场 | B31: =COUNTIFS(复贷评级明细!$B:$B,"*"&A31&"*",复贷评级明细!$AO:$AO,"MOB1-",复贷评级明细!$O:$O,">="&20) -> 0 | C31: =COUNTIFS(复贷评级明细!$B:$B,"*"&A31&"*",复贷评级明细!$AO:$AO,"MOB1-3",复贷评级明细!$O:$O,">="&20) -> 8 | D31: =COUNTIFS(复贷评级明细!$B:$B,"*"&A31&"*",复贷评级明细!$AO:$AO,"MOB3-6",复贷评级明细!$O:$O,">="&20) -> 12 | E31: =COUNTIFS(复贷评级明细!$B:$B,"*"&A31&"*",复贷评级明细!$AO:$AO,"MOB6-12",复贷评级明细!$O:$O,">="&20) -> 6 | F31: =COUNTIFS(复贷评级明细!$B:$B,"*"&A31&"*",复贷评级明细!$AO:$AO,"MOB12+",复贷评级明细!$O:$O,">="&20) -> 2 | G31: =SUM(B31:F31) -> 28 | H31: =IFERROR(AVERAGEIFS(复贷评级明细!$G:$G,复贷评级明细!$B:$B,"*"&A31&"*",复贷评级明细!$O:$O,">="&20),0) -> 202.35714 | I31: =IF(G31>0,B31/G31,0) -> 0 | J31: =IF(G31>0,C31/G31,0) -> 0.28571429 | K31: =IF(G31>0,D31/G31,0) -> 0.42857143 | L31: =IF(G31>0,E31/G31,0) -> 0.21428571 | M31: =IF(G31>0,F31/G31,0) -> 0.071428571
A32: 毅航合肥职场 | B32: =COUNTIFS(复贷评级明细!$B:$B,"*"&A32&"*",复贷评级明细!$AO:$AO,"MOB1-",复贷评级明细!$O:$O,">="&20) -> 7 | C32: =COUNTIFS(复贷评级明细!$B:$B,"*"&A32&"*",复贷评级明细!$AO:$AO,"MOB1-3",复贷评级明细!$O:$O,">="&20) -> 39 | D32: =COUNTIFS(复贷评级明细!$B:$B,"*"&A32&"*",复贷评级明细!$AO:$AO,"MOB3-6",复贷评级明细!$O:$O,">="&20) -> 26 | E32: =COUNTIFS(复贷评级明细!$B:$B,"*"&A32&"*",复贷评级明细!$AO:$AO,"MOB6-12",复贷评级明细!$O:$O,">="&20) -> 27 | F32: =COUNTIFS(复贷评级明细!$B:$B,"*"&A32&"*",复贷评级明细!$AO:$AO,"MOB12+",复贷评级明细!$O:$O,">="&20) -> 34 | G32: =SUM(B32:F32) -> 133 | H32: =IFERROR(AVERAGEIFS(复贷评级明细!$G:$G,复贷评级明细!$B:$B,"*"&A32&"*",复贷评级明细!$O:$O,">="&20),0) -> 265.60902 | I32: =IF(G32>0,B32/G32,0) -> 0.052631579 | J32: =IF(G32>0,C32/G32,0) -> 0.29323308 | K32: =IF(G32>0,D32/G32,0) -> 0.19548872 | L32: =IF(G32>0,E32/G32,0) -> 0.20300752 | M32: =IF(G32>0,F32/G32,0) -> 0.2556391
A33: 毛毛虫职场 | B33: =COUNTIFS(复贷评级明细!$B:$B,"*"&A33&"*",复贷评级明细!$AO:$AO,"MOB1-",复贷评级明细!$O:$O,">="&20) -> 3 | C33: =COUNTIFS(复贷评级明细!$B:$B,"*"&A33&"*",复贷评级明细!$AO:$AO,"MOB1-3",复贷评级明细!$O:$O,">="&20) -> 9 | D33: =COUNTIFS(复贷评级明细!$B:$B,"*"&A33&"*",复贷评级明细!$AO:$AO,"MOB3-6",复贷评级明细!$O:$O,">="&20) -> 7 | E33: =COUNTIFS(复贷评级明细!$B:$B,"*"&A33&"*",复贷评级明细!$AO:$AO,"MOB6-12",复贷评级明细!$O:$O,">="&20) -> 13 | F33: =COUNTIFS(复贷评级明细!$B:$B,"*"&A33&"*",复贷评级明细!$AO:$AO,"MOB12+",复贷评级明细!$O:$O,">="&20) -> 22 | G33: =SUM(B33:F33) -> 54 | H33: =IFERROR(AVERAGEIFS(复贷评级明细!$G:$G,复贷评级明细!$B:$B,"*"&A33&"*",复贷评级明细!$O:$O,">="&20),0) -> 307.53704 | I33: =IF(G33>0,B33/G33,0) -> 0.055555556 | J33: =IF(G33>0,C33/G33,0) -> 0.16666667 | K33: =IF(G33>0,D33/G33,0) -> 0.12962963 | L33: =IF(G33>0,E33/G33,0) -> 0.24074074 | M33: =IF(G33>0,F33/G33,0) -> 0.40740741
A34: 汇讯职场 | B34: =COUNTIFS(复贷评级明细!$B:$B,"*"&A34&"*",复贷评级明细!$AO:$AO,"MOB1-",复贷评级明细!$O:$O,">="&20) -> 1 | C34: =COUNTIFS(复贷评级明细!$B:$B,"*"&A34&"*",复贷评级明细!$AO:$AO,"MOB1-3",复贷评级明细!$O:$O,">="&20) -> 6 | D34: =COUNTIFS(复贷评级明细!$B:$B,"*"&A34&"*",复贷评级明细!$AO:$AO,"MOB3-6",复贷评级明细!$O:$O,">="&20) -> 1 | E34: =COUNTIFS(复贷评级明细!$B:$B,"*"&A34&"*",复贷评级明细!$AO:$AO,"MOB6-12",复贷评级明细!$O:$O,">="&20) -> 4 | F34: =COUNTIFS(复贷评级明细!$B:$B,"*"&A34&"*",复贷评级明细!$AO:$AO,"MOB12+",复贷评级明细!$O:$O,">="&20) -> 15 | G34: =SUM(B34:F34) -> 27 | H34: =IFERROR(AVERAGEIFS(复贷评级明细!$G:$G,复贷评级明细!$B:$B,"*"&A34&"*",复贷评级明细!$O:$O,">="&20),0) -> 582.62963 | I34: =IF(G34>0,B34/G34,0) -> 0.037037037 | J34: =IF(G34>0,C34/G34,0) -> 0.22222222 | K34: =IF(G34>0,D34/G34,0) -> 0.037037037 | L34: =IF(G34>0,E34/G34,0) -> 0.14814815 | M34: =IF(G34>0,F34/G34,0) -> 0.55555556
A35: 翰锐曲靖职场 | B35: =COUNTIFS(复贷评级明细!$B:$B,"*"&A35&"*",复贷评级明细!$AO:$AO,"MOB1-",复贷评级明细!$O:$O,">="&20) -> 4 | C35: =COUNTIFS(复贷评级明细!$B:$B,"*"&A35&"*",复贷评级明细!$AO:$AO,"MOB1-3",复贷评级明细!$O:$O,">="&20) -> 14 | D35: =COUNTIFS(复贷评级明细!$B:$B,"*"&A35&"*",复贷评级明细!$AO:$AO,"MOB3-6",复贷评级明细!$O:$O,">="&20) -> 5 | E35: =COUNTIFS(复贷评级明细!$B:$B,"*"&A35&"*",复贷评级明细!$AO:$AO,"MOB6-12",复贷评级明细!$O:$O,">="&20) -> 10 | F35: =COUNTIFS(复贷评级明细!$B:$B,"*"&A35&"*",复贷评级明细!$AO:$AO,"MOB12+",复贷评级明细!$O:$O,">="&20) -> 25 | G35: =SUM(B35:F35) -> 58 | H35: =IFERROR(AVERAGEIFS(复贷评级明细!$G:$G,复贷评级明细!$B:$B,"*"&A35&"*",复贷评级明细!$O:$O,">="&20),0) -> 344.53448 | I35: =IF(G35>0,B35/G35,0) -> 0.068965517 | J35: =IF(G35>0,C35/G35,0) -> 0.24137931 | K35: =IF(G35>0,D35/G35,0) -> 0.086206897 | L35: =IF(G35>0,E35/G35,0) -> 0.17241379 | M35: =IF(G35>0,F35/G35,0) -> 0.43103448
A36: 赛维斯职场 | B36: =COUNTIFS(复贷评级明细!$B:$B,"*"&A36&"*",复贷评级明细!$AO:$AO,"MOB1-",复贷评级明细!$O:$O,">="&20) -> 3 | C36: =COUNTIFS(复贷评级明细!$B:$B,"*"&A36&"*",复贷评级明细!$AO:$AO,"MOB1-3",复贷评级明细!$O:$O,">="&20) -> 47 | D36: =COUNTIFS(复贷评级明细!$B:$B,"*"&A36&"*",复贷评级明细!$AO:$AO,"MOB3-6",复贷评级明细!$O:$O,">="&20) -> 3 | E36: =COUNTIFS(复贷评级明细!$B:$B,"*"&A36&"*",复贷评级明细!$AO:$AO,"MOB6-12",复贷评级明细!$O:$O,">="&20) -> 7 | F36: =COUNTIFS(复贷评级明细!$B:$B,"*"&A36&"*",复贷评级明细!$AO:$AO,"MOB12+",复贷评级明细!$O:$O,">="&20) -> 29 | G36: =SUM(B36:F36) -> 89 | H36: =IFERROR(AVERAGEIFS(复贷评级明细!$G:$G,复贷评级明细!$B:$B,"*"&A36&"*",复贷评级明细!$O:$O,">="&20),0) -> 234.70787 | I36: =IF(G36>0,B36/G36,0) -> 0.033707865 | J36: =IF(G36>0,C36/G36,0) -> 0.52808989 | K36: =IF(G36>0,D36/G36,0) -> 0.033707865 | L36: =IF(G36>0,E36/G36,0) -> 0.078651685 | M36: =IF(G36>0,F36/G36,0) -> 0.3258427
A37: 整体 | B37: =SUM(B25:B36) -> 22 | C37: =SUM(C25:C36) -> 249 | D37: =SUM(D25:D36) -> 93 | E37: =SUM(E25:E36) -> 110 | F37: =SUM(F25:F36) -> 165 | G37: =SUM(G25:G36) -> 639 | H37: =IFERROR(AVERAGEIFS(复贷评级明细!$G:$G,复贷评级明细!$O:$O,">="&20),0) -> 256.46322 | I37: =IF(G37>0,B37/G37,0) -> 0.034428795 | J37: =IF(G37>0,C37/G37,0) -> 0.38967136 | K37: =IF(G37>0,D37/G37,0) -> 0.14553991 | L37: =IF(G37>0,E37/G37,0) -> 0.17214397 | M37: =IF(G37>0,F37/G37,0) -> 0.25821596

Sheet 首贷评级明细
A1: 坐席类型 | B1: 职场名称 | C1: 坐席id | D1: 坐席名称 | E1: 210客户池首次外呼日期 | F1: 金条业务首次外呼日期 | G1: 210客户池在职天数 | H1: 金条业务线在职日期 | I1: 最近一次有效外呼时间 | J1: 接通用户数 | K1: 接通话单数 | L1: 有效接通数话单数 | M1: 近30天累计通时（秒） | N1: 近30天累计有效通时 | O1: 近30天外呼天数（通话时长>30分钟天数） | P1: 近30日累计转化首贷用户数 | Q1: 近30日累计转化首贷GMV | R1: 近30日累计转化t0首贷GMV | S1: 近30日累计转化复贷用户数 | T1: 近30日累计转化复贷订单数 | U1: 近30日累计转化复贷GMV | V1: 近30日累计转化t0复贷GMV | W1: 近30日累计转化GMV | X1: 超7天未上线 | Y1: 外呼天数不足22天 | Z1: 是否参评 | AA1: 连续3天未上线预警 | AB1: 个人ATT(秒) | AC1: 转化率% | AD1: 首贷件均(元) | AE1: T0首贷GMV(万) | AF1: 日均有效通时(分钟) | AG1: ATT得分 | AH1: 转化率得分 | AI1: T0GMV得分 | AJ1: 通时得分 | AK1: 综合得分 | AL1: 参评排名 | AM1: 等级 | AN1: 司龄分段
A2: 首贷 | B2: 管户金条-赛维斯职场 | C2: 601489 | D2: 于天赋 | E2: 45127.408 | F2: 45127.408 | G2: 1027 | H2: 1027 | I2: 46154.65 | J2: 1355 | K2: 1378 | L2: 628 | M2: 54355 | N2: 43117 | O2: 22 | P2: 13 | Q2: 172000 | R2: 165900 | S2: 0 | T2: 0 | W2: 172000 | X2: =IF(OR(I2="",说明首页!$C$3-INT(I2)>7),"是","否") -> 否 | Y2: =IF(OR(O2="",O2<22),"是","否") -> 否 | Z2: =IF(AND(X2="否",Y2="否"),"是","否") -> 是 | AA2: =IF(OR(I2="",说明首页!$C$3-INT(I2)>=3),"是","否") -> 否 | AB2: =IFERROR(IF(L2>0,N2/L2,0),0) -> 68.657643 | AC2: =IFERROR(IF(J2>0,P2/J2*100,0),0) -> 0.95940959 | AD2: =IFERROR(IF(AND(P2<>"",P2>0),Q2/P2,0),0) -> 13230.769 | AE2: =IFERROR(IF(R2="",0,R2/10000),0) -> 16.59 | AF2: =IFERROR(IF(O2>0,N2/O2/60,0),0) -> 32.664394 | AG2: =IF(Z2="是",COUNTIFS($Z$2:$Z$4650,"是",$AB$2:$AB$4650,"<"&AB2)/COUNTIF($Z$2:$Z$4650,"是")*100,"") -> 6.2146893 | AH2: =IF(Z2="是",COUNTIFS($Z$2:$Z$4650,"是",$AC$2:$AC$4650,"<"&AC2)/COUNTIF($Z$2:$Z$4650,"是")*100,"") -> 57.250471 | AI2: =IF(Z2="是",COUNTIFS($Z$2:$Z$4650,"是",$AE$2:$AE$4650,"<"&AE2)/COUNTIF($Z$2:$Z$4650,"是")*100,"") -> 6.5913371 | AJ2: =IF(Z2="是",COUNTIFS($Z$2:$Z$4650,"是",$AF$2:$AF$4650,"<"&AF2)/COUNTIF($Z$2:$Z$4650,"是")*100,"") -> 0 | AK2: =IF(Z2="是",ROUND(AG2*0.15+AH2*0.45+AI2*0.2+AJ2*0.2,2),"") -> 28.01 | AL2: =IF(Z2="是",COUNTIFS($Z$2:$Z$4650,"是",$AK$2:$AK$4650,">"&AK2)+1,"") -> 432 | AM2: =IF(Z2<>"是","非参评",IF(AND(AL2<=COUNTIF($Z$2:$Z$4650,"是")*0.2,AC2>MEDIAN(IF($Z$2:$Z$4650="是",$AC$2:$AC$4650))),"S",IF(AL2<=COUNTIF($Z$2:$Z$4650,"是")*0.5,"A",IF(AL2<=COUNTIF($Z$2:$Z$4650,"是")*0.8,"B","C")))) -> C | AN2: =IF(G2="","无数据",IF(G2<30,"MOB1-",IF(G2<90,"MOB1-3",IF(G2<180,"MOB3-6",IF(G2<365,"MOB6-12","MOB12+"))))) -> MOB12+
A3: 首贷 | B3: 管户金条-毛毛虫职场 | C3: 605334 | D3: 徐文雁 | E3: 46119.594 | F3: 46119.594 | G3: 35 | H3: 35 | I3: 46154.811 | J3: 6053 | K3: 6724 | L3: 1778 | M3: 215849 | N3: 146366 | O3: 26 | P3: 74 | Q3: 2550500 | R3: 1730500 | S3: 9 | T3: 13 | U3: 28600 | V3: 21500 | W3: 2579100 | X3: =IF(OR(I3="",说明首页!$C$3-INT(I3)>7),"是","否") -> 否 | Y3: =IF(OR(O3="",O3<22),"是","否") -> 否 | Z3: =IF(AND(X3="否",Y3="否"),"是","否") -> 是 | AA3: =IF(OR(I3="",说明首页!$C$3-INT(I3)>=3),"是","否") -> 否 | AB3: =IFERROR(IF(L3>0,N3/L3,0),0) -> 82.320585 | AC3: =IFERROR(IF(J3>0,P3/J3*100,0),0) -> 1.2225343 | AD3: =IFERROR(IF(AND(P3<>"",P3>0),Q3/P3,0),0) -> 34466.216 | AE3: =IFERROR(IF(R3="",0,R3/10000),0) -> 173.05 | AF3: =IFERROR(IF(O3>0,N3/O3/60,0),0) -> 93.824359 | AG3: =IF(Z3="是",COUNTIFS($Z$2:$Z$4650,"是",$AB$2:$AB$4650,"<"&AB3)/COUNTIF($Z$2:$Z$4650,"是")*100,"") -> 31.26177 | AH3: =IF(Z3="是",COUNTIFS($Z$2:$Z$4650,"是",$AC$2:$AC$4650,"<"&AC3)/COUNTIF($Z$2:$Z$4650,"是")*100,"") -> 78.719397 | AI3: =IF(Z3="是",COUNTIFS($Z$2:$Z$4650,"是",$AE$2:$AE$4650,"<"&AE3)/COUNTIF($Z$2:$Z$4650,"是")*100,"") -> 69.491525 | AJ3: =IF(Z3="是",COUNTIFS($Z$2:$Z$4650,"是",$AF$2:$AF$4650,"<"&AF3)/COUNTIF($Z$2:$Z$4650,"是")*100,"") -> 13.747646 | AK3: =IF(Z3="是",ROUND(AG3*0.15+AH3*0.45+AI3*0.2+AJ3*0.2,2),"") -> 56.76 | AL3: =IF(Z3="是",COUNTIFS($Z$2:$Z$4650,"是",$AK$2:$AK$4650,">"&AK3)+1,"") -> 211 | AM3: =IF(Z3<>"是","非参评",IF(AND(AL3<=COUNTIF($Z$2:$Z$4650,"是")*0.2,AC3>MEDIAN(IF($Z$2:$Z$4650="是",$AC$2:$AC$4650))),"S",IF(AL3<=COUNTIF($Z$2:$Z$4650,"是")*0.5,"A",IF(AL3<=COUNTIF($Z$2:$Z$4650,"是")*0.8,"B","C")))) -> A | AN3: =IF(G3="","无数据",IF(G3<30,"MOB1-",IF(G3<90,"MOB1-3",IF(G3<180,"MOB3-6",IF(G3<365,"MOB6-12","MOB12+"))))) -> MOB1-3
A4: 首贷 | B4: 管户金条-毅航合肥职场 | C4: 605420 | D4: 孙靖 | E4: 44608.658 | F4: 44608.658 | G4: 1546 | H4: 1546 | I4: 46154.863 | J4: 5970 | K4: 6378 | L4: 2167 | M4: 235325 | N4: 168746 | O4: 26 | P4: 53 | Q4: 3834700 | R4: 2337400 | S4: 4 | T4: 4 | U4: 311500 | V4: 300000 | W4: 4146200 | X4: =IF(OR(I4="",说明首页!$C$3-INT(I4)>7),"是","否") -> 否 | Y4: =IF(OR(O4="",O4<22),"是","否") -> 否 | Z4: =IF(AND(X4="否",Y4="否"),"是","否") -> 是 | AA4: =IF(OR(I4="",说明首页!$C$3-INT(I4)>=3),"是","否") -> 否 | AB4: =IFERROR(IF(L4>0,N4/L4,0),0) -> 77.870789 | AC4: =IFERROR(IF(J4>0,P4/J4*100,0),0) -> 0.88777219 | AD4: =IFERROR(IF(AND(P4<>"",P4>0),Q4/P4,0),0) -> 72352.83 | AE4: =IFERROR(IF(R4="",0,R4/10000),0) -> 233.74 | AF4: =IFERROR(IF(O4>0,N4/O4/60,0),0) -> 108.17051 | AG4: =IF(Z4="是",COUNTIFS($Z$2:$Z$4650,"是",$AB$2:$AB$4650,"<"&AB4)/COUNTIF($Z$2:$Z$4650,"是")*100,"") -> 22.59887 | AH4: =IF(Z4="是",COUNTIFS($Z$2:$Z$4650,"是",$AC$2:$AC$4650,"<"&AC4)/COUNTIF($Z$2:$Z$4650,"是")*100,"") -> 49.905838 | AI4: =IF(Z4="是",COUNTIFS($Z$2:$Z$4650,"是",$AE$2:$AE$4650,"<"&AE4)/COUNTIF($Z$2:$Z$4650,"是")*100,"") -> 83.050847 | AJ4: =IF(Z4="是",COUNTIFS($Z$2:$Z$4650,"是",$AF$2:$AF$4650,"<"&AF4)/COUNTIF($Z$2:$Z$4650,"是")*100,"") -> 37.288136 | AK4: =IF(Z4="是",ROUND(AG4*0.15+AH4*0.45+AI4*0.2+AJ4*0.2,2),"") -> 49.92 | AL4: =IF(Z4="是",COUNTIFS($Z$2:$Z$4650,"是",$AK$2:$AK$4650,">"&AK4)+1,"") -> 263 | AM4: =IF(Z4<>"是","非参评",IF(AND(AL4<=COUNTIF($Z$2:$Z$4650,"是")*0.2,AC4>MEDIAN(IF($Z$2:$Z$4650="是",$AC$2:$AC$4650))),"S",IF(AL4<=COUNTIF($Z$2:$Z$4650,"是")*0.5,"A",IF(AL4<=COUNTIF($Z$2:$Z$4650,"是")*0.8,"B","C")))) -> A | AN4: =IF(G4="","无数据",IF(G4<30,"MOB1-",IF(G4<90,"MOB1-3",IF(G4<180,"MOB3-6",IF(G4<365,"MOB6-12","MOB12+"))))) -> MOB12+
A5: 首贷 | B5: 管户金条-毛毛虫职场 | C5: 606024 | D5: 李敏 | E5: 45750.762 | F5: 45750.762 | G5: 404 | H5: 404 | I5: 46154.815 | J5: 3606 | K5: 4092 | L5: 1568 | M5: 176480 | N5: 139195 | O5: 21 | P5: 26 | Q5: 1211800 | R5: 790600 | S5: 2 | T5: 2 | U5: 68900 | W5: 1280700 | X5: =IF(OR(I5="",说明首页!$C$3-INT(I5)>7),"是","否") -> 否 | Y5: =IF(OR(O5="",O5<22),"是","否") -> 是 | Z5: =IF(AND(X5="否",Y5="否"),"是","否") -> 否 | AA5: =IF(OR(I5="",说明首页!$C$3-INT(I5)>=3),"是","否") -> 否 | AB5: =IFERROR(IF(L5>0,N5/L5,0),0) -> 88.772321 | AC5: =IFERROR(IF(J5>0,P5/J5*100,0),0) -> 0.72102052 | AD5: =IFERROR(IF(AND(P5<>"",P5>0),Q5/P5,0),0) -> 46607.692 | AE5: =IFERROR(IF(R5="",0,R5/10000),0) -> 79.06 | AF5: =IFERROR(IF(O5>0,N5/O5/60,0),0) -> 110.47222 | AG5: =IF(Z5="是",COUNTIFS($Z$2:$Z$4650,"是",$AB$2:$AB$4650,"<"&AB5)/COUNTIF($Z$2:$Z$4650,"是")*100,"") | AH5: =IF(Z5="是",COUNTIFS($Z$2:$Z$4650,"是",$AC$2:$AC$4650,"<"&AC5)/COUNTIF($Z$2:$Z$4650,"是")*100,"") | AI5: =IF(Z5="是",COUNTIFS($Z$2:$Z$4650,"是",$AE$2:$AE$4650,"<"&AE5)/COUNTIF($Z$2:$Z$4650,"是")*100,"") | AJ5: =IF(Z5="是",COUNTIFS($Z$2:$Z$4650,"是",$AF$2:$AF$4650,"<"&AF5)/COUNTIF($Z$2:$Z$4650,"是")*100,"") | AK5: =IF(Z5="是",ROUND(AG5*0.15+AH5*0.45+AI5*0.2+AJ5*0.2,2),"") | AL5: =IF(Z5="是",COUNTIFS($Z$2:$Z$4650,"是",$AK$2:$AK$4650,">"&AK5)+1,"") | AM5: =IF(Z5<>"是","非参评",IF(AND(AL5<=COUNTIF($Z$2:$Z$4650,"是")*0.2,AC5>MEDIAN(IF($Z$2:$Z$4650="是",$AC$2:$AC$4650))),"S",IF(AL5<=COUNTIF($Z$2:$Z$4650,"是")*0.5,"A",IF(AL5<=COUNTIF($Z$2:$Z$4650,"是")*0.8,"B","C")))) -> 非参评 | AN5: =IF(G5="","无数据",IF(G5<30,"MOB1-",IF(G5<90,"MOB1-3",IF(G5<180,"MOB3-6",IF(G5<365,"MOB6-12","MOB12+"))))) -> MOB12+
A6: 首贷 | B6: 管户金条-毛毛虫职场 | C6: 606240 | D6: 万文娟 | E6: 44653.392 | F6: 44653.392 | G6: 1501 | H6: 1501 | I6: 46154.81 | J6: 3223 | K6: 3524 | L6: 1504 | M6: 173142 | N6: 142411 | O6: 23 | P6: 17 | Q6: 1216000 | R6: 1213000 | S6: 1 | T6: 1 | U6: 1000 | V6: 1000 | W6: 1217000 | X6: =IF(OR(I6="",说明首页!$C$3-INT(I6)>7),"是","否") -> 否 | Y6: =IF(OR(O6="",O6<22),"是","否") -> 否 | Z6: =IF(AND(X6="否",Y6="否"),"是","否") -> 是 | AA6: =IF(OR(I6="",说明首页!$C$3-INT(I6)>=3),"是","否") -> 否 | AB6: =IFERROR(IF(L6>0,N6/L6,0),0) -> 94.688165 | AC6: =IFERROR(IF(J6>0,P6/J6*100,0),0) -> 0.52745889 | AD6: =IFERROR(IF(AND(P6<>"",P6>0),Q6/P6,0),0) -> 71529.412 | AE6: =IFERROR(IF(R6="",0,R6/10000),0) -> 121.3 | AF6: =IFERROR(IF(O6>0,N6/O6/60,0),0) -> 103.19638 | AG6: =IF(Z6="是",COUNTIFS($Z$2:$Z$4650,"是",$AB$2:$AB$4650,"<"&AB6)/COUNTIF($Z$2:$Z$4650,"是")*100,"") -> 67.608286 | AH6: =IF(Z6="是",COUNTIFS($Z$2:$Z$4650,"是",$AC$2:$AC$4650,"<"&AC6)/COUNTIF($Z$2:$Z$4650,"是")*100,"") -> 9.9811676 | AI6: =IF(Z6="是",COUNTIFS($Z$2:$Z$4650,"是",$AE$2:$AE$4650,"<"&AE6)/COUNTIF($Z$2:$Z$4650,"是")*100,"") -> 49.52919 | AJ6: =IF(Z6="是",COUNTIFS($Z$2:$Z$4650,"是",$AF$2:$AF$4650,"<"&AF6)/COUNTIF($Z$2:$Z$4650,"是")*100,"") -> 27.683616 | AK6: =IF(Z6="是",ROUND(AG6*0.15+AH6*0.45+AI6*0.2+AJ6*0.2,2),"") -> 30.08 | AL6: =IF(Z6="是",COUNTIFS($Z$2:$Z$4650,"是",$AK$2:$AK$4650,">"&AK6)+1,"") -> 419 | AM6: =IF(Z6<>"是","非参评",IF(AND(AL6<=COUNTIF($Z$2:$Z$4650,"是")*0.2,AC6>MEDIAN(IF($Z$2:$Z$4650="是",$AC$2:$AC$4650))),"S",IF(AL6<=COUNTIF($Z$2:$Z$4650,"是")*0.5,"A",IF(AL6<=COUNTIF($Z$2:$Z$4650,"是")*0.8,"B","C")))) -> B | AN6: =IF(G6="","无数据",IF(G6<30,"MOB1-",IF(G6<90,"MOB1-3",IF(G6<180,"MOB3-6",IF(G6<365,"MOB6-12","MOB12+"))))) -> MOB12+
A7: 首贷 | B7: 管户金条-毛毛虫职场 | C7: 610581 | D7: 陈涛 | E7: 46055.442 | F7: 46055.442 | G7: 99 | H7: 99 | I7: 46154.834 | J7: 3089 | K7: 3984 | L7: 1845 | M7: 203302 | N7: 170535 | O7: 26 | P7: 47 | Q7: 2694300 | R7: 1592500 | S7: 5 | T7: 5 | U7: 64500 | V7: 52000 | W7: 2758800 | X7: =IF(OR(I7="",说明首页!$C$3-INT(I7)>7),"是","否") -> 否 | Y7: =IF(OR(O7="",O7<22),"是","否") -> 否 | Z7: =IF(AND(X7="否",Y7="否"),"是","否") -> 是 | AA7: =IF(OR(I7="",说明首页!$C$3-INT(I7)>=3),"是","否") -> 否 | AB7: =IFERROR(IF(L7>0,N7/L7,0),0) -> 92.430894 | AC7: =IFERROR(IF(J7>0,P7/J7*100,0),0) -> 1.521528 | AD7: =IFERROR(IF(AND(P7<>"",P7>0),Q7/P7,0),0) -> 57325.532 | AE7: =IFERROR(IF(R7="",0,R7/10000),0) -> 159.25 | AF7: =IFERROR(IF(O7>0,N7/O7/60,0),0) -> 109.31731 | AG7: =IF(Z7="是",COUNTIFS($Z$2:$Z$4650,"是",$AB$2:$AB$4650,"<"&AB7)/COUNTIF($Z$2:$Z$4650,"是")*100,"") -> 61.958569 | AH7: =IF(Z7="是",COUNTIFS($Z$2:$Z$4650,"是",$AC$2:$AC$4650,"<"&AC7)/COUNTIF($Z$2:$Z$4650,"是")*100,"") -> 92.467043 | AI7: =IF(Z7="是",COUNTIFS($Z$2:$Z$4650,"是",$AE$2:$AE$4650,"<"&AE7)/COUNTIF($Z$2:$Z$4650,"是")*100,"") -> 65.160075 | AJ7: =IF(Z7="是",COUNTIFS($Z$2:$Z$4650,"是",$AF$2:$AF$4650,"<"&AF7)/COUNTIF($Z$2:$Z$4650,"是")*100,"") -> 40.112994 | AK7: =IF(Z7="是",ROUND(AG7*0.15+AH7*0.45+AI7*0.2+AJ7*0.2,2),"") -> 71.96 | AL7: =IF(Z7="是",COUNTIFS($Z$2:$Z$4650,"是",$AK$2:$AK$4650,">"&AK7)+1,"") -> 101 | AM7: =IF(Z7<>"是","非参评",IF(AND(AL7<=COUNTIF($Z$2:$Z$4650,"是")*0.2,AC7>MEDIAN(IF($Z$2:$Z$4650="是",$AC$2:$AC$4650))),"S",IF(AL7<=COUNTIF($Z$2:$Z$4650,"是")*0.5,"A",IF(AL7<=COUNTIF($Z$2:$Z$4650,"是")*0.8,"B","C")))) -> S | AN7: =IF(G7="","无数据",IF(G7<30,"MOB1-",IF(G7<90,"MOB1-3",IF(G7<180,"MOB3-6",IF(G7<365,"MOB6-12","MOB12+"))))) -> MOB3-6
A8: 首贷 | B8: 管户金条-毛毛虫职场 | C8: 612534 | D8: 李正肖 | E8: 44698.387 | F8: 44698.387 | G8: 1456 | H8: 1456 | I8: 46154.815 | J8: 2959 | K8: 3325 | L8: 1624 | M8: 202613 | N8: 176167 | O8: 23 | P8: 40 | Q8: 1486000 | R8: 1266300 | S8: 2 | T8: 2 | U8: 23800 | W8: 1509800 | X8: =IF(OR(I8="",说明首页!$C$3-INT(I8)>7),"是","否") -> 否 | Y8: =IF(OR(O8="",O8<22),"是","否") -> 否 | Z8: =IF(AND(X8="否",Y8="否"),"是","否") -> 是 | AA8: =IF(OR(I8="",说明首页!$C$3-INT(I8)>=3),"是","否") -> 否 | AB8: =IFERROR(IF(L8>0,N8/L8,0),0) -> 108.47722 | AC8: =IFERROR(IF(J8>0,P8/J8*100,0),0) -> 1.351808 | AD8: =IFERROR(IF(AND(P8<>"",P8>0),Q8/P8,0),0) -> 37150 | AE8: =IFERROR(IF(R8="",0,R8/10000),0) -> 126.63 | AF8: =IFERROR(IF(O8>0,N8/O8/60,0),0) -> 127.65725 | AG8: =IF(Z8="是",COUNTIFS($Z$2:$Z$4650,"是",$AB$2:$AB$4650,"<"&AB8)/COUNTIF($Z$2:$Z$4650,"是")*100,"") -> 89.453861 | AH8: =IF(Z8="是",COUNTIFS($Z$2:$Z$4650,"是",$AC$2:$AC$4650,"<"&AC8)/COUNTIF($Z$2:$Z$4650,"是")*100,"") -> 86.629002 | AI8: =IF(Z8="是",COUNTIFS($Z$2:$Z$4650,"是",$AE$2:$AE$4650,"<"&AE8)/COUNTIF($Z$2:$Z$4650,"是")*100,"") -> 52.354049 | AJ8: =IF(Z8="是",COUNTIFS($Z$2:$Z$4650,"是",$AF$2:$AF$4650,"<"&AF8)/COUNTIF($Z$2:$Z$4650,"是")*100,"") -> 80.414313 | AK8: =IF(Z8="是",ROUND(AG8*0.15+AH8*0.45+AI8*0.2+AJ8*0.2,2),"") -> 78.95 | AL8: =IF(Z8="是",COUNTIFS($Z$2:$Z$4650,"是",$AK$2:$AK$4650,">"&AK8)+1,"") -> 59 | AM8: =IF(Z8<>"是","非参评",IF(AND(AL8<=COUNTIF($Z$2:$Z$4650,"是")*0.2,AC8>MEDIAN(IF($Z$2:$Z$4650="是",$AC$2:$AC$4650))),"S",IF(AL8<=COUNTIF($Z$2:$Z$4650,"是")*0.5,"A",IF(AL8<=COUNTIF($Z$2:$Z$4650,"是")*0.8,"B","C")))) -> S | AN8: =IF(G8="","无数据",IF(G8<30,"MOB1-",IF(G8<90,"MOB1-3",IF(G8<180,"MOB3-6",IF(G8<365,"MOB6-12","MOB12+"))))) -> MOB12+
A9: 首贷 | B9: 管户金条-毛毛虫职场 | C9: 613955 | D9: 赵丽群 | E9: 45670.618 | F9: 45670.618 | G9: 484 | H9: 484 | I9: 46154.828 | J9: 4442 | K9: 5435 | L9: 795 | M9: 156672 | N9: 93798 | O9: 19 | P9: 34 | Q9: 2782300 | R9: 2629400 | S9: 1 | T9: 1 | U9: 89500 | V9: 89500 | W9: 2871800 | X9: =IF(OR(I9="",说明首页!$C$3-INT(I9)>7),"是","否") -> 否 | Y9: =IF(OR(O9="",O9<22),"是","否") -> 是 | Z9: =IF(AND(X9="否",Y9="否"),"是","否") -> 否 | AA9: =IF(OR(I9="",说明首页!$C$3-INT(I9)>=3),"是","否") -> 否 | AB9: =IFERROR(IF(L9>0,N9/L9,0),0) -> 117.98491 | AC9: =IFERROR(IF(J9>0,P9/J9*100,0),0) -> 0.76542098 | AD9: =IFERROR(IF(AND(P9<>"",P9>0),Q9/P9,0),0) -> 81832.353 | AE9: =IFERROR(IF(R9="",0,R9/10000),0) -> 262.94 | AF9: =IFERROR(IF(O9>0,N9/O9/60,0),0) -> 82.278947 | AG9: =IF(Z9="是",COUNTIFS($Z$2:$Z$4650,"是",$AB$2:$AB$4650,"<"&AB9)/COUNTIF($Z$2:$Z$4650,"是")*100,"") | AH9: =IF(Z9="是",COUNTIFS($Z$2:$Z$4650,"是",$AC$2:$AC$4650,"<"&AC9)/COUNTIF($Z$2:$Z$4650,"是")*100,"") | AI9: =IF(Z9="是",COUNTIFS($Z$2:$Z$4650,"是",$AE$2:$AE$4650,"<"&AE9)/COUNTIF($Z$2:$Z$4650,"是")*100,"") | AJ9: =IF(Z9="是",COUNTIFS($Z$2:$Z$4650,"是",$AF$2:$AF$4650,"<"&AF9)/COUNTIF($Z$2:$Z$4650,"是")*100,"") | AK9: =IF(Z9="是",ROUND(AG9*0.15+AH9*0.45+AI9*0.2+AJ9*0.2,2),"") | AL9: =IF(Z9="是",COUNTIFS($Z$2:$Z$4650,"是",$AK$2:$AK$4650,">"&AK9)+1,"") | AM9: =IF(Z9<>"是","非参评",IF(AND(AL9<=COUNTIF($Z$2:$Z$4650,"是")*0.2,AC9>MEDIAN(IF($Z$2:$Z$4650="是",$AC$2:$AC$4650))),"S",IF(AL9<=COUNTIF($Z$2:$Z$4650,"是")*0.5,"A",IF(AL9<=COUNTIF($Z$2:$Z$4650,"是")*0.8,"B","C")))) -> 非参评 | AN9: =IF(G9="","无数据",IF(G9<30,"MOB1-",IF(G9<90,"MOB1-3",IF(G9<180,"MOB3-6",IF(G9<365,"MOB6-12","MOB12+"))))) -> MOB12+
A10: 首贷 | B10: 管户金条-毛毛虫职场 | C10: 614318 | D10: 张云凤 | E10: 46142.611 | F10: 46142.611 | G10: 12 | H10: 12 | I10: 46154.823 | J10: 1255 | K10: 1352 | L10: 674 | M10: 58717 | N10: 47235 | O10: 7 | P10: 10 | Q10: 152700 | R10: 80500 | S10: 1 | T10: 1 | U10: 84100 | W10: 236800 | X10: =IF(OR(I10="",说明首页!$C$3-INT(I10)>7),"是","否") -> 否 | Y10: =IF(OR(O10="",O10<22),"是","否") -> 是 | Z10: =IF(AND(X10="否",Y10="否"),"是","否") -> 否 | AA10: =IF(OR(I10="",说明首页!$C$3-INT(I10)>=3),"是","否") -> 否 | AB10: =IFERROR(IF(L10>0,N10/L10,0),0) -> 70.081602 | AC10: =IFERROR(IF(J10>0,P10/J10*100,0),0) -> 0.79681275 | AD10: =IFERROR(IF(AND(P10<>"",P10>0),Q10/P10,0),0) -> 15270 | AE10: =IFERROR(IF(R10="",0,R10/10000),0) -> 8.05 | AF10: =IFERROR(IF(O10>0,N10/O10/60,0),0) -> 112.46429 | AG10: =IF(Z10="是",COUNTIFS($Z$2:$Z$4650,"是",$AB$2:$AB$4650,"<"&AB10)/COUNTIF($Z$2:$Z$4650,"是")*100,"") | AH10: =IF(Z10="是",COUNTIFS($Z$2:$Z$4650,"是",$AC$2:$AC$4650,"<"&AC10)/COUNTIF($Z$2:$Z$4650,"是")*100,"") | AI10: =IF(Z10="是",COUNTIFS($Z$2:$Z$4650,"是",$AE$2:$AE$4650,"<"&AE10)/COUNTIF($Z$2:$Z$4650,"是")*100,"") | AJ10: =IF(Z10="是",COUNTIFS($Z$2:$Z$4650,"是",$AF$2:$AF$4650,"<"&AF10)/COUNTIF($Z$2:$Z$4650,"是")*100,"") | AK10: =IF(Z10="是",ROUND(AG10*0.15+AH10*0.45+AI10*0.2+AJ10*0.2,2),"") | AL10: =IF(Z10="是",COUNTIFS($Z$2:$Z$4650,"是",$AK$2:$AK$4650,">"&AK10)+1,"") | AM10: =IF(Z10<>"是","非参评",IF(AND(AL10<=COUNTIF($Z$2:$Z$4650,"是")*0.2,AC10>MEDIAN(IF($Z$2:$Z$4650="是",$AC$2:$AC$4650))),"S",IF(AL10<=COUNTIF($Z$2:$Z$4650,"是")*0.5,"A",IF(AL10<=COUNTIF($Z$2:$Z$4650,"是")*0.8,"B","C")))) -> 非参评 | AN10: =IF(G10="","无数据",IF(G10<30,"MOB1-",IF(G10<90,"MOB1-3",IF(G10<180,"MOB3-6",IF(G10<365,"MOB6-12","MOB12+"))))) -> MOB1-
A11: 首贷 | B11: 管户金条-毛毛虫职场 | C11: 616102 | D11: 李健 | E11: 44776.46 | F11: 44776.46 | G11: 1378 | H11: 1378 | I11: 46154.781 | J11: 233 | K11: 235 | L11: 107 | M11: 11636 | N11: 9446 | O11: 5 | X11: =IF(OR(I11="",说明首页!$C$3-INT(I11)>7),"是","否") -> 否 | Y11: =IF(OR(O11="",O11<22),"是","否") -> 是 | Z11: =IF(AND(X11="否",Y11="否"),"是","否") -> 否 | AA11: =IF(OR(I11="",说明首页!$C$3-INT(I11)>=3),"是","否") -> 否 | AB11: =IFERROR(IF(L11>0,N11/L11,0),0) -> 88.280374 | AC11: =IFERROR(IF(J11>0,P11/J11*100,0),0) -> 0 | AD11: =IFERROR(IF(AND(P11<>"",P11>0),Q11/P11,0),0) -> 0 | AE11: =IFERROR(IF(R11="",0,R11/10000),0) -> 0 | AF11: =IFERROR(IF(O11>0,N11/O11/60,0),0) -> 31.486667 | AG11: =IF(Z11="是",COUNTIFS($Z$2:$Z$4650,"是",$AB$2:$AB$4650,"<"&AB11)/COUNTIF($Z$2:$Z$4650,"是")*100,"") | AH11: =IF(Z11="是",COUNTIFS($Z$2:$Z$4650,"是",$AC$2:$AC$4650,"<"&AC11)/COUNTIF($Z$2:$Z$4650,"是")*100,"") | AI11: =IF(Z11="是",COUNTIFS($Z$2:$Z$4650,"是",$AE$2:$AE$4650,"<"&AE11)/COUNTIF($Z$2:$Z$4650,"是")*100,"") | AJ11: =IF(Z11="是",COUNTIFS($Z$2:$Z$4650,"是",$AF$2:$AF$4650,"<"&AF11)/COUNTIF($Z$2:$Z$4650,"是")*100,"") | AK11: =IF(Z11="是",ROUND(AG11*0.15+AH11*0.45+AI11*0.2+AJ11*0.2,2),"") | AL11: =IF(Z11="是",COUNTIFS($Z$2:$Z$4650,"是",$AK$2:$AK$4650,">"&AK11)+1,"") | AM11: =IF(Z11<>"是","非参评",IF(AND(AL11<=COUNTIF($Z$2:$Z$4650,"是")*0.2,AC11>MEDIAN(IF($Z$2:$Z$4650="是",$AC$2:$AC$4650))),"S",IF(AL11<=COUNTIF($Z$2:$Z$4650,"是")*0.5,"A",IF(AL11<=COUNTIF($Z$2:$Z$4650,"是")*0.8,"B","C")))) -> 非参评 | AN11: =IF(G11="","无数据",IF(G11<30,"MOB1-",IF(G11<90,"MOB1-3",IF(G11<180,"MOB3-6",IF(G11<365,"MOB6-12","MOB12+"))))) -> MOB12+
A12: 首贷 | B12: 管户金条-毛毛虫职场 | C12: 619563 | D12: 杨锦 | E12: 46092.39 | F12: 46092.39 | G12: 62 | H12: 62 | I12: 46154.805 | J12: 5075 | K12: 5309 | L12: 1997 | M12: 234813 | N12: 182971 | O12: 27 | P12: 36 | Q12: 1430600 | R12: 881200 | S12: 2 | T12: 2 | U12: 237500 | V12: 237500 | W12: 1668100 | X12: =IF(OR(I12="",说明首页!$C$3-INT(I12)>7),"是","否") -> 否 | Y12: =IF(OR(O12="",O12<22),"是","否") -> 否 | Z12: =IF(AND(X12="否",Y12="否"),"是","否") -> 是 | AA12: =IF(OR(I12="",说明首页!$C$3-INT(I12)>=3),"是","否") -> 否 | AB12: =IFERROR(IF(L12>0,N12/L12,0),0) -> 91.622934 | AC12: =IFERROR(IF(J12>0,P12/J12*100,0),0) -> 0.70935961 | AD12: =IFERROR(IF(AND(P12<>"",P12>0),Q12/P12,0),0) -> 39738.889 | AE12: =IFERROR(IF(R12="",0,R12/10000),0) -> 88.12 | AF12: =IFERROR(IF(O12>0,N12/O12/60,0),0) -> 112.94506 | AG12: =IF(Z12="是",COUNTIFS($Z$2:$Z$4650,"是",$AB$2:$AB$4650,"<"&AB12)/COUNTIF($Z$2:$Z$4650,"是")*100,"") -> 58.757062 | AH12: =IF(Z12="是",COUNTIFS($Z$2:$Z$4650,"是",$AC$2:$AC$4650,"<"&AC12)/COUNTIF($Z$2:$Z$4650,"是")*100,"") -> 26.553672 | AI12: =IF(Z12="是",COUNTIFS($Z$2:$Z$4650,"是",$AE$2:$AE$4650,"<"&AE12)/COUNTIF($Z$2:$Z$4650,"是")*100,"") -> 38.606403 | AJ12: =IF(Z12="是",COUNTIFS($Z$2:$Z$4650,"是",$AF$2:$AF$4650,"<"&AF12)/COUNTIF($Z$2:$Z$4650,"是")*100,"") -> 49.717514 | AK12: =IF(Z12="是",ROUND(AG12*0.15+AH12*0.45+AI12*0.2+AJ12*0.2,2),"") -> 38.43 | AL12: =IF(Z12="是",COUNTIFS($Z$2:$Z$4650,"是",$AK$2:$AK$4650,">"&AK12)+1,"") -> 356 | AM12: =IF(Z12<>"是","非参评",IF(AND(AL12<=COUNTIF($Z$2:$Z$4650,"是")*0.2,AC12>MEDIAN(IF($Z$2:$Z$4650="是",$AC$2:$AC$4650))),"S",IF(AL12<=COUNTIF($Z$2:$Z$4650,"是")*0.5,"A",IF(AL12<=COUNTIF($Z$2:$Z$4650,"是")*0.8,"B","C")))) -> B | AN12: =IF(G12="","无数据",IF(G12<30,"MOB1-",IF(G12<90,"MOB1-3",IF(G12<180,"MOB3-6",IF(G12<365,"MOB6-12","MOB12+"))))) -> MOB1-3
A13: 首贷 | B13: 管户金条-毛毛虫职场 | C13: 621688 | D13: 陈静 | E13: 44329.383 | F13: 44329.383 | G13: 1825 | H13: 1825 | I13: 46154.811 | J13: 6069 | K13: 6465 | L13: 1671 | M13: 216892 | N13: 141160 | O13: 25 | P13: 40 | Q13: 1045600 | R13: 258600 | S13: 1 | T13: 1 | U13: 14400 | W13: 1060000 | X13: =IF(OR(I13="",说明首页!$C$3-INT(I13)>7),"是","否") -> 否 | Y13: =IF(OR(O13="",O13<22),"是","否") -> 否 | Z13: =IF(AND(X13="否",Y13="否"),"是","否") -> 是 | AA13: =IF(OR(I13="",说明首页!$C$3-INT(I13)>=3),"是","否") -> 否 | AB13: =IFERROR(IF(L13>0,N13/L13,0),0) -> 84.476361 | AC13: =IFERROR(IF(J13>0,P13/J13*100,0),0) -> 0.65908716 | AD13: =IFERROR(IF(AND(P13<>"",P13>0),Q13/P13,0),0) -> 26140 | AE13: =IFERROR(IF(R13="",0,R13/10000),0) -> 25.86 | AF13: =IFERROR(IF(O13>0,N13/O13/60,0),0) -> 94.106667 | AG13: =IF(Z13="是",COUNTIFS($Z$2:$Z$4650,"是",$AB$2:$AB$4650,"<"&AB13)/COUNTIF($Z$2:$Z$4650,"是")*100,"") -> 37.664783 | AH13: =IF(Z13="是",COUNTIFS($Z$2:$Z$4650,"是",$AC$2:$AC$4650,"<"&AC13)/COUNTIF($Z$2:$Z$4650,"是")*100,"") -> 22.033898 | AI13: =IF(Z13="是",COUNTIFS($Z$2:$Z$4650,"是",$AE$2:$AE$4650,"<"&AE13)/COUNTIF($Z$2:$Z$4650,"是")*100,"") -> 9.9811676 | AJ13: =IF(Z13="是",COUNTIFS($Z$2:$Z$4650,"是",$AF$2:$AF$4650,"<"&AF13)/COUNTIF($Z$2:$Z$4650,"是")*100,"") -> 14.500942 | AK13: =IF(Z13="是",ROUND(AG13*0.15+AH13*0.45+AI13*0.2+AJ13*0.2,2),"") -> 20.46 | AL13: =IF(Z13="是",COUNTIFS($Z$2:$Z$4650,"是",$AK$2:$AK$4650,">"&AK13)+1,"") -> 481 | AM13: =IF(Z13<>"是","非参评",IF(AND(AL13<=COUNTIF($Z$2:$Z$4650,"是")*0.2,AC13>MEDIAN(IF($Z$2:$Z$4650="是",$AC$2:$AC$4650))),"S",IF(AL13<=COUNTIF($Z$2:$Z$4650,"是")*0.5,"A",IF(AL13<=COUNTIF($Z$2:$Z$4650,"是")*0.8,"B","C")))) -> C | AN13: =IF(G13="","无数据",IF(G13<30,"MOB1-",IF(G13<90,"MOB1-3",IF(G13<180,"MOB3-6",IF(G13<365,"MOB6-12","MOB12+"))))) -> MOB12+
A14: 首贷 | B14: 管户金条-毛毛虫职场 | C14: 626597 | D14: 徐玉婷 | E14: 45929.424 | F14: 45929.424 | G14: 225 | H14: 225 | I14: 46154.712 | J14: 3246 | K14: 3582 | L14: 1412 | M14: 166794 | N14: 133321 | O14: 22 | P14: 34 | Q14: 1190400 | R14: 1074600 | S14: 2 | T14: 3 | U14: 201100 | W14: 1391500 | X14: =IF(OR(I14="",说明首页!$C$3-INT(I14)>7),"是","否") -> 否 | Y14: =IF(OR(O14="",O14<22),"是","否") -> 否 | Z14: =IF(AND(X14="否",Y14="否"),"是","否") -> 是 | AA14: =IF(OR(I14="",说明首页!$C$3-INT(I14)>=3),"是","否") -> 否 | AB14: =IFERROR(IF(L14>0,N14/L14,0),0) -> 94.419972 | AC14: =IFERROR(IF(J14>0,P14/J14*100,0),0) -> 1.047443 | AD14: =IFERROR(IF(AND(P14<>"",P14>0),Q14/P14,0),0) -> 35011.765 | AE14: =IFERROR(IF(R14="",0,R14/10000),0) -> 107.46 | AF14: =IFERROR(IF(O14>0,N14/O14/60,0),0) -> 101.00076 | AG14: =IF(Z14="是",COUNTIFS($Z$2:$Z$4650,"是",$AB$2:$AB$4650,"<"&AB14)/COUNTIF($Z$2:$Z$4650,"是")*100,"") -> 66.666667 | AH14: =IF(Z14="是",COUNTIFS($Z$2:$Z$4650,"是",$AC$2:$AC$4650,"<"&AC14)/COUNTIF($Z$2:$Z$4650,"是")*100,"") -> 65.725047 | AI14: =IF(Z14="是",COUNTIFS($Z$2:$Z$4650,"是",$AE$2:$AE$4650,"<"&AE14)/COUNTIF($Z$2:$Z$4650,"是")*100,"") -> 44.632768 | AJ14: =IF(Z14="是",COUNTIFS($Z$2:$Z$4650,"是",$AF$2:$AF$4650,"<"&AF14)/COUNTIF($Z$2:$Z$4650,"是")*100,"") -> 24.105461 | AK14: =IF(Z14="是",ROUND(AG14*0.15+AH14*0.45+AI14*0.2+AJ14*0.2,2),"") -> 53.32 | AL14: =IF(Z14="是",COUNTIFS($Z$2:$Z$4650,"是",$AK$2:$AK$4650,">"&AK14)+1,"") -> 233 | AM14: =IF(Z14<>"是","非参评",IF(AND(AL14<=COUNTIF($Z$2:$Z$4650,"是")*0.2,AC14>MEDIAN(IF($Z$2:$Z$4650="是",$AC$2:$AC$4650))),"S",IF(AL14<=COUNTIF($Z$2:$Z$4650,"是")*0.5,"A",IF(AL14<=COUNTIF($Z$2:$Z$4650,"是")*0.8,"B","C")))) -> A | AN14: =IF(G14="","无数据",IF(G14<30,"MOB1-",IF(G14<90,"MOB1-3",IF(G14<180,"MOB3-6",IF(G14<365,"MOB6-12","MOB12+"))))) -> MOB6-12
A15: 首贷 | B15: 管户金条-毅航合肥职场 | C15: 627204 | D15: 张世纪 | E15: 44608.663 | F15: 44608.663 | G15: 1546 | H15: 1546 | I15: 46154.793 | J15: 197 | K15: 201 | L15: 115 | M15: 21562 | N15: 20218 | O15: 6 | P15: 1 | Q15: 2500 | R15: 2500 | S15: 0 | T15: 0 | W15: 2500 | X15: =IF(OR(I15="",说明首页!$C$3-INT(I15)>7),"是","否") -> 否 | Y15: =IF(OR(O15="",O15<22),"是","否") -> 是 | Z15: =IF(AND(X15="否",Y15="否"),"是","否") -> 否 | AA15: =IF(OR(I15="",说明首页!$C$3-INT(I15)>=3),"是","否") -> 否 | AB15: =IFERROR(IF(L15>0,N15/L15,0),0) -> 175.8087 | AC15: =IFERROR(IF(J15>0,P15/J15*100,0),0) -> 0.50761421 | AD15: =IFERROR(IF(AND(P15<>"",P15>0),Q15/P15,0),0) -> 2500 | AE15: =IFERROR(IF(R15="",0,R15/10000),0) -> 0.25 | AF15: =IFERROR(IF(O15>0,N15/O15/60,0),0) -> 56.161111 | AG15: =IF(Z15="是",COUNTIFS($Z$2:$Z$4650,"是",$AB$2:$AB$4650,"<"&AB15)/COUNTIF($Z$2:$Z$4650,"是")*100,"") | AH15: =IF(Z15="是",COUNTIFS($Z$2:$Z$4650,"是",$AC$2:$AC$4650,"<"&AC15)/COUNTIF($Z$2:$Z$4650,"是")*100,"") | AI15: =IF(Z15="是",COUNTIFS($Z$2:$Z$4650,"是",$AE$2:$AE$4650,"<"&AE15)/COUNTIF($Z$2:$Z$4650,"是")*100,"") | AJ15: =IF(Z15="是",COUNTIFS($Z$2:$Z$4650,"是",$AF$2:$AF$4650,"<"&AF15)/COUNTIF($Z$2:$Z$4650,"是")*100,"") | AK15: =IF(Z15="是",ROUND(AG15*0.15+AH15*0.45+AI15*0.2+AJ15*0.2,2),"") | AL15: =IF(Z15="是",COUNTIFS($Z$2:$Z$4650,"是",$AK$2:$AK$4650,">"&AK15)+1,"") | AM15: =IF(Z15<>"是","非参评",IF(AND(AL15<=COUNTIF($Z$2:$Z$4650,"是")*0.2,AC15>MEDIAN(IF($Z$2:$Z$4650="是",$AC$2:$AC$4650))),"S",IF(AL15<=COUNTIF($Z$2:$Z$4650,"是")*0.5,"A",IF(AL15<=COUNTIF($Z$2:$Z$4650,"是")*0.8,"B","C")))) -> 非参评 | AN15: =IF(G15="","无数据",IF(G15<30,"MOB1-",IF(G15<90,"MOB1-3",IF(G15<180,"MOB3-6",IF(G15<365,"MOB6-12","MOB12+"))))) -> MOB12+
A16: 首贷 | B16: 管户金条-毛毛虫职场 | C16: 627514 | D16: 王升 | E16: 45582.638 | F16: 45582.638 | G16: 572 | H16: 572 | I16: 46154.817 | J16: 3648 | K16: 3807 | L16: 1609 | M16: 195420 | N16: 161000 | O16: 22 | P16: 49 | Q16: 2399700 | R16: 2056200 | S16: 3 | T16: 3 | U16: 75200 | V16: 31500 | W16: 2474900 | X16: =IF(OR(I16="",说明首页!$C$3-INT(I16)>7),"是","否") -> 否 | Y16: =IF(OR(O16="",O16<22),"是","否") -> 否 | Z16: =IF(AND(X16="否",Y16="否"),"是","否") -> 是 | AA16: =IF(OR(I16="",说明首页!$C$3-INT(I16)>=3),"是","否") -> 否 | AB16: =IFERROR(IF(L16>0,N16/L16,0),0) -> 100.06215 | AC16: =IFERROR(IF(J16>0,P16/J16*100,0),0) -> 1.3432018 | AD16: =IFERROR(IF(AND(P16<>"",P16>0),Q16/P16,0),0) -> 48973.469 | AE16: =IFERROR(IF(R16="",0,R16/10000),0) -> 205.62 | AF16: =IFERROR(IF(O16>0,N16/O16/60,0),0) -> 121.9697 | AG16: =IF(Z16="是",COUNTIFS($Z$2:$Z$4650,"是",$AB$2:$AB$4650,"<"&AB16)/COUNTIF($Z$2:$Z$4650,"是")*100,"") -> 79.096045 | AH16: =IF(Z16="是",COUNTIFS($Z$2:$Z$4650,"是",$AC$2:$AC$4650,"<"&AC16)/COUNTIF($Z$2:$Z$4650,"是")*100,"") -> 86.252354 | AI16: =IF(Z16="是",COUNTIFS($Z$2:$Z$4650,"是",$AE$2:$AE$4650,"<"&AE16)/COUNTIF($Z$2:$Z$4650,"是")*100,"") -> 77.40113 | AJ16: =IF(Z16="是",COUNTIFS($Z$2:$Z$4650,"是",$AF$2:$AF$4650,"<"&AF16)/COUNTIF($Z$2:$Z$4650,"是")*100,"") -> 69.114878 | AK16: =IF(Z16="是",ROUND(AG16*0.15+AH16*0.45+AI16*0.2+AJ16*0.2,2),"") -> 79.98 | AL16: =IF(Z16="是",COUNTIFS($Z$2:$Z$4650,"是",$AK$2:$AK$4650,">"&AK16)+1,"") -> 51 | AM16: =IF(Z16<>"是","非参评",IF(AND(AL16<=COUNTIF($Z$2:$Z$4650,"是")*0.2,AC16>MEDIAN(IF($Z$2:$Z$4650="是",$AC$2:$AC$4650))),"S",IF(AL16<=COUNTIF($Z$2:$Z$4650,"是")*0.5,"A",IF(AL16<=COUNTIF($Z$2:$Z$4650,"是")*0.8,"B","C")))) -> S | AN16: =IF(G16="","无数据",IF(G16<30,"MOB1-",IF(G16<90,"MOB1-3",IF(G16<180,"MOB3-6",IF(G16<365,"MOB6-12","MOB12+"))))) -> MOB12+
A17: 首贷 | B17: 管户金条-毛毛虫职场 | C17: 628715 | D17: 崔荣荣 | E17: 44776.411 | F17: 44776.411 | G17: 1378 | H17: 1378 | I17: 46141.787 | J17: 3108 | K17: 3497 | L17: 1112 | M17: 127366 | N17: 96018 | O17: 14 | P17: 19 | Q17: 929100 | R17: 899500 | S17: 0 | T17: 0 | W17: 929100 | X17: =IF(OR(I17="",说明首页!$C$3-INT(I17)>7),"是","否") -> 否 | Y17: =IF(OR(O17="",O17<22),"是","否") -> 是 | Z17: =IF(AND(X17="否",Y17="否"),"是","否") -> 否 | AA17: =IF(OR(I17="",说明首页!$C$3-INT(I17)>=3),"是","否") -> 否 | AB17: =IFERROR(IF(L17>0,N17/L17,0),0) -> 86.347122 | AC17: =IFERROR(IF(J17>0,P17/J17*100,0),0) -> 0.61132561 | AD17: =IFERROR(IF(AND(P17<>"",P17>0),Q17/P17,0),0) -> 48900 | AE17: =IFERROR(IF(R17="",0,R17/10000),0) -> 89.95 | AF17: =IFERROR(IF(O17>0,N17/O17/60,0),0) -> 114.30714 | AG17: =IF(Z17="是",COUNTIFS($Z$2:$Z$4650,"是",$AB$2:$AB$4650,"<"&AB17)/COUNTIF($Z$2:$Z$4650,"是")*100,"") | AH17: =IF(Z17="是",COUNTIFS($Z$2:$Z$4650,"是",$AC$2:$AC$4650,"<"&AC17)/COUNTIF($Z$2:$Z$4650,"是")*100,"") | AI17: =IF(Z17="是",COUNTIFS($Z$2:$Z$4650,"是",$AE$2:$AE$4650,"<"&AE17)/COUNTIF($Z$2:$Z$4650,"是")*100,"") | AJ17: =IF(Z17="是",COUNTIFS($Z$2:$Z$4650,"是",$AF$2:$AF$4650,"<"&AF17)/COUNTIF($Z$2:$Z$4650,"是")*100,"") | AK17: =IF(Z17="是",ROUND(AG17*0.15+AH17*0.45+AI17*0.2+AJ17*0.2,2),"") | AL17: =IF(Z17="是",COUNTIFS($Z$2:$Z$4650,"是",$AK$2:$AK$4650,">"&AK17)+1,"") | AM17: =IF(Z17<>"是","非参评",IF(AND(AL17<=COUNTIF($Z$2:$Z$4650,"是")*0.2,AC17>MEDIAN(IF($Z$2:$Z$4650="是",$AC$2:$AC$4650))),"S",IF(AL17<=COUNTIF($Z$2:$Z$4650,"是")*0.5,"A",IF(AL17<=COUNTIF($Z$2:$Z$4650,"是")*0.8,"B","C")))) -> 非参评 | AN17: =IF(G17="","无数据",IF(G17<30,"MOB1-",IF(G17<90,"MOB1-3",IF(G17<180,"MOB3-6",IF(G17<365,"MOB6-12","MOB12+"))))) -> MOB12+
A18: 首贷 | B18: 管户金条-广达陕西职场 | C18: 629832 | D18: 安丽娜 | E18: 44329.384 | F18: 44329.384 | G18: 1825 | H18: 1825 | I18: 46154.762 | J18: 3238 | K18: 4963 | L18: 1745 | M18: 193868 | N18: 145060 | O18: 25 | P18: 41 | Q18: 1749000 | R18: 1420100 | S18: 1 | T18: 1 | U18: 3000 | W18: 1752000 | X18: =IF(OR(I18="",说明首页!$C$3-INT(I18)>7),"是","否") -> 否 | Y18: =IF(OR(O18="",O18<22),"是","否") -> 否 | Z18: =IF(AND(X18="否",Y18="否"),"是","否") -> 是 | AA18: =IF(OR(I18="",说明首页!$C$3-INT(I18)>=3),"是","否") -> 否 | AB18: =IFERROR(IF(L18>0,N18/L18,0),0) -> 83.12894 | AC18: =IFERROR(IF(J18>0,P18/J18*100,0),0) -> 1.2662137 | AD18: =IFERROR(IF(AND(P18<>"",P18>0),Q18/P18,0),0) -> 42658.537 | AE18: =IFERROR(IF(R18="",0,R18/10000),0) -> 142.01 | AF18: =IFERROR(IF(O18>0,N18/O18/60,0),0) -> 96.706667 | AG18: =IF(Z18="是",COUNTIFS($Z$2:$Z$4650,"是",$AB$2:$AB$4650,"<"&AB18)/COUNTIF($Z$2:$Z$4650,"是")*100,"") -> 33.898305 | AH18: =IF(Z18="是",COUNTIFS($Z$2:$Z$4650,"是",$AC$2:$AC$4650,"<"&AC18)/COUNTIF($Z$2:$Z$4650,"是")*100,"") -> 82.109228 | AI18: =IF(Z18="是",COUNTIFS($Z$2:$Z$4650,"是",$AE$2:$AE$4650,"<"&AE18)/COUNTIF($Z$2:$Z$4650,"是")*100,"") -> 58.568738 | AJ18: =IF(Z18="是",COUNTIFS($Z$2:$Z$4650,"是",$AF$2:$AF$4650,"<"&AF18)/COUNTIF($Z$2:$Z$4650,"是")*100,"") -> 18.455744 | AK18: =IF(Z18="是",ROUND(AG18*0.15+AH18*0.45+AI18*0.2+AJ18*0.2,2),"") -> 57.44 | AL18: =IF(Z18="是",COUNTIFS($Z$2:$Z$4650,"是",$AK$2:$AK$4650,">"&AK18)+1,"") -> 205 | AM18: =IF(Z18<>"是","非参评",IF(AND(AL18<=COUNTIF($Z$2:$Z$4650,"是")*0.2,AC18>MEDIAN(IF($Z$2:$Z$4650="是",$AC$2:$AC$4650))),"S",IF(AL18<=COUNTIF($Z$2:$Z$4650,"是")*0.5,"A",IF(AL18<=COUNTIF($Z$2:$Z$4650,"是")*0.8,"B","C")))) -> A | AN18: =IF(G18="","无数据",IF(G18<30,"MOB1-",IF(G18<90,"MOB1-3",IF(G18<180,"MOB3-6",IF(G18<365,"MOB6-12","MOB12+"))))) -> MOB12+
A19: 首贷 | B19: 管户金条-翰锐曲靖职场 | C19: 631260 | D19: 鲍海燕 | E19: 44344.668 | F19: 44344.668 | G19: 1810 | H19: 1810 | I19: 46138.518 | J19: 76 | K19: 77 | L19: 28 | M19: 2762 | N19: 2104 | O19: 1 | P19: 1 | Q19: 1000 | R19: 1000 | S19: 0 | T19: 0 | W19: 1000 | X19: =IF(OR(I19="",说明首页!$C$3-INT(I19)>7),"是","否") -> 否 | Y19: =IF(OR(O19="",O19<22),"是","否") -> 是 | Z19: =IF(AND(X19="否",Y19="否"),"是","否") -> 否 | AA19: =IF(OR(I19="",说明首页!$C$3-INT(I19)>=3),"是","否") -> 否 | AB19: =IFERROR(IF(L19>0,N19/L19,0),0) -> 75.142857 | AC19: =IFERROR(IF(J19>0,P19/J19*100,0),0) -> 1.3157895 | AD19: =IFERROR(IF(AND(P19<>"",P19>0),Q19/P19,0),0) -> 1000 | AE19: =IFERROR(IF(R19="",0,R19/10000),0) -> 0.1 | AF19: =IFERROR(IF(O19>0,N19/O19/60,0),0) -> 35.066667 | AG19: =IF(Z19="是",COUNTIFS($Z$2:$Z$4650,"是",$AB$2:$AB$4650,"<"&AB19)/COUNTIF($Z$2:$Z$4650,"是")*100,"") | AH19: =IF(Z19="是",COUNTIFS($Z$2:$Z$4650,"是",$AC$2:$AC$4650,"<"&AC19)/COUNTIF($Z$2:$Z$4650,"是")*100,"") | AI19: =IF(Z19="是",COUNTIFS($Z$2:$Z$4650,"是",$AE$2:$AE$4650,"<"&AE19)/COUNTIF($Z$2:$Z$4650,"是")*100,"") | AJ19: =IF(Z19="是",COUNTIFS($Z$2:$Z$4650,"是",$AF$2:$AF$4650,"<"&AF19)/COUNTIF($Z$2:$Z$4650,"是")*100,"") | AK19: =IF(Z19="是",ROUND(AG19*0.15+AH19*0.45+AI19*0.2+AJ19*0.2,2),"") | AL19: =IF(Z19="是",COUNTIFS($Z$2:$Z$4650,"是",$AK$2:$AK$4650,">"&AK19)+1,"") | AM19: =IF(Z19<>"是","非参评",IF(AND(AL19<=COUNTIF($Z$2:$Z$4650,"是")*0.2,AC19>MEDIAN(IF($Z$2:$Z$4650="是",$AC$2:$AC$4650))),"S",IF(AL19<=COUNTIF($Z$2:$Z$4650,"是")*0.5,"A",IF(AL19<=COUNTIF($Z$2:$Z$4650,"是")*0.8,"B","C")))) -> 非参评 | AN19: =IF(G19="","无数据",IF(G19<30,"MOB1-",IF(G19<90,"MOB1-3",IF(G19<180,"MOB3-6",IF(G19<365,"MOB6-12","MOB12+"))))) -> MOB12+
A20: 首贷 | B20: 管户金条-赛维斯职场 | C20: 631289 | D20: 李方方 | E20: 46098.589 | F20: 46098.589 | G20: 56 | H20: 56 | I20: 46154.824 | J20: 3986 | K20: 4578 | L20: 1664 | M20: 162078 | N20: 123761 | O20: 25 | P20: 27 | Q20: 815900 | R20: 693400 | S20: 3 | T20: 4 | U20: 61500 | V20: 50000 | W20: 877400 | X20: =IF(OR(I20="",说明首页!$C$3-INT(I20)>7),"是","否") -> 否 | Y20: =IF(OR(O20="",O20<22),"是","否") -> 否 | Z20: =IF(AND(X20="否",Y20="否"),"是","否") -> 是 | AA20: =IF(OR(I20="",说明首页!$C$3-INT(I20)>=3),"是","否") -> 否 | AB20: =IFERROR(IF(L20>0,N20/L20,0),0) -> 74.375601 | AC20: =IFERROR(IF(J20>0,P20/J20*100,0),0) -> 0.6773708 | AD20: =IFERROR(IF(AND(P20<>"",P20>0),Q20/P20,0),0) -> 30218.519 | AE20: =IFERROR(IF(R20="",0,R20/10000),0) -> 69.34 | AF20: =IFERROR(IF(O20>0,N20/O20/60,0),0) -> 82.507333 | AG20: =IF(Z20="是",COUNTIFS($Z$2:$Z$4650,"是",$AB$2:$AB$4650,"<"&AB20)/COUNTIF($Z$2:$Z$4650,"是")*100,"") -> 15.065913 | AH20: =IF(Z20="是",COUNTIFS($Z$2:$Z$4650,"是",$AC$2:$AC$4650,"<"&AC20)/COUNTIF($Z$2:$Z$4650,"是")*100,"") -> 23.917137 | AI20: =IF(Z20="是",COUNTIFS($Z$2:$Z$4650,"是",$AE$2:$AE$4650,"<"&AE20)/COUNTIF($Z$2:$Z$4650,"是")*100,"") -> 28.813559 | AJ20: =IF(Z20="是",COUNTIFS($Z$2:$Z$4650,"是",$AF$2:$AF$4650,"<"&AF20)/COUNTIF($Z$2:$Z$4650,"是")*100,"") -> 4.7080979 | AK20: =IF(Z20="是",ROUND(AG20*0.15+AH20*0.45+AI20*0.2+AJ20*0.2,2),"") -> 19.73 | AL20: =IF(Z20="是",COUNTIFS($Z$2:$Z$4650,"是",$AK$2:$AK$4650,">"&AK20)+1,"") -> 483 | AM20: =IF(Z20<>"是","非参评",IF(AND(AL20<=COUNTIF($Z$2:$Z$4650,"是")*0.2,AC20>MEDIAN(IF($Z$2:$Z$4650="是",$AC$2:$AC$4650))),"S",IF(AL20<=COUNTIF($Z$2:$Z$4650,"是")*0.5,"A",IF(AL20<=COUNTIF($Z$2:$Z$4650,"是")*0.8,"B","C")))) -> C | AN20: =IF(G20="","无数据",IF(G20<30,"MOB1-",IF(G20<90,"MOB1-3",IF(G20<180,"MOB3-6",IF(G20<365,"MOB6-12","MOB12+"))))) -> MOB1-3
A21: 首贷 | B21: 管户金条-翰锐曲靖职场 | C21: 631319 | D21: 杨艳芹 | E21: 44329.378 | F21: 44329.378 | G21: 1825 | H21: 1825 | I21: 46154.874 | J21: 4643 | K21: 6113 | L21: 2465 | M21: 261239 | N21: 203449 | O21: 30 | P21: 90 | Q21: 4220500 | R21: 3409900 | S21: 4 | T21: 8 | U21: 216000 | V21: 190000 | W21: 4436500 | X21: =IF(OR(I21="",说明首页!$C$3-INT(I21)>7),"是","否") -> 否 | Y21: =IF(OR(O21="",O21<22),"是","否") -> 否 | Z21: =IF(AND(X21="否",Y21="否"),"是","否") -> 是 | AA21: =IF(OR(I21="",说明首页!$C$3-INT(I21)>=3),"是","否") -> 否 | AB21: =IFERROR(IF(L21>0,N21/L21,0),0) -> 82.535091 | AC21: =IFERROR(IF(J21>0,P21/J21*100,0),0) -> 1.9384019 | AD21: =IFERROR(IF(AND(P21<>"",P21>0),Q21/P21,0),0) -> 46894.444 | AE21: =IFERROR(IF(R21="",0,R21/10000),0) -> 340.99 | AF21: =IFERROR(IF(O21>0,N21/O21/60,0),0) -> 113.02722 | AG21: =IF(Z21="是",COUNTIFS($Z$2:$Z$4650,"是",$AB$2:$AB$4650,"<"&AB21)/COUNTIF($Z$2:$Z$4650,"是")*100,"") -> 32.015066 | AH21: =IF(Z21="是",COUNTIFS($Z$2:$Z$4650,"是",$AC$2:$AC$4650,"<"&AC21)/COUNTIF($Z$2:$Z$4650,"是")*100,"") -> 97.551789 | AI21: =IF(Z21="是",COUNTIFS($Z$2:$Z$4650,"是",$AE$2:$AE$4650,"<"&AE21)/COUNTIF($Z$2:$Z$4650,"是")*100,"") -> 93.032015 | AJ21: =IF(Z21="是",COUNTIFS($Z$2:$Z$4650,"是",$AF$2:$AF$4650,"<"&AF21)/COUNTIF($Z$2:$Z$4650,"是")*100,"") -> 50.094162 | AK21: =IF(Z21="是",ROUND(AG21*0.15+AH21*0.45+AI21*0.2+AJ21*0.2,2),"") -> 77.33 | AL21: =IF(Z21="是",COUNTIFS($Z$2:$Z$4650,"是",$AK$2:$AK$4650,">"&AK21)+1,"") -> 73 | AM21: =IF(Z21<>"是","非参评",IF(AND(AL21<=COUNTIF($Z$2:$Z$4650,"是")*0.2,AC21>MEDIAN(IF($Z$2:$Z$4650="是",$AC$2:$AC$4650))),"S",IF(AL21<=COUNTIF($Z$2:$Z$4650,"是")*0.5,"A",IF(AL21<=COUNTIF($Z$2:$Z$4650,"是")*0.8,"B","C")))) -> S | AN21: =IF(G21="","无数据",IF(G21<30,"MOB1-",IF(G21<90,"MOB1-3",IF(G21<180,"MOB3-6",IF(G21<365,"MOB6-12","MOB12+"))))) -> MOB12+
A22: 首贷 | B22: 管户金条-广达陕西职场 | C22: 632223 | D22: 徐小红 | E22: 46148.612 | F22: 46148.612 | G22: 6 | H22: 6 | I22: 46151.728 | J22: 155 | K22: 157 | L22: 47 | M22: 5123 | N22: 3827 | O22: 1 | X22: =IF(OR(I22="",说明首页!$C$3-INT(I22)>7),"是","否") -> 否 | Y22: =IF(OR(O22="",O22<22),"是","否") -> 是 | Z22: =IF(AND(X22="否",Y22="否"),"是","否") -> 否 | AA22: =IF(OR(I22="",说明首页!$C$3-INT(I22)>=3),"是","否") -> 否 | AB22: =IFERROR(IF(L22>0,N22/L22,0),0) -> 81.425532 | AC22: =IFERROR(IF(J22>0,P22/J22*100,0),0) -> 0 | AD22: =IFERROR(IF(AND(P22<>"",P22>0),Q22/P22,0),0) -> 0 | AE22: =IFERROR(IF(R22="",0,R22/10000),0) -> 0 | AF22: =IFERROR(IF(O22>0,N22/O22/60,0),0) -> 63.783333 | AG22: =IF(Z22="是",COUNTIFS($Z$2:$Z$4650,"是",$AB$2:$AB$4650,"<"&AB22)/COUNTIF($Z$2:$Z$4650,"是")*100,"") | AH22: =IF(Z22="是",COUNTIFS($Z$2:$Z$4650,"是",$AC$2:$AC$4650,"<"&AC22)/COUNTIF($Z$2:$Z$4650,"是")*100,"") | AI22: =IF(Z22="是",COUNTIFS($Z$2:$Z$4650,"是",$AE$2:$AE$4650,"<"&AE22)/COUNTIF($Z$2:$Z$4650,"是")*100,"") | AJ22: =IF(Z22="是",COUNTIFS($Z$2:$Z$4650,"是",$AF$2:$AF$4650,"<"&AF22)/COUNTIF($Z$2:$Z$4650,"是")*100,"") | AK22: =IF(Z22="是",ROUND(AG22*0.15+AH22*0.45+AI22*0.2+AJ22*0.2,2),"") | AL22: =IF(Z22="是",COUNTIFS($Z$2:$Z$4650,"是",$AK$2:$AK$4650,">"&AK22)+1,"") | AM22: =IF(Z22<>"是","非参评",IF(AND(AL22<=COUNTIF($Z$2:$Z$4650,"是")*0.2,AC22>MEDIAN(IF($Z$2:$Z$4650="是",$AC$2:$AC$4650))),"S",IF(AL22<=COUNTIF($Z$2:$Z$4650,"是")*0.5,"A",IF(AL22<=COUNTIF($Z$2:$Z$4650,"是")*0.8,"B","C")))) -> 非参评 | AN22: =IF(G22="","无数据",IF(G22<30,"MOB1-",IF(G22<90,"MOB1-3",IF(G22<180,"MOB3-6",IF(G22<365,"MOB6-12","MOB12+"))))) -> MOB1-
A23: 首贷 | B23: 管户金条-汇讯职场 | C23: 632260 | D23: 陈志豹 | E23: 45091.642 | F23: 45091.642 | G23: 1063 | H23: 1063 | I23: 46149.781 | J23: 66 | K23: 66 | L23: 32 | M23: 3901 | N23: 3362 | O23: 2 | X23: =IF(OR(I23="",说明首页!$C$3-INT(I23)>7),"是","否") -> 否 | Y23: =IF(OR(O23="",O23<22),"是","否") -> 是 | Z23: =IF(AND(X23="否",Y23="否"),"是","否") -> 否 | AA23: =IF(OR(I23="",说明首页!$C$3-INT(I23)>=3),"是","否") -> 否 | AB23: =IFERROR(IF(L23>0,N23/L23,0),0) -> 105.0625 | AC23: =IFERROR(IF(J23>0,P23/J23*100,0),0) -> 0 | AD23: =IFERROR(IF(AND(P23<>"",P23>0),Q23/P23,0),0) -> 0 | AE23: =IFERROR(IF(R23="",0,R23/10000),0) -> 0 | AF23: =IFERROR(IF(O23>0,N23/O23/60,0),0) -> 28.016667 | AG23: =IF(Z23="是",COUNTIFS($Z$2:$Z$4650,"是",$AB$2:$AB$4650,"<"&AB23)/COUNTIF($Z$2:$Z$4650,"是")*100,"") | AH23: =IF(Z23="是",COUNTIFS($Z$2:$Z$4650,"是",$AC$2:$AC$4650,"<"&AC23)/COUNTIF($Z$2:$Z$4650,"是")*100,"") | AI23: =IF(Z23="是",COUNTIFS($Z$2:$Z$4650,"是",$AE$2:$AE$4650,"<"&AE23)/COUNTIF($Z$2:$Z$4650,"是")*100,"") | AJ23: =IF(Z23="是",COUNTIFS($Z$2:$Z$4650,"是",$AF$2:$AF$4650,"<"&AF23)/COUNTIF($Z$2:$Z$4650,"是")*100,"") | AK23: =IF(Z23="是",ROUND(AG23*0.15+AH23*0.45+AI23*0.2+AJ23*0.2,2),"") | AL23: =IF(Z23="是",COUNTIFS($Z$2:$Z$4650,"是",$AK$2:$AK$4650,">"&AK23)+1,"") | AM23: =IF(Z23<>"是","非参评",IF(AND(AL23<=COUNTIF($Z$2:$Z$4650,"是")*0.2,AC23>MEDIAN(IF($Z$2:$Z$4650="是",$AC$2:$AC$4650))),"S",IF(AL23<=COUNTIF($Z$2:$Z$4650,"是")*0.5,"A",IF(AL23<=COUNTIF($Z$2:$Z$4650,"是")*0.8,"B","C")))) -> 非参评 | AN23: =IF(G23="","无数据",IF(G23<30,"MOB1-",IF(G23<90,"MOB1-3",IF(G23<180,"MOB3-6",IF(G23<365,"MOB6-12","MOB12+"))))) -> MOB12+
A24: 首贷 | B24: 管户金条-毛毛虫职场 | C24: 632697 | D24: 倪彪 | E24: 44826.459 | F24: 44826.459 | G24: 1328 | H24: 1328 | I24: 46154.824 | J24: 4564 | K24: 4975 | L24: 1828 | M24: 193069 | N24: 140124 | O24: 22 | P24: 22 | Q24: 1626100 | R24: 1286100 | S24: 1 | T24: 1 | U24: 41200 | W24: 1667300 | X24: =IF(OR(I24="",说明首页!$C$3-INT(I24)>7),"是","否") -> 否 | Y24: =IF(OR(O24="",O24<22),"是","否") -> 否 | Z24: =IF(AND(X24="否",Y24="否"),"是","否") -> 是 | AA24: =IF(OR(I24="",说明首页!$C$3-INT(I24)>=3),"是","否") -> 否 | AB24: =IFERROR(IF(L24>0,N24/L24,0),0) -> 76.654267 | AC24: =IFERROR(IF(J24>0,P24/J24*100,0),0) -> 0.4820333 | AD24: =IFERROR(IF(AND(P24<>"",P24>0),Q24/P24,0),0) -> 73913.636 | AE24: =IFERROR(IF(R24="",0,R24/10000),0) -> 128.61 | AF24: =IFERROR(IF(O24>0,N24/O24/60,0),0) -> 106.15455 | AG24: =IF(Z24="是",COUNTIFS($Z$2:$Z$4650,"是",$AB$2:$AB$4650,"<"&AB24)/COUNTIF($Z$2:$Z$4650,"是")*100,"") -> 20.150659 | AH24: =IF(Z24="是",COUNTIFS($Z$2:$Z$4650,"是",$AC$2:$AC$4650,"<"&AC24)/COUNTIF($Z$2:$Z$4650,"是")*100,"") -> 7.1563089 | AI24: =IF(Z24="是",COUNTIFS($Z$2:$Z$4650,"是",$AE$2:$AE$4650,"<"&AE24)/COUNTIF($Z$2:$Z$4650,"是")*100,"") -> 53.483992 | AJ24: =IF(Z24="是",COUNTIFS($Z$2:$Z$4650,"是",$AF$2:$AF$4650,"<"&AF24)/COUNTIF($Z$2:$Z$4650,"是")*100,"") -> 32.580038 | AK24: =IF(Z24="是",ROUND(AG24*0.15+AH24*0.45+AI24*0.2+AJ24*0.2,2),"") -> 23.46 | AL24: =IF(Z24="是",COUNTIFS($Z$2:$Z$4650,"是",$AK$2:$AK$4650,">"&AK24)+1,"") -> 459 | AM24: =IF(Z24<>"是","非参评",IF(AND(AL24<=COUNTIF($Z$2:$Z$4650,"是")*0.2,AC24>MEDIAN(IF($Z$2:$Z$4650="是",$AC$2:$AC$4650))),"S",IF(AL24<=COUNTIF($Z$2:$Z$4650,"是")*0.5,"A",IF(AL24<=COUNTIF($Z$2:$Z$4650,"是")*0.8,"B","C")))) -> C | AN24: =IF(G24="","无数据",IF(G24<30,"MOB1-",IF(G24<90,"MOB1-3",IF(G24<180,"MOB3-6",IF(G24<365,"MOB6-12","MOB12+"))))) -> MOB12+
A25: 首贷 | B25: 管户金条-毛毛虫职场 | C25: 633643 | D25: 李霞艳 | E25: 45944.41 | F25: 45944.41 | G25: 210 | H25: 210 | I25: 46154.817 | J25: 3853 | K25: 4155 | L25: 1734 | M25: 190377 | N25: 153898 | O25: 22 | P25: 29 | Q25: 1003500 | R25: 778000 | S25: 2 | T25: 2 | U25: 40500 | V25: 40500 | W25: 1044000 | X25: =IF(OR(I25="",说明首页!$C$3-INT(I25)>7),"是","否") -> 否 | Y25: =IF(OR(O25="",O25<22),"是","否") -> 否 | Z25: =IF(AND(X25="否",Y25="否"),"是","否") -> 是 | AA25: =IF(OR(I25="",说明首页!$C$3-INT(I25)>=3),"是","否") -> 否 | AB25: =IFERROR(IF(L25>0,N25/L25,0),0) -> 88.753172 | AC25: =IFERROR(IF(J25>0,P25/J25*100,0),0) -> 0.75266026 | AD25: =IFERROR(IF(AND(P25<>"",P25>0),Q25/P25,0),0) -> 34603.448 | AE25: =IFERROR(IF(R25="",0,R25/10000),0) -> 77.8 | AF25: =IFERROR(IF(O25>0,N25/O25/60,0),0) -> 116.58939 | AG25: =IF(Z25="是",COUNTIFS($Z$2:$Z$4650,"是",$AB$2:$AB$4650,"<"&AB25)/COUNTIF($Z$2:$Z$4650,"是")*100,"") -> 48.964218 | AH25: =IF(Z25="是",COUNTIFS($Z$2:$Z$4650,"是",$AC$2:$AC$4650,"<"&AC25)/COUNTIF($Z$2:$Z$4650,"是")*100,"") -> 34.086629 | AI25: =IF(Z25="是",COUNTIFS($Z$2:$Z$4650,"是",$AE$2:$AE$4650,"<"&AE25)/COUNTIF($Z$2:$Z$4650,"是")*100,"") -> 33.709981 | AJ25: =IF(Z25="是",COUNTIFS($Z$2:$Z$4650,"是",$AF$2:$AF$4650,"<"&AF25)/COUNTIF($Z$2:$Z$4650,"是")*100,"") -> 58.19209 | AK25: =IF(Z25="是",ROUND(AG25*0.15+AH25*0.45+AI25*0.2+AJ25*0.2,2),"") -> 41.06 | AL25: =IF(Z25="是",COUNTIFS($Z$2:$Z$4650,"是",$AK$2:$AK$4650,">"&AK25)+1,"") -> 333 | AM25: =IF(Z25<>"是","非参评",IF(AND(AL25<=COUNTIF($Z$2:$Z$4650,"是")*0.2,AC25>MEDIAN(IF($Z$2:$Z$4650="是",$AC$2:$AC$4650))),"S",IF(AL25<=COUNTIF($Z$2:$Z$4650,"是")*0.5,"A",IF(AL25<=COUNTIF($Z$2:$Z$4650,"是")*0.8,"B","C")))) -> B | AN25: =IF(G25="","无数据",IF(G25<30,"MOB1-",IF(G25<90,"MOB1-3",IF(G25<180,"MOB3-6",IF(G25<365,"MOB6-12","MOB12+"))))) -> MOB6-12
A26: 首贷 | B26: 管户金条-毛毛虫职场 | C26: 633950 | D26: 胡永川 | E26: 45019.399 | F26: 45019.399 | G26: 1135 | H26: 1135 | I26: 46154.815 | J26: 3554 | K26: 3847 | L26: 1548 | M26: 190990 | N26: 156292 | O26: 21 | P26: 37 | Q26: 2979900 | R26: 2417400 | S26: 3 | T26: 5 | U26: 114000 | V26: 90000 | W26: 3093900 | X26: =IF(OR(I26="",说明首页!$C$3-INT(I26)>7),"是","否") -> 否 | Y26: =IF(OR(O26="",O26<22),"是","否") -> 是 | Z26: =IF(AND(X26="否",Y26="否"),"是","否") -> 否 | AA26: =IF(OR(I26="",说明首页!$C$3-INT(I26)>=3),"是","否") -> 否 | AB26: =IFERROR(IF(L26>0,N26/L26,0),0) -> 100.96382 | AC26: =IFERROR(IF(J26>0,P26/J26*100,0),0) -> 1.0410805 | AD26: =IFERROR(IF(AND(P26<>"",P26>0),Q26/P26,0),0) -> 80537.838 | AE26: =IFERROR(IF(R26="",0,R26/10000),0) -> 241.74 | AF26: =IFERROR(IF(O26>0,N26/O26/60,0),0) -> 124.04127 | AG26: =IF(Z26="是",COUNTIFS($Z$2:$Z$4650,"是",$AB$2:$AB$4650,"<"&AB26)/COUNTIF($Z$2:$Z$4650,"是")*100,"") | AH26: =IF(Z26="是",COUNTIFS($Z$2:$Z$4650,"是",$AC$2:$AC$4650,"<"&AC26)/COUNTIF($Z$2:$Z$4650,"是")*100,"") | AI26: =IF(Z26="是",COUNTIFS($Z$2:$Z$4650,"是",$AE$2:$AE$4650,"<"&AE26)/COUNTIF($Z$2:$Z$4650,"是")*100,"") | AJ26: =IF(Z26="是",COUNTIFS($Z$2:$Z$4650,"是",$AF$2:$AF$4650,"<"&AF26)/COUNTIF($Z$2:$Z$4650,"是")*100,"") | AK26: =IF(Z26="是",ROUND(AG26*0.15+AH26*0.45+AI26*0.2+AJ26*0.2,2),"") | AL26: =IF(Z26="是",COUNTIFS($Z$2:$Z$4650,"是",$AK$2:$AK$4650,">"&AK26)+1,"") | AM26: =IF(Z26<>"是","非参评",IF(AND(AL26<=COUNTIF($Z$2:$Z$4650,"是")*0.2,AC26>MEDIAN(IF($Z$2:$Z$4650="是",$AC$2:$AC$4650))),"S",IF(AL26<=COUNTIF($Z$2:$Z$4650,"是")*0.5,"A",IF(AL26<=COUNTIF($Z$2:$Z$4650,"是")*0.8,"B","C")))) -> 非参评 | AN26: =IF(G26="","无数据",IF(G26<30,"MOB1-",IF(G26<90,"MOB1-3",IF(G26<180,"MOB3-6",IF(G26<365,"MOB6-12","MOB12+"))))) -> MOB12+
A27: 首贷 | B27: 管户金条-广达陕西职场 | C27: 634215 | D27: 王晓威 | E27: 44329.383 | F27: 44329.383 | G27: 1825 | H27: 1825 | I27: 46139.413 | J27: 3 | K27: 3 | L27: 1 | M27: 1222 | N27: 1196 | P27: 0 | S27: 1 | T27: 1 | U27: 9700 | V27: 9700 | W27: 9700 | X27: =IF(OR(I27="",说明首页!$C$3-INT(I27)>7),"是","否") -> 否 | Y27: =IF(OR(O27="",O27<22),"是","否") -> 是 | Z27: =IF(AND(X27="否",Y27="否"),"是","否") -> 否 | AA27: =IF(OR(I27="",说明首页!$C$3-INT(I27)>=3),"是","否") -> 否 | AB27: =IFERROR(IF(L27>0,N27/L27,0),0) -> 1196 | AC27: =IFERROR(IF(J27>0,P27/J27*100,0),0) -> 0 | AD27: =IFERROR(IF(AND(P27<>"",P27>0),Q27/P27,0),0) -> 0 | AE27: =IFERROR(IF(R27="",0,R27/10000),0) -> 0 | AF27: =IFERROR(IF(O27>0,N27/O27/60,0),0) -> 0 | AG27: =IF(Z27="是",COUNTIFS($Z$2:$Z$4650,"是",$AB$2:$AB$4650,"<"&AB27)/COUNTIF($Z$2:$Z$4650,"是")*100,"") | AH27: =IF(Z27="是",COUNTIFS($Z$2:$Z$4650,"是",$AC$2:$AC$4650,"<"&AC27)/COUNTIF($Z$2:$Z$4650,"是")*100,"") | AI27: =IF(Z27="是",COUNTIFS($Z$2:$Z$4650,"是",$AE$2:$AE$4650,"<"&AE27)/COUNTIF($Z$2:$Z$4650,"是")*100,"") | AJ27: =IF(Z27="是",COUNTIFS($Z$2:$Z$4650,"是",$AF$2:$AF$4650,"<"&AF27)/COUNTIF($Z$2:$Z$4650,"是")*100,"") | AK27: =IF(Z27="是",ROUND(AG27*0.15+AH27*0.45+AI27*0.2+AJ27*0.2,2),"") | AL27: =IF(Z27="是",COUNTIFS($Z$2:$Z$4650,"是",$AK$2:$AK$4650,">"&AK27)+1,"") | AM27: =IF(Z27<>"是","非参评",IF(AND(AL27<=COUNTIF($Z$2:$Z$4650,"是")*0.2,AC27>MEDIAN(IF($Z$2:$Z$4650="是",$AC$2:$AC$4650))),"S",IF(AL27<=COUNTIF($Z$2:$Z$4650,"是")*0.5,"A",IF(AL27<=COUNTIF($Z$2:$Z$4650,"是")*0.8,"B","C")))) -> 非参评 | AN27: =IF(G27="","无数据",IF(G27<30,"MOB1-",IF(G27<90,"MOB1-3",IF(G27<180,"MOB3-6",IF(G27<365,"MOB6-12","MOB12+"))))) -> MOB12+
A28: 首贷 | B28: 管户金条-毛毛虫职场 | C28: 634540 | D28: 王超 | E28: 46121.428 | F28: 46121.428 | G28: 33 | H28: 33 | I28: 46154.819 | J28: 2892 | K28: 3311 | L28: 1269 | M28: 168487 | N28: 139133 | O28: 19 | P28: 39 | Q28: 3257700 | R28: 2182800 | S28: 1 | T28: 1 | U28: 10000 | V28: 10000 | W28: 3267700 | X28: =IF(OR(I28="",说明首页!$C$3-INT(I28)>7),"是","否") -> 否 | Y28: =IF(OR(O28="",O28<22),"是","否") -> 是 | Z28: =IF(AND(X28="否",Y28="否"),"是","否") -> 否 | AA28: =IF(OR(I28="",说明首页!$C$3-INT(I28)>=3),"是","否") -> 否 | AB28: =IFERROR(IF(L28>0,N28/L28,0),0) -> 109.63987 | AC28: =IFERROR(IF(J28>0,P28/J28*100,0),0) -> 1.3485477 | AD28: =IFERROR(IF(AND(P28<>"",P28>0),Q28/P28,0),0) -> 83530.769 | AE28: =IFERROR(IF(R28="",0,R28/10000),0) -> 218.28 | AF28: =IFERROR(IF(O28>0,N28/O28/60,0),0) -> 122.04649 | AG28: =IF(Z28="是",COUNTIFS($Z$2:$Z$4650,"是",$AB$2:$AB$4650,"<"&AB28)/COUNTIF($Z$2:$Z$4650,"是")*100,"") | AH28: =IF(Z28="是",COUNTIFS($Z$2:$Z$4650,"是",$AC$2:$AC$4650,"<"&AC28)/COUNTIF($Z$2:$Z$4650,"是")*100,"") | AI28: =IF(Z28="是",COUNTIFS($Z$2:$Z$4650,"是",$AE$2:$AE$4650,"<"&AE28)/COUNTIF($Z$2:$Z$4650,"是")*100,"") | AJ28: =IF(Z28="是",COUNTIFS($Z$2:$Z$4650,"是",$AF$2:$AF$4650,"<"&AF28)/COUNTIF($Z$2:$Z$4650,"是")*100,"") | AK28: =IF(Z28="是",ROUND(AG28*0.15+AH28*0.45+AI28*0.2+AJ28*0.2,2),"") | AL28: =IF(Z28="是",COUNTIFS($Z$2:$Z$4650,"是",$AK$2:$AK$4650,">"&AK28)+1,"") | AM28: =IF(Z28<>"是","非参评",IF(AND(AL28<=COUNTIF($Z$2:$Z$4650,"是")*0.2,AC28>MEDIAN(IF($Z$2:$Z$4650="是",$AC$2:$AC$4650))),"S",IF(AL28<=COUNTIF($Z$2:$Z$4650,"是")*0.5,"A",IF(AL28<=COUNTIF($Z$2:$Z$4650,"是")*0.8,"B","C")))) -> 非参评 | AN28: =IF(G28="","无数据",IF(G28<30,"MOB1-",IF(G28<90,"MOB1-3",IF(G28<180,"MOB3-6",IF(G28<365,"MOB6-12","MOB12+"))))) -> MOB1-3
A29: 首贷 | B29: 管户金条-汇讯职场 | C29: 640989 | D29: 袁浩淇 | E29: 45981.617 | F29: 45981.617 | G29: 173 | H29: 173 | I29: 46150.506 | J29: 111 | K29: 112 | L29: 54 | M29: 6435 | N29: 5584 | O29: 3 | P29: 1 | Q29: 80000 | R29: 80000 | S29: 0 | T29: 0 | W29: 80000 | X29: =IF(OR(I29="",说明首页!$C$3-INT(I29)>7),"是","否") -> 否 | Y29: =IF(OR(O29="",O29<22),"是","否") -> 是 | Z29: =IF(AND(X29="否",Y29="否"),"是","否") -> 否 | AA29: =IF(OR(I29="",说明首页!$C$3-INT(I29)>=3),"是","否") -> 否 | AB29: =IFERROR(IF(L29>0,N29/L29,0),0) -> 103.40741 | AC29: =IFERROR(IF(J29>0,P29/J29*100,0),0) -> 0.9009009 | AD29: =IFERROR(IF(AND(P29<>"",P29>0),Q29/P29,0),0) -> 80000 | AE29: =IFERROR(IF(R29="",0,R29/10000),0) -> 8 | AF29: =IFERROR(IF(O29>0,N29/O29/60,0),0) -> 31.022222 | AG29: =IF(Z29="是",COUNTIFS($Z$2:$Z$4650,"是",$AB$2:$AB$4650,"<"&AB29)/COUNTIF($Z$2:$Z$4650,"是")*100,"") | AH29: =IF(Z29="是",COUNTIFS($Z$2:$Z$4650,"是",$AC$2:$AC$4650,"<"&AC29)/COUNTIF($Z$2:$Z$4650,"是")*100,"") | AI29: =IF(Z29="是",COUNTIFS($Z$2:$Z$4650,"是",$AE$2:$AE$4650,"<"&AE29)/COUNTIF($Z$2:$Z$4650,"是")*100,"") | AJ29: =IF(Z29="是",COUNTIFS($Z$2:$Z$4650,"是",$AF$2:$AF$4650,"<"&AF29)/COUNTIF($Z$2:$Z$4650,"是")*100,"") | AK29: =IF(Z29="是",ROUND(AG29*0.15+AH29*0.45+AI29*0.2+AJ29*0.2,2),"") | AL29: =IF(Z29="是",COUNTIFS($Z$2:$Z$4650,"是",$AK$2:$AK$4650,">"&AK29)+1,"") | AM29: =IF(Z29<>"是","非参评",IF(AND(AL29<=COUNTIF($Z$2:$Z$4650,"是")*0.2,AC29>MEDIAN(IF($Z$2:$Z$4650="是",$AC$2:$AC$4650))),"S",IF(AL29<=COUNTIF($Z$2:$Z$4650,"是")*0.5,"A",IF(AL29<=COUNTIF($Z$2:$Z$4650,"是")*0.8,"B","C")))) -> 非参评 | AN29: =IF(G29="","无数据",IF(G29<30,"MOB1-",IF(G29<90,"MOB1-3",IF(G29<180,"MOB3-6",IF(G29<365,"MOB6-12","MOB12+"))))) -> MOB3-6
A30: 首贷 | B30: 管户金条-翰锐曲靖职场 | C30: 642385 | D30: 路梅 | E30: 44329.376 | F30: 44329.376 | G30: 1825 | H30: 1825 | I30: 46154.783 | J30: 3171 | K30: 4476 | L30: 1737 | M30: 169737 | N30: 126810 | O30: 23 | P30: 39 | Q30: 1684400 | R30: 1434800 | S30: 1 | T30: 1 | U30: 1000 | V30: 1000 | W30: 1685400 | X30: =IF(OR(I30="",说明首页!$C$3-INT(I30)>7),"是","否") -> 否 | Y30: =IF(OR(O30="",O30<22),"是","否") -> 否 | Z30: =IF(AND(X30="否",Y30="否"),"是","否") -> 是 | AA30: =IF(OR(I30="",说明首页!$C$3-INT(I30)>=3),"是","否") -> 否 | AB30: =IFERROR(IF(L30>0,N30/L30,0),0) -> 73.005181 | AC30: =IFERROR(IF(J30>0,P30/J30*100,0),0) -> 1.2298959 | AD30: =IFERROR(IF(AND(P30<>"",P30>0),Q30/P30,0),0) -> 43189.744 | AE30: =IFERROR(IF(R30="",0,R30/10000),0) -> 143.48 | AF30: =IFERROR(IF(O30>0,N30/O30/60,0),0) -> 91.891304 | AG30: =IF(Z30="是",COUNTIFS($Z$2:$Z$4650,"是",$AB$2:$AB$4650,"<"&AB30)/COUNTIF($Z$2:$Z$4650,"是")*100,"") -> 11.676083 | AH30: =IF(Z30="是",COUNTIFS($Z$2:$Z$4650,"是",$AC$2:$AC$4650,"<"&AC30)/COUNTIF($Z$2:$Z$4650,"是")*100,"") -> 79.849341 | AI30: =IF(Z30="是",COUNTIFS($Z$2:$Z$4650,"是",$AE$2:$AE$4650,"<"&AE30)/COUNTIF($Z$2:$Z$4650,"是")*100,"") -> 59.322034 | AJ30: =IF(Z30="是",COUNTIFS($Z$2:$Z$4650,"是",$AF$2:$AF$4650,"<"&AF30)/COUNTIF($Z$2:$Z$4650,"是")*100,"") -> 11.676083 | AK30: =IF(Z30="是",ROUND(AG30*0.15+AH30*0.45+AI30*0.2+AJ30*0.2,2),"") -> 51.88 | AL30: =IF(Z30="是",COUNTIFS($Z$2:$Z$4650,"是",$AK$2:$AK$4650,">"&AK30)+1,"") -> 242 | AM30: =IF(Z30<>"是","非参评",IF(AND(AL30<=COUNTIF($Z$2:$Z$4650,"是")*0.2,AC30>MEDIAN(IF($Z$2:$Z$4650="是",$AC$2:$AC$4650))),"S",IF(AL30<=COUNTIF($Z$2:$Z$4650,"是")*0.5,"A",IF(AL30<=COUNTIF($Z$2:$Z$4650,"是")*0.8,"B","C")))) -> A | AN30: =IF(G30="","无数据",IF(G30<30,"MOB1-",IF(G30<90,"MOB1-3",IF(G30<180,"MOB3-6",IF(G30<365,"MOB6-12","MOB12+"))))) -> MOB12+
A31: 首贷 | B31: 管户金条-广达陕西职场 | C31: 643324 | D31: 杨娟 | E31: 44329.384 | F31: 44329.384 | G31: 1825 | H31: 1825 | I31: 46154.872 | J31: 4057 | K31: 5801 | L31: 2122 | M31: 239667 | N31: 185391 | O31: 29 | P31: 62 | Q31: 3326900 | R31: 2148800 | S31: 2 | T31: 3 | U31: 18000 | W31: 3344900 | X31: =IF(OR(I31="",说明首页!$C$3-INT(I31)>7),"是","否") -> 否 | Y31: =IF(OR(O31="",O31<22),"是","否") -> 否 | Z31: =IF(AND(X31="否",Y31="否"),"是","否") -> 是 | AA31: =IF(OR(I31="",说明首页!$C$3-INT(I31)>=3),"是","否") -> 否 | AB31: =IFERROR(IF(L31>0,N31/L31,0),0) -> 87.366164 | AC31: =IFERROR(IF(J31>0,P31/J31*100,0),0) -> 1.5282228 | AD31: =IFERROR(IF(AND(P31<>"",P31>0),Q31/P31,0),0) -> 53659.677 | AE31: =IFERROR(IF(R31="",0,R31/10000),0) -> 214.88 | AF31: =IFERROR(IF(O31>0,N31/O31/60,0),0) -> 106.54655 | AG31: =IF(Z31="是",COUNTIFS($Z$2:$Z$4650,"是",$AB$2:$AB$4650,"<"&AB31)/COUNTIF($Z$2:$Z$4650,"是")*100,"") -> 45.19774 | AH31: =IF(Z31="是",COUNTIFS($Z$2:$Z$4650,"是",$AC$2:$AC$4650,"<"&AC31)/COUNTIF($Z$2:$Z$4650,"是")*100,"") -> 92.843691 | AI31: =IF(Z31="是",COUNTIFS($Z$2:$Z$4650,"是",$AE$2:$AE$4650,"<"&AE31)/COUNTIF($Z$2:$Z$4650,"是")*100,"") -> 79.096045 | AJ31: =IF(Z31="是",COUNTIFS($Z$2:$Z$4650,"是",$AF$2:$AF$4650,"<"&AF31)/COUNTIF($Z$2:$Z$4650,"是")*100,"") -> 33.333333 | AK31: =IF(Z31="是",ROUND(AG31*0.15+AH31*0.45+AI31*0.2+AJ31*0.2,2),"") -> 71.05 | AL31: =IF(Z31="是",COUNTIFS($Z$2:$Z$4650,"是",$AK$2:$AK$4650,">"&AK31)+1,"") -> 110 | AM31: =IF(Z31<>"是","非参评",IF(AND(AL31<=COUNTIF($Z$2:$Z$4650,"是")*0.2,AC31>MEDIAN(IF($Z$2:$Z$4650="是",$AC$2:$AC$4650))),"S",IF(AL31<=COUNTIF($Z$2:$Z$4650,"是")*0.5,"A",IF(AL31<=COUNTIF($Z$2:$Z$4650,"是")*0.8,"B","C")))) -> A | AN31: =IF(G31="","无数据",IF(G31<30,"MOB1-",IF(G31<90,"MOB1-3",IF(G31<180,"MOB3-6",IF(G31<365,"MOB6-12","MOB12+"))))) -> MOB12+
A32: 首贷 | B32: 管户金条-毛毛虫职场 | C32: 643657 | D32: 尹化玉 | E32: 44776.423 | F32: 44776.423 | G32: 1378 | H32: 1378 | I32: 46154.825 | J32: 5050 | K32: 5694 | L32: 1692 | M32: 204687 | N32: 152793 | O32: 23 | P32: 39 | Q32: 1482500 | R32: 808300 | S32: 3 | T32: 5 | U32: 98600 | V32: 30000 | W32: 1581100 | X32: =IF(OR(I32="",说明首页!$C$3-INT(I32)>7),"是","否") -> 否 | Y32: =IF(OR(O32="",O32<22),"是","否") -> 否 | Z32: =IF(AND(X32="否",Y32="否"),"是","否") -> 是 | AA32: =IF(OR(I32="",说明首页!$C$3-INT(I32)>=3),"是","否") -> 否 | AB32: =IFERROR(IF(L32>0,N32/L32,0),0) -> 90.303191 | AC32: =IFERROR(IF(J32>0,P32/J32*100,0),0) -> 0.77227723 | AD32: =IFERROR(IF(AND(P32<>"",P32>0),Q32/P32,0),0) -> 38012.821 | AE32: =IFERROR(IF(R32="",0,R32/10000),0) -> 80.83 | AF32: =IFERROR(IF(O32>0,N32/O32/60,0),0) -> 110.71957 | AG32: =IF(Z32="是",COUNTIFS($Z$2:$Z$4650,"是",$AB$2:$AB$4650,"<"&AB32)/COUNTIF($Z$2:$Z$4650,"是")*100,"") -> 54.425612 | AH32: =IF(Z32="是",COUNTIFS($Z$2:$Z$4650,"是",$AC$2:$AC$4650,"<"&AC32)/COUNTIF($Z$2:$Z$4650,"是")*100,"") -> 36.158192 | AI32: =IF(Z32="是",COUNTIFS($Z$2:$Z$4650,"是",$AE$2:$AE$4650,"<"&AE32)/COUNTIF($Z$2:$Z$4650,"是")*100,"") -> 35.969868 | AJ32: =IF(Z32="是",COUNTIFS($Z$2:$Z$4650,"是",$AF$2:$AF$4650,"<"&AF32)/COUNTIF($Z$2:$Z$4650,"是")*100,"") -> 45.386064 | AK32: =IF(Z32="是",ROUND(AG32*0.15+AH32*0.45+AI32*0.2+AJ32*0.2,2),"") -> 40.71 | AL32: =IF(Z32="是",COUNTIFS($Z$2:$Z$4650,"是",$AK$2:$AK$4650,">"&AK32)+1,"") -> 337 | AM32: =IF(Z32<>"是","非参评",IF(AND(AL32<=COUNTIF($Z$2:$Z$4650,"是")*0.2,AC32>MEDIAN(IF($Z$2:$Z$4650="是",$AC$2:$AC$4650))),"S",IF(AL32<=COUNTIF($Z$2:$Z$4650,"是")*0.5,"A",IF(AL32<=COUNTIF($Z$2:$Z$4650,"是")*0.8,"B","C")))) -> B | AN32: =IF(G32="","无数据",IF(G32<30,"MOB1-",IF(G32<90,"MOB1-3",IF(G32<180,"MOB3-6",IF(G32<365,"MOB6-12","MOB12+"))))) -> MOB12+
A33: 首贷 | B33: 管户金条-汇讯职场 | C33: 644670 | D33: 易丹 | E33: 45960.424 | F33: 45960.424 | G33: 194 | H33: 194 | I33: 46154.801 | J33: 4893 | K33: 5862 | L33: 1656 | M33: 223540 | N33: 162148 | O33: 24 | P33: 57 | Q33: 2575800 | R33: 1700400 | S33: 2 | T33: 2 | U33: 2000 | W33: 2577800 | X33: =IF(OR(I33="",说明首页!$C$3-INT(I33)>7),"是","否") -> 否 | Y33: =IF(OR(O33="",O33<22),"是","否") -> 否 | Z33: =IF(AND(X33="否",Y33="否"),"是","否") -> 是 | AA33: =IF(OR(I33="",说明首页!$C$3-INT(I33)>=3),"是","否") -> 否 | AB33: =IFERROR(IF(L33>0,N33/L33,0),0) -> 97.915459 | AC33: =IFERROR(IF(J33>0,P33/J33*100,0),0) -> 1.1649295 | AD33: =IFERROR(IF(AND(P33<>"",P33>0),Q33/P33,0),0) -> 45189.474 | AE33: =IFERROR(IF(R33="",0,R33/10000),0) -> 170.04 | AF33: =IFERROR(IF(O33>0,N33/O33/60,0),0) -> 112.60278 | AG33: =IF(Z33="是",COUNTIFS($Z$2:$Z$4650,"是",$AB$2:$AB$4650,"<"&AB33)/COUNTIF($Z$2:$Z$4650,"是")*100,"") -> 74.952919 | AH33: =IF(Z33="是",COUNTIFS($Z$2:$Z$4650,"是",$AC$2:$AC$4650,"<"&AC33)/COUNTIF($Z$2:$Z$4650,"是")*100,"") -> 74.764595 | AI33: =IF(Z33="是",COUNTIFS($Z$2:$Z$4650,"是",$AE$2:$AE$4650,"<"&AE33)/COUNTIF($Z$2:$Z$4650,"是")*100,"") -> 68.549906 | AJ33: =IF(Z33="是",COUNTIFS($Z$2:$Z$4650,"是",$AF$2:$AF$4650,"<"&AF33)/COUNTIF($Z$2:$Z$4650,"是")*100,"") -> 49.152542 | AK33: =IF(Z33="是",ROUND(AG33*0.15+AH33*0.45+AI33*0.2+AJ33*0.2,2),"") -> 68.43 | AL33: =IF(Z33="是",COUNTIFS($Z$2:$Z$4650,"是",$AK$2:$AK$4650,">"&AK33)+1,"") -> 129 | AM33: =IF(Z33<>"是","非参评",IF(AND(AL33<=COUNTIF($Z$2:$Z$4650,"是")*0.2,AC33>MEDIAN(IF($Z$2:$Z$4650="是",$AC$2:$AC$4650))),"S",IF(AL33<=COUNTIF($Z$2:$Z$4650,"是")*0.5,"A",IF(AL33<=COUNTIF($Z$2:$Z$4650,"是")*0.8,"B","C")))) -> A | AN33: =IF(G33="","无数据",IF(G33<30,"MOB1-",IF(G33<90,"MOB1-3",IF(G33<180,"MOB3-6",IF(G33<365,"MOB6-12","MOB12+"))))) -> MOB6-12
A34: 首贷 | B34: 管户金条-翰锐曲靖职场 | C34: 646992 | D34: 庄红霞 | E34: 44329.378 | F34: 44329.378 | G34: 1825 | H34: 1825 | I34: 46154.793 | J34: 3565 | K34: 4818 | L34: 2109 | M34: 197325 | N34: 155067 | O34: 25 | P34: 35 | Q34: 1765700 | R34: 1226200 | S34: 1 | T34: 1 | U34: 48700 | W34: 1814400 | X34: =IF(OR(I34="",说明首页!$C$3-INT(I34)>7),"是","否") -> 否 | Y34: =IF(OR(O34="",O34<22),"是","否") -> 否 | Z34: =IF(AND(X34="否",Y34="否"),"是","否") -> 是 | AA34: =IF(OR(I34="",说明首页!$C$3-INT(I34)>=3),"是","否") -> 否 | AB34: =IFERROR(IF(L34>0,N34/L34,0),0) -> 73.526316 | AC34: =IFERROR(IF(J34>0,P34/J34*100,0),0) -> 0.98176718 | AD34: =IFERROR(IF(AND(P34<>"",P34>0),Q34/P34,0),0) -> 50448.571 | AE34: =IFERROR(IF(R34="",0,R34/10000),0) -> 122.62 | AF34: =IFERROR(IF(O34>0,N34/O34/60,0),0) -> 103.378 | AG34: =IF(Z34="是",COUNTIFS($Z$2:$Z$4650,"是",$AB$2:$AB$4650,"<"&AB34)/COUNTIF($Z$2:$Z$4650,"是")*100,"") -> 13.559322 | AH34: =IF(Z34="是",COUNTIFS($Z$2:$Z$4650,"是",$AC$2:$AC$4650,"<"&AC34)/COUNTIF($Z$2:$Z$4650,"是")*100,"") -> 58.757062 | AI34: =IF(Z34="是",COUNTIFS($Z$2:$Z$4650,"是",$AE$2:$AE$4650,"<"&AE34)/COUNTIF($Z$2:$Z$4650,"是")*100,"") -> 50.094162 | AJ34: =IF(Z34="是",COUNTIFS($Z$2:$Z$4650,"是",$AF$2:$AF$4650,"<"&AF34)/COUNTIF($Z$2:$Z$4650,"是")*100,"") -> 28.436911 | AK34: =IF(Z34="是",ROUND(AG34*0.15+AH34*0.45+AI34*0.2+AJ34*0.2,2),"") -> 44.18 | AL34: =IF(Z34="是",COUNTIFS($Z$2:$Z$4650,"是",$AK$2:$AK$4650,">"&AK34)+1,"") -> 301 | AM34: =IF(Z34<>"是","非参评",IF(AND(AL34<=COUNTIF($Z$2:$Z$4650,"是")*0.2,AC34>MEDIAN(IF($Z$2:$Z$4650="是",$AC$2:$AC$4650))),"S",IF(AL34<=COUNTIF($Z$2:$Z$4650,"是")*0.5,"A",IF(AL34<=COUNTIF($Z$2:$Z$4650,"是")*0.8,"B","C")))) -> B | AN34: =IF(G34="","无数据",IF(G34<30,"MOB1-",IF(G34<90,"MOB1-3",IF(G34<180,"MOB3-6",IF(G34<365,"MOB6-12","MOB12+"))))) -> MOB12+
A35: 首贷 | B35: 管户金条-赛维斯职场 | C35: 652258 | D35: 李敏 | E35: 44335.69 | F35: 44335.69 | G35: 1819 | H35: 1819 | I35: 46154.778 | J35: 793 | K35: 877 | L35: 448 | M35: 61163 | N35: 55275 | O35: 22 | P35: 6 | Q35: 409500 | R35: 389500 | S35: 0 | T35: 0 | W35: 409500 | X35: =IF(OR(I35="",说明首页!$C$3-INT(I35)>7),"是","否") -> 否 | Y35: =IF(OR(O35="",O35<22),"是","否") -> 否 | Z35: =IF(AND(X35="否",Y35="否"),"是","否") -> 是 | AA35: =IF(OR(I35="",说明首页!$C$3-INT(I35)>=3),"是","否") -> 否 | AB35: =IFERROR(IF(L35>0,N35/L35,0),0) -> 123.3817 | AC35: =IFERROR(IF(J35>0,P35/J35*100,0),0) -> 0.75662043 | AD35: =IFERROR(IF(AND(P35<>"",P35>0),Q35/P35,0),0) -> 68250 | AE35: =IFERROR(IF(R35="",0,R35/10000),0) -> 38.95 | AF35: =IFERROR(IF(O35>0,N35/O35/60,0),0) -> 41.875 | AG35: =IF(Z35="是",COUNTIFS($Z$2:$Z$4650,"是",$AB$2:$AB$4650,"<"&AB35)/COUNTIF($Z$2:$Z$4650,"是")*100,"") -> 96.986817 | AH35: =IF(Z35="是",COUNTIFS($Z$2:$Z$4650,"是",$AC$2:$AC$4650,"<"&AC35)/COUNTIF($Z$2:$Z$4650,"是")*100,"") -> 34.463277 | AI35: =IF(Z35="是",COUNTIFS($Z$2:$Z$4650,"是",$AE$2:$AE$4650,"<"&AE35)/COUNTIF($Z$2:$Z$4650,"是")*100,"") -> 17.3258 | AJ35: =IF(Z35="是",COUNTIFS($Z$2:$Z$4650,"是",$AF$2:$AF$4650,"<"&AF35)/COUNTIF($Z$2:$Z$4650,"是")*100,"") -> 0.18832392 | AK35: =IF(Z35="是",ROUND(AG35*0.15+AH35*0.45+AI35*0.2+AJ35*0.2,2),"") -> 33.56 | AL35: =IF(Z35="是",COUNTIFS($Z$2:$Z$4650,"是",$AK$2:$AK$4650,">"&AK35)+1,"") -> 386 | AM35: =IF(Z35<>"是","非参评",IF(AND(AL35<=COUNTIF($Z$2:$Z$4650,"是")*0.2,AC35>MEDIAN(IF($Z$2:$Z$4650="是",$AC$2:$AC$4650))),"S",IF(AL35<=COUNTIF($Z$2:$Z$4650,"是")*0.5,"A",IF(AL35<=COUNTIF($Z$2:$Z$4650,"是")*0.8,"B","C")))) -> B | AN35: =IF(G35="","无数据",IF(G35<30,"MOB1-",IF(G35<90,"MOB1-3",IF(G35<180,"MOB3-6",IF(G35<365,"MOB6-12","MOB12+"))))) -> MOB12+
A36: 首贷 | B36: 管户金条-翰锐曲靖职场 | C36: 654511 | D36: 杨引兄 | E36: 44381.378 | F36: 44381.378 | G36: 1773 | H36: 1773 | I36: 46154.809 | J36: 773 | K36: 918 | L36: 320 | M36: 34984 | N36: 26074 | O36: 5 | P36: 3 | Q36: 11800 | R36: 11800 | S36: 1 | T36: 1 | U36: 56000 | W36: 67800 | X36: =IF(OR(I36="",说明首页!$C$3-INT(I36)>7),"是","否") -> 否 | Y36: =IF(OR(O36="",O36<22),"是","否") -> 是 | Z36: =IF(AND(X36="否",Y36="否"),"是","否") -> 否 | AA36: =IF(OR(I36="",说明首页!$C$3-INT(I36)>=3),"是","否") -> 否 | AB36: =IFERROR(IF(L36>0,N36/L36,0),0) -> 81.48125 | AC36: =IFERROR(IF(J36>0,P36/J36*100,0),0) -> 0.38809832 | AD36: =IFERROR(IF(AND(P36<>"",P36>0),Q36/P36,0),0) -> 3933.3333 | AE36: =IFERROR(IF(R36="",0,R36/10000),0) -> 1.18 | AF36: =IFERROR(IF(O36>0,N36/O36/60,0),0) -> 86.913333 | AG36: =IF(Z36="是",COUNTIFS($Z$2:$Z$4650,"是",$AB$2:$AB$4650,"<"&AB36)/COUNTIF($Z$2:$Z$4650,"是")*100,"") | AH36: =IF(Z36="是",COUNTIFS($Z$2:$Z$4650,"是",$AC$2:$AC$4650,"<"&AC36)/COUNTIF($Z$2:$Z$4650,"是")*100,"") | AI36: =IF(Z36="是",COUNTIFS($Z$2:$Z$4650,"是",$AE$2:$AE$4650,"<"&AE36)/COUNTIF($Z$2:$Z$4650,"是")*100,"") | AJ36: =IF(Z36="是",COUNTIFS($Z$2:$Z$4650,"是",$AF$2:$AF$4650,"<"&AF36)/COUNTIF($Z$2:$Z$4650,"是")*100,"") | AK36: =IF(Z36="是",ROUND(AG36*0.15+AH36*0.45+AI36*0.2+AJ36*0.2,2),"") | AL36: =IF(Z36="是",COUNTIFS($Z$2:$Z$4650,"是",$AK$2:$AK$4650,">"&AK36)+1,"") | AM36: =IF(Z36<>"是","非参评",IF(AND(AL36<=COUNTIF($Z$2:$Z$4650,"是")*0.2,AC36>MEDIAN(IF($Z$2:$Z$4650="是",$AC$2:$AC$4650))),"S",IF(AL36<=COUNTIF($Z$2:$Z$4650,"是")*0.5,"A",IF(AL36<=COUNTIF($Z$2:$Z$4650,"是")*0.8,"B","C")))) -> 非参评 | AN36: =IF(G36="","无数据",IF(G36<30,"MOB1-",IF(G36<90,"MOB1-3",IF(G36<180,"MOB3-6",IF(G36<365,"MOB6-12","MOB12+"))))) -> MOB12+
A37: 首贷 | B37: 管户金条-广达陕西职场 | C37: 659398 | D37: 孙文凯 | E37: 44411.417 | F37: 44411.417 | G37: 1743 | H37: 1743 | I37: 46154.874 | J37: 2389 | K37: 3594 | L37: 1836 | M37: 219430 | N37: 192624 | O37: 29 | P37: 48 | Q37: 3779700 | R37: 3285300 | S37: 2 | T37: 3 | U37: 3500 | V37: 500 | W37: 3783200 | X37: =IF(OR(I37="",说明首页!$C$3-INT(I37)>7),"是","否") -> 否 | Y37: =IF(OR(O37="",O37<22),"是","否") -> 否 | Z37: =IF(AND(X37="否",Y37="否"),"是","否") -> 是 | AA37: =IF(OR(I37="",说明首页!$C$3-INT(I37)>=3),"是","否") -> 否 | AB37: =IFERROR(IF(L37>0,N37/L37,0),0) -> 104.91503 | AC37: =IFERROR(IF(J37>0,P37/J37*100,0),0) -> 2.0092089 | AD37: =IFERROR(IF(AND(P37<>"",P37>0),Q37/P37,0),0) -> 78743.75 | AE37: =IFERROR(IF(R37="",0,R37/10000),0) -> 328.53 | AF37: =IFERROR(IF(O37>0,N37/O37/60,0),0) -> 110.70345 | AG37: =IF(Z37="是",COUNTIFS($Z$2:$Z$4650,"是",$AB$2:$AB$4650,"<"&AB37)/COUNTIF($Z$2:$Z$4650,"是")*100,"") -> 85.122411 | AH37: =IF(Z37="是",COUNTIFS($Z$2:$Z$4650,"是",$AC$2:$AC$4650,"<"&AC37)/COUNTIF($Z$2:$Z$4650,"是")*100,"") -> 97.928437 | AI37: =IF(Z37="是",COUNTIFS($Z$2:$Z$4650,"是",$AE$2:$AE$4650,"<"&AE37)/COUNTIF($Z$2:$Z$4650,"是")*100,"") -> 92.467043 | AJ37: =IF(Z37="是",COUNTIFS($Z$2:$Z$4650,"是",$AF$2:$AF$4650,"<"&AF37)/COUNTIF($Z$2:$Z$4650,"是")*100,"") -> 45.19774 | AK37: =IF(Z37="是",ROUND(AG37*0.15+AH37*0.45+AI37*0.2+AJ37*0.2,2),"") -> 84.37 | AL37: =IF(Z37="是",COUNTIFS($Z$2:$Z$4650,"是",$AK$2:$AK$4650,">"&AK37)+1,"") -> 34 | AM37: =IF(Z37<>"是","非参评",IF(AND(AL37<=COUNTIF($Z$2:$Z$4650,"是")*0.2,AC37>MEDIAN(IF($Z$2:$Z$4650="是",$AC$2:$AC$4650))),"S",IF(AL37<=COUNTIF($Z$2:$Z$4650,"是")*0.5,"A",IF(AL37<=COUNTIF($Z$2:$Z$4650,"是")*0.8,"B","C")))) -> S | AN37: =IF(G37="","无数据",IF(G37<30,"MOB1-",IF(G37<90,"MOB1-3",IF(G37<180,"MOB3-6",IF(G37<365,"MOB6-12","MOB12+"))))) -> MOB12+
A38: 首贷 | B38: 管户金条-翰锐曲靖职场 | C38: 659420 | D38: 陈会粉 | E38: 44365.377 | F38: 44365.377 | G38: 1789 | H38: 1789 | I38: 46147.439 | J38: 168 | K38: 169 | L38: 37 | M38: 6464 | N38: 4339 | O38: 1 | P38: 2 | Q38: 2000 | R38: 2000 | S38: 0 | T38: 0 | W38: 2000 | X38: =IF(OR(I38="",说明首页!$C$3-INT(I38)>7),"是","否") -> 否 | Y38: =IF(OR(O38="",O38<22),"是","否") -> 是 | Z38: =IF(AND(X38="否",Y38="否"),"是","否") -> 否 | AA38: =IF(OR(I38="",说明首页!$C$3-INT(I38)>=3),"是","否") -> 否 | AB38: =IFERROR(IF(L38>0,N38/L38,0),0) -> 117.27027 | AC38: =IFERROR(IF(J38>0,P38/J38*100,0),0) -> 1.1904762 | AD38: =IFERROR(IF(AND(P38<>"",P38>0),Q38/P38,0),0) -> 1000 | AE38: =IFERROR(IF(R38="",0,R38/10000),0) -> 0.2 | AF38: =IFERROR(IF(O38>0,N38/O38/60,0),0) -> 72.316667 | AG38: =IF(Z38="是",COUNTIFS($Z$2:$Z$4650,"是",$AB$2:$AB$4650,"<"&AB38)/COUNTIF($Z$2:$Z$4650,"是")*100,"") | AH38: =IF(Z38="是",COUNTIFS($Z$2:$Z$4650,"是",$AC$2:$AC$4650,"<"&AC38)/COUNTIF($Z$2:$Z$4650,"是")*100,"") | AI38: =IF(Z38="是",COUNTIFS($Z$2:$Z$4650,"是",$AE$2:$AE$4650,"<"&AE38)/COUNTIF($Z$2:$Z$4650,"是")*100,"") | AJ38: =IF(Z38="是",COUNTIFS($Z$2:$Z$4650,"是",$AF$2:$AF$4650,"<"&AF38)/COUNTIF($Z$2:$Z$4650,"是")*100,"") | AK38: =IF(Z38="是",ROUND(AG38*0.15+AH38*0.45+AI38*0.2+AJ38*0.2,2),"") | AL38: =IF(Z38="是",COUNTIFS($Z$2:$Z$4650,"是",$AK$2:$AK$4650,">"&AK38)+1,"") | AM38: =IF(Z38<>"是","非参评",IF(AND(AL38<=COUNTIF($Z$2:$Z$4650,"是")*0.2,AC38>MEDIAN(IF($Z$2:$Z$4650="是",$AC$2:$AC$4650))),"S",IF(AL38<=COUNTIF($Z$2:$Z$4650,"是")*0.5,"A",IF(AL38<=COUNTIF($Z$2:$Z$4650,"是")*0.8,"B","C")))) -> 非参评 | AN38: =IF(G38="","无数据",IF(G38<30,"MOB1-",IF(G38<90,"MOB1-3",IF(G38<180,"MOB3-6",IF(G38<365,"MOB6-12","MOB12+"))))) -> MOB12+
A39: 首贷 | B39: 管户金条-毅航合肥职场 | C39: 668100 | D39: 郭利民 | E39: 44414.422 | F39: 44414.422 | G39: 1740 | H39: 1740 | I39: 46154.822 | J39: 5520 | K39: 6208 | L39: 1823 | M39: 230368 | N39: 170313 | O39: 27 | P39: 24 | Q39: 503800 | R39: 412300 | S39: 1 | T39: 1 | U39: 1500 | W39: 505300 | X39: =IF(OR(I39="",说明首页!$C$3-INT(I39)>7),"是","否") -> 否 | Y39: =IF(OR(O39="",O39<22),"是","否") -> 否 | Z39: =IF(AND(X39="否",Y39="否"),"是","否") -> 是 | AA39: =IF(OR(I39="",说明首页!$C$3-INT(I39)>=3),"是","否") -> 否 | AB39: =IFERROR(IF(L39>0,N39/L39,0),0) -> 93.424575 | AC39: =IFERROR(IF(J39>0,P39/J39*100,0),0) -> 0.43478261 | AD39: =IFERROR(IF(AND(P39<>"",P39>0),Q39/P39,0),0) -> 20991.667 | AE39: =IFERROR(IF(R39="",0,R39/10000),0) -> 41.23 | AF39: =IFERROR(IF(O39>0,N39/O39/60,0),0) -> 105.13148 | AG39: =IF(Z39="是",COUNTIFS($Z$2:$Z$4650,"是",$AB$2:$AB$4650,"<"&AB39)/COUNTIF($Z$2:$Z$4650,"是")*100,"") -> 64.595104 | AH39: =IF(Z39="是",COUNTIFS($Z$2:$Z$4650,"是",$AC$2:$AC$4650,"<"&AC39)/COUNTIF($Z$2:$Z$4650,"是")*100,"") -> 4.8964218 | AI39: =IF(Z39="是",COUNTIFS($Z$2:$Z$4650,"是",$AE$2:$AE$4650,"<"&AE39)/COUNTIF($Z$2:$Z$4650,"是")*100,"") -> 18.455744 | AJ39: =IF(Z39="是",COUNTIFS($Z$2:$Z$4650,"是",$AF$2:$AF$4650,"<"&AF39)/COUNTIF($Z$2:$Z$4650,"是")*100,"") -> 31.073446 | AK39: =IF(Z39="是",ROUND(AG39*0.15+AH39*0.45+AI39*0.2+AJ39*0.2,2),"") -> 21.8 | AL39: =IF(Z39="是",COUNTIFS($Z$2:$Z$4650,"是",$AK$2:$AK$4650,">"&AK39)+1,"") -> 469 | AM39: =IF(Z39<>"是","非参评",IF(AND(AL39<=COUNTIF($Z$2:$Z$4650,"是")*0.2,AC39>MEDIAN(IF($Z$2:$Z$4650="是",$AC$2:$AC$4650))),"S",IF(AL39<=COUNTIF($Z$2:$Z$4650,"是")*0.5,"A",IF(AL39<=COUNTIF($Z$2:$Z$4650,"是")*0.8,"B","C")))) -> C | AN39: =IF(G39="","无数据",IF(G39<30,"MOB1-",IF(G39<90,"MOB1-3",IF(G39<180,"MOB3-6",IF(G39<365,"MOB6-12","MOB12+"))))) -> MOB12+
A40: 首贷 | B40: 管户金条-毛毛虫职场 | C40: 668249 | D40: 杨仙杰 | E40: 44414.394 | F40: 44414.394 | G40: 1740 | H40: 1740 | I40: 46154.836 | J40: 5058 | K40: 5826 | L40: 2170 | M40: 238839 | N40: 180344 | O40: 24 | P40: 37 | Q40: 3492700 | R40: 2484100 | S40: 0 | T40: 0 | W40: 3492700 | X40: =IF(OR(I40="",说明首页!$C$3-INT(I40)>7),"是","否") -> 否 | Y40: =IF(OR(O40="",O40<22),"是","否") -> 否 | Z40: =IF(AND(X40="否",Y40="否"),"是","否") -> 是 | AA40: =IF(OR(I40="",说明首页!$C$3-INT(I40)>=3),"是","否") -> 否 | AB40: =IFERROR(IF(L40>0,N40/L40,0),0) -> 83.107834 | AC40: =IFERROR(IF(J40>0,P40/J40*100,0),0) -> 0.73151443 | AD40: =IFERROR(IF(AND(P40<>"",P40>0),Q40/P40,0),0) -> 94397.297 | AE40: =IFERROR(IF(R40="",0,R40/10000),0) -> 248.41 | AF40: =IFERROR(IF(O40>0,N40/O40/60,0),0) -> 125.23889 | AG40: =IF(Z40="是",COUNTIFS($Z$2:$Z$4650,"是",$AB$2:$AB$4650,"<"&AB40)/COUNTIF($Z$2:$Z$4650,"是")*100,"") -> 33.709981 | AH40: =IF(Z40="是",COUNTIFS($Z$2:$Z$4650,"是",$AC$2:$AC$4650,"<"&AC40)/COUNTIF($Z$2:$Z$4650,"是")*100,"") -> 30.508475 | AI40: =IF(Z40="是",COUNTIFS($Z$2:$Z$4650,"是",$AE$2:$AE$4650,"<"&AE40)/COUNTIF($Z$2:$Z$4650,"是")*100,"") -> 85.499058 | AJ40: =IF(Z40="是",COUNTIFS($Z$2:$Z$4650,"是",$AF$2:$AF$4650,"<"&AF40)/COUNTIF($Z$2:$Z$4650,"是")*100,"") -> 77.777778 | AK40: =IF(Z40="是",ROUND(AG40*0.15+AH40*0.45+AI40*0.2+AJ40*0.2,2),"") -> 51.44 | AL40: =IF(Z40="是",COUNTIFS($Z$2:$Z$4650,"是",$AK$2:$AK$4650,">"&AK40)+1,"") -> 249 | AM40: =IF(Z40<>"是","非参评",IF(AND(AL40<=COUNTIF($Z$2:$Z$4650,"是")*0.2,AC40>MEDIAN(IF($Z$2:$Z$4650="是",$AC$2:$AC$4650))),"S",IF(AL40<=COUNTIF($Z$2:$Z$4650,"是")*0.5,"A",IF(AL40<=COUNTIF($Z$2:$Z$4650,"是")*0.8,"B","C")))) -> A | AN40: =IF(G40="","无数据",IF(G40<30,"MOB1-",IF(G40<90,"MOB1-3",IF(G40<180,"MOB3-6",IF(G40<365,"MOB6-12","MOB12+"))))) -> MOB12+
A41: 首贷 | B41: 管户金条-广达陕西职场 | C41: 669265 | D41: 潘长慧 | E41: 44420.404 | F41: 44420.404 | G41: 1734 | H41: 1734 | I41: 46154.783 | J41: 2558 | K41: 4161 | L41: 1879 | M41: 223350 | N41: 186696 | O41: 26 | P41: 33 | Q41: 1868900 | R41: 1633500 | S41: 3 | T41: 3 | U41: 13300 | V41: 8800 | W41: 1882200 | X41: =IF(OR(I41="",说明首页!$C$3-INT(I41)>7),"是","否") -> 否 | Y41: =IF(OR(O41="",O41<22),"是","否") -> 否 | Z41: =IF(AND(X41="否",Y41="否"),"是","否") -> 是 | AA41: =IF(OR(I41="",说明首页!$C$3-INT(I41)>=3),"是","否") -> 否 | AB41: =IFERROR(IF(L41>0,N41/L41,0),0) -> 99.359234 | AC41: =IFERROR(IF(J41>0,P41/J41*100,0),0) -> 1.2900704 | AD41: =IFERROR(IF(AND(P41<>"",P41>0),Q41/P41,0),0) -> 56633.333 | AE41: =IFERROR(IF(R41="",0,R41/10000),0) -> 163.35 | AF41: =IFERROR(IF(O41>0,N41/O41/60,0),0) -> 119.67692 | AG41: =IF(Z41="是",COUNTIFS($Z$2:$Z$4650,"是",$AB$2:$AB$4650,"<"&AB41)/COUNTIF($Z$2:$Z$4650,"是")*100,"") -> 77.966102 | AH41: =IF(Z41="是",COUNTIFS($Z$2:$Z$4650,"是",$AC$2:$AC$4650,"<"&AC41)/COUNTIF($Z$2:$Z$4650,"是")*100,"") -> 83.992467 | AI41: =IF(Z41="是",COUNTIFS($Z$2:$Z$4650,"是",$AE$2:$AE$4650,"<"&AE41)/COUNTIF($Z$2:$Z$4650,"是")*100,"") -> 66.854991 | AJ41: =IF(Z41="是",COUNTIFS($Z$2:$Z$4650,"是",$AF$2:$AF$4650,"<"&AF41)/COUNTIF($Z$2:$Z$4650,"是")*100,"") -> 64.971751 | AK41: =IF(Z41="是",ROUND(AG41*0.15+AH41*0.45+AI41*0.2+AJ41*0.2,2),"") -> 75.86 | AL41: =IF(Z41="是",COUNTIFS($Z$2:$Z$4650,"是",$AK$2:$AK$4650,">"&AK41)+1,"") -> 80 | AM41: =IF(Z41<>"是","非参评",IF(AND(AL41<=COUNTIF($Z$2:$Z$4650,"是")*0.2,AC41>MEDIAN(IF($Z$2:$Z$4650="是",$AC$2:$AC$4650))),"S",IF(AL41<=COUNTIF($Z$2:$Z$4650,"是")*0.5,"A",IF(AL41<=COUNTIF($Z$2:$Z$4650,"是")*0.8,"B","C")))) -> S | AN41: =IF(G41="","无数据",IF(G41<30,"MOB1-",IF(G41<90,"MOB1-3",IF(G41<180,"MOB3-6",IF(G41<365,"MOB6-12","MOB12+"))))) -> MOB12+
A42: 首贷 | B42: 管户金条-赛维斯职场 | C42: 669284 | D42: 卜晓佩 | E42: 45444.694 | F42: 45444.694 | G42: 710 | H42: 710 | I42: 46154.796 | J42: 3331 | K42: 5116 | L42: 1832 | M42: 178689 | N42: 133773 | O42: 28 | P42: 22 | Q42: 647700 | R42: 330200 | S42: 2 | T42: 2 | U42: 61900 | V42: 61900 | W42: 709600 | X42: =IF(OR(I42="",说明首页!$C$3-INT(I42)>7),"是","否") -> 否 | Y42: =IF(OR(O42="",O42<22),"是","否") -> 否 | Z42: =IF(AND(X42="否",Y42="否"),"是","否") -> 是 | AA42: =IF(OR(I42="",说明首页!$C$3-INT(I42)>=3),"是","否") -> 否 | AB42: =IFERROR(IF(L42>0,N42/L42,0),0) -> 73.020197 | AC42: =IFERROR(IF(J42>0,P42/J42*100,0),0) -> 0.66046232 | AD42: =IFERROR(IF(AND(P42<>"",P42>0),Q42/P42,0),0) -> 29440.909 | AE42: =IFERROR(IF(R42="",0,R42/10000),0) -> 33.02 | AF42: =IFERROR(IF(O42>0,N42/O42/60,0),0) -> 79.626786 | AG42: =IF(Z42="是",COUNTIFS($Z$2:$Z$4650,"是",$AB$2:$AB$4650,"<"&AB42)/COUNTIF($Z$2:$Z$4650,"是")*100,"") -> 11.864407 | AH42: =IF(Z42="是",COUNTIFS($Z$2:$Z$4650,"是",$AC$2:$AC$4650,"<"&AC42)/COUNTIF($Z$2:$Z$4650,"是")*100,"") -> 22.410546 | AI42: =IF(Z42="是",COUNTIFS($Z$2:$Z$4650,"是",$AE$2:$AE$4650,"<"&AE42)/COUNTIF($Z$2:$Z$4650,"是")*100,"") -> 13.93597 | AJ42: =IF(Z42="是",COUNTIFS($Z$2:$Z$4650,"是",$AF$2:$AF$4650,"<"&AF42)/COUNTIF($Z$2:$Z$4650,"是")*100,"") -> 3.7664783 | AK42: =IF(Z42="是",ROUND(AG42*0.15+AH42*0.45+AI42*0.2+AJ42*0.2,2),"") -> 15.4 | AL42: =IF(Z42="是",COUNTIFS($Z$2:$Z$4650,"是",$AK$2:$AK$4650,">"&AK42)+1,"") -> 498 | AM42: =IF(Z42<>"是","非参评",IF(AND(AL42<=COUNTIF($Z$2:$Z$4650,"是")*0.2,AC42>MEDIAN(IF($Z$2:$Z$4650="是",$AC$2:$AC$4650))),"S",IF(AL42<=COUNTIF($Z$2:$Z$4650,"是")*0.5,"A",IF(AL42<=COUNTIF($Z$2:$Z$4650,"是")*0.8,"B","C")))) -> C | AN42: =IF(G42="","无数据",IF(G42<30,"MOB1-",IF(G42<90,"MOB1-3",IF(G42<180,"MOB3-6",IF(G42<365,"MOB6-12","MOB12+"))))) -> MOB12+
A43: 首贷 | B43: 管户金条-汇讯职场 | C43: 671504 | D43: 付志高 | E43: 46125.665 | F43: 46125.665 | G43: 29 | H43: 29 | I43: 46136.771 | J43: 1383 | K43: 1579 | L43: 756 | M43: 79305 | N43: 66700 | O43: 10 | P43: 7 | Q43: 38900 | R43: 31900 | S43: 1 | T43: 2 | U43: 1000 | W43: 39900 | X43: =IF(OR(I43="",说明首页!$C$3-INT(I43)>7),"是","否") -> 否 | Y43: =IF(OR(O43="",O43<22),"是","否") -> 是 | Z43: =IF(AND(X43="否",Y43="否"),"是","否") -> 否 | AA43: =IF(OR(I43="",说明首页!$C$3-INT(I43)>=3),"是","否") -> 否 | AB43: =IFERROR(IF(L43>0,N43/L43,0),0) -> 88.227513 | AC43: =IFERROR(IF(J43>0,P43/J43*100,0),0) -> 0.50614606 | AD43: =IFERROR(IF(AND(P43<>"",P43>0),Q43/P43,0),0) -> 5557.1429 | AE43: =IFERROR(IF(R43="",0,R43/10000),0) -> 3.19 | AF43: =IFERROR(IF(O43>0,N43/O43/60,0),0) -> 111.16667 | AG43: =IF(Z43="是",COUNTIFS($Z$2:$Z$4650,"是",$AB$2:$AB$4650,"<"&AB43)/COUNTIF($Z$2:$Z$4650,"是")*100,"") | AH43: =IF(Z43="是",COUNTIFS($Z$2:$Z$4650,"是",$AC$2:$AC$4650,"<"&AC43)/COUNTIF($Z$2:$Z$4650,"是")*100,"") | AI43: =IF(Z43="是",COUNTIFS($Z$2:$Z$4650,"是",$AE$2:$AE$4650,"<"&AE43)/COUNTIF($Z$2:$Z$4650,"是")*100,"") | AJ43: =IF(Z43="是",COUNTIFS($Z$2:$Z$4650,"是",$AF$2:$AF$4650,"<"&AF43)/COUNTIF($Z$2:$Z$4650,"是")*100,"") | AK43: =IF(Z43="是",ROUND(AG43*0.15+AH43*0.45+AI43*0.2+AJ43*0.2,2),"") | AL43: =IF(Z43="是",COUNTIFS($Z$2:$Z$4650,"是",$AK$2:$AK$4650,">"&AK43)+1,"") | AM43: =IF(Z43<>"是","非参评",IF(AND(AL43<=COUNTIF($Z$2:$Z$4650,"是")*0.2,AC43>MEDIAN(IF($Z$2:$Z$4650="是",$AC$2:$AC$4650))),"S",IF(AL43<=COUNTIF($Z$2:$Z$4650,"是")*0.5,"A",IF(AL43<=COUNTIF($Z$2:$Z$4650,"是")*0.8,"B","C")))) -> 非参评 | AN43: =IF(G43="","无数据",IF(G43<30,"MOB1-",IF(G43<90,"MOB1-3",IF(G43<180,"MOB3-6",IF(G43<365,"MOB6-12","MOB12+"))))) -> MOB1-
A44: 首贷 | B44: 管户金条-翰锐曲靖职场 | C44: 672769 | D44: 聂婷婷 | E44: 45261.46 | F44: 45261.46 | G44: 893 | H44: 893 | I44: 46154.78 | J44: 3438 | K44: 4758 | L44: 1925 | M44: 183521 | N44: 140605 | O44: 24 | P44: 34 | Q44: 1552800 | R44: 1374200 | S44: 0 | T44: 0 | W44: 1552800 | X44: =IF(OR(I44="",说明首页!$C$3-INT(I44)>7),"是","否") -> 否 | Y44: =IF(OR(O44="",O44<22),"是","否") -> 否 | Z44: =IF(AND(X44="否",Y44="否"),"是","否") -> 是 | AA44: =IF(OR(I44="",说明首页!$C$3-INT(I44)>=3),"是","否") -> 否 | AB44: =IFERROR(IF(L44>0,N44/L44,0),0) -> 73.041558 | AC44: =IFERROR(IF(J44>0,P44/J44*100,0),0) -> 0.98894706 | AD44: =IFERROR(IF(AND(P44<>"",P44>0),Q44/P44,0),0) -> 45670.588 | AE44: =IFERROR(IF(R44="",0,R44/10000),0) -> 137.42 | AF44: =IFERROR(IF(O44>0,N44/O44/60,0),0) -> 97.642361 | AG44: =IF(Z44="是",COUNTIFS($Z$2:$Z$4650,"是",$AB$2:$AB$4650,"<"&AB44)/COUNTIF($Z$2:$Z$4650,"是")*100,"") -> 12.052731 | AH44: =IF(Z44="是",COUNTIFS($Z$2:$Z$4650,"是",$AC$2:$AC$4650,"<"&AC44)/COUNTIF($Z$2:$Z$4650,"是")*100,"") -> 59.887006 | AI44: =IF(Z44="是",COUNTIFS($Z$2:$Z$4650,"是",$AE$2:$AE$4650,"<"&AE44)/COUNTIF($Z$2:$Z$4650,"是")*100,"") -> 56.873823 | AJ44: =IF(Z44="是",COUNTIFS($Z$2:$Z$4650,"是",$AF$2:$AF$4650,"<"&AF44)/COUNTIF($Z$2:$Z$4650,"是")*100,"") -> 19.962335 | AK44: =IF(Z44="是",ROUND(AG44*0.15+AH44*0.45+AI44*0.2+AJ44*0.2,2),"") -> 44.12 | AL44: =IF(Z44="是",COUNTIFS($Z$2:$Z$4650,"是",$AK$2:$AK$4650,">"&AK44)+1,"") -> 302 | AM44: =IF(Z44<>"是","非参评",IF(AND(AL44<=COUNTIF($Z$2:$Z$4650,"是")*0.2,AC44>MEDIAN(IF($Z$2:$Z$4650="是",$AC$2:$AC$4650))),"S",IF(AL44<=COUNTIF($Z$2:$Z$4650,"是")*0.5,"A",IF(AL44<=COUNTIF($Z$2:$Z$4650,"是")*0.8,"B","C")))) -> B | AN44: =IF(G44="","无数据",IF(G44<30,"MOB1-",IF(G44<90,"MOB1-3",IF(G44<180,"MOB3-6",IF(G44<365,"MOB6-12","MOB12+"))))) -> MOB12+
A45: 首贷 | B45: 管户金条-伽玛职场 | C45: 673274 | D45: 张海燕 | E45: 44748.427 | F45: 44748.427 | G45: 1406 | H45: 1406 | I45: 46153.706 | J45: 10 | K45: 11 | L45: 9 | M45: 4380 | N45: 4349 | O45: 1 | X45: =IF(OR(I45="",说明首页!$C$3-INT(I45)>7),"是","否") -> 否 | Y45: =IF(OR(O45="",O45<22),"是","否") -> 是 | Z45: =IF(AND(X45="否",Y45="否"),"是","否") -> 否 | AA45: =IF(OR(I45="",说明首页!$C$3-INT(I45)>=3),"是","否") -> 否 | AB45: =IFERROR(IF(L45>0,N45/L45,0),0) -> 483.22222 | AC45: =IFERROR(IF(J45>0,P45/J45*100,0),0) -> 0 | AD45: =IFERROR(IF(AND(P45<>"",P45>0),Q45/P45,0),0) -> 0 | AE45: =IFERROR(IF(R45="",0,R45/10000),0) -> 0 | AF45: =IFERROR(IF(O45>0,N45/O45/60,0),0) -> 72.483333 | AG45: =IF(Z45="是",COUNTIFS($Z$2:$Z$4650,"是",$AB$2:$AB$4650,"<"&AB45)/COUNTIF($Z$2:$Z$4650,"是")*100,"") | AH45: =IF(Z45="是",COUNTIFS($Z$2:$Z$4650,"是",$AC$2:$AC$4650,"<"&AC45)/COUNTIF($Z$2:$Z$4650,"是")*100,"") | AI45: =IF(Z45="是",COUNTIFS($Z$2:$Z$4650,"是",$AE$2:$AE$4650,"<"&AE45)/COUNTIF($Z$2:$Z$4650,"是")*100,"") | AJ45: =IF(Z45="是",COUNTIFS($Z$2:$Z$4650,"是",$AF$2:$AF$4650,"<"&AF45)/COUNTIF($Z$2:$Z$4650,"是")*100,"") | AK45: =IF(Z45="是",ROUND(AG45*0.15+AH45*0.45+AI45*0.2+AJ45*0.2,2),"") | AL45: =IF(Z45="是",COUNTIFS($Z$2:$Z$4650,"是",$AK$2:$AK$4650,">"&AK45)+1,"") | AM45: =IF(Z45<>"是","非参评",IF(AND(AL45<=COUNTIF($Z$2:$Z$4650,"是")*0.2,AC45>MEDIAN(IF($Z$2:$Z$4650="是",$AC$2:$AC$4650))),"S",IF(AL45<=COUNTIF($Z$2:$Z$4650,"是")*0.5,"A",IF(AL45<=COUNTIF($Z$2:$Z$4650,"是")*0.8,"B","C")))) -> 非参评 | AN45: =IF(G45="","无数据",IF(G45<30,"MOB1-",IF(G45<90,"MOB1-3",IF(G45<180,"MOB3-6",IF(G45<365,"MOB6-12","MOB12+"))))) -> MOB12+
A46: 首贷 | B46: 管户金条-翰锐曲靖职场 | C46: 674564 | D46: 李艳娥 | E46: 45008.381 | F46: 45008.381 | G46: 1146 | H46: 1146 | I46: 46154.816 | J46: 3256 | K46: 4814 | L46: 1808 | M46: 194449 | N46: 146867 | O46: 27 | P46: 49 | Q46: 2172500 | R46: 1650300 | S46: 1 | T46: 1 | U46: 500 | W46: 2173000 | X46: =IF(OR(I46="",说明首页!$C$3-INT(I46)>7),"是","否") -> 否 | Y46: =IF(OR(O46="",O46<22),"是","否") -> 否 | Z46: =IF(AND(X46="否",Y46="否"),"是","否") -> 是 | AA46: =IF(OR(I46="",说明首页!$C$3-INT(I46)>=3),"是","否") -> 否 | AB46: =IFERROR(IF(L46>0,N46/L46,0),0) -> 81.231748 | AC46: =IFERROR(IF(J46>0,P46/J46*100,0),0) -> 1.504914 | AD46: =IFERROR(IF(AND(P46<>"",P46>0),Q46/P46,0),0) -> 44336.735 | AE46: =IFERROR(IF(R46="",0,R46/10000),0) -> 165.03 | AF46: =IFERROR(IF(O46>0,N46/O46/60,0),0) -> 90.658642 | AG46: =IF(Z46="是",COUNTIFS($Z$2:$Z$4650,"是",$AB$2:$AB$4650,"<"&AB46)/COUNTIF($Z$2:$Z$4650,"是")*100,"") -> 28.248588 | AH46: =IF(Z46="是",COUNTIFS($Z$2:$Z$4650,"是",$AC$2:$AC$4650,"<"&AC46)/COUNTIF($Z$2:$Z$4650,"是")*100,"") -> 91.902072 | AI46: =IF(Z46="是",COUNTIFS($Z$2:$Z$4650,"是",$AE$2:$AE$4650,"<"&AE46)/COUNTIF($Z$2:$Z$4650,"是")*100,"") -> 67.419962 | AJ46: =IF(Z46="是",COUNTIFS($Z$2:$Z$4650,"是",$AF$2:$AF$4650,"<"&AF46)/COUNTIF($Z$2:$Z$4650,"是")*100,"") -> 10.169492 | AK46: =IF(Z46="是",ROUND(AG46*0.15+AH46*0.45+AI46*0.2+AJ46*0.2,2),"") -> 61.11 | AL46: =IF(Z46="是",COUNTIFS($Z$2:$Z$4650,"是",$AK$2:$AK$4650,">"&AK46)+1,"") -> 179 | AM46: =IF(Z46<>"是","非参评",IF(AND(AL46<=COUNTIF($Z$2:$Z$4650,"是")*0.2,AC46>MEDIAN(IF($Z$2:$Z$4650="是",$AC$2:$AC$4650))),"S",IF(AL46<=COUNTIF($Z$2:$Z$4650,"是")*0.5,"A",IF(AL46<=COUNTIF($Z$2:$Z$4650,"是")*0.8,"B","C")))) -> A | AN46: =IF(G46="","无数据",IF(G46<30,"MOB1-",IF(G46<90,"MOB1-3",IF(G46<180,"MOB3-6",IF(G46<365,"MOB6-12","MOB12+"))))) -> MOB12+
A47: 首贷 | B47: 管户金条-毛毛虫职场 | C47: 674812 | D47: 陶云涛 | E47: 44465.402 | F47: 44465.402 | G47: 1689 | H47: 1689 | I47: 46154.815 | J47: 4344 | K47: 4759 | L47: 1454 | M47: 206446 | N47: 158307 | O47: 24 | P47: 31 | Q47: 1017500 | R47: 614600 | S47: 1 | T47: 1 | U47: 2300 | V47: 2300 | W47: 1019800 | X47: =IF(OR(I47="",说明首页!$C$3-INT(I47)>7),"是","否") -> 否 | Y47: =IF(OR(O47="",O47<22),"是","否") -> 否 | Z47: =IF(AND(X47="否",Y47="否"),"是","否") -> 是 | AA47: =IF(OR(I47="",说明首页!$C$3-INT(I47)>=3),"是","否") -> 否 | AB47: =IFERROR(IF(L47>0,N47/L47,0),0) -> 108.87689 | AC47: =IFERROR(IF(J47>0,P47/J47*100,0),0) -> 0.71362799 | AD47: =IFERROR(IF(AND(P47<>"",P47>0),Q47/P47,0),0) -> 32822.581 | AE47: =IFERROR(IF(R47="",0,R47/10000),0) -> 61.46 | AF47: =IFERROR(IF(O47>0,N47/O47/60,0),0) -> 109.93542 | AG47: =IF(Z47="是",COUNTIFS($Z$2:$Z$4650,"是",$AB$2:$AB$4650,"<"&AB47)/COUNTIF($Z$2:$Z$4650,"是")*100,"") -> 89.830508 | AH47: =IF(Z47="是",COUNTIFS($Z$2:$Z$4650,"是",$AC$2:$AC$4650,"<"&AC47)/COUNTIF($Z$2:$Z$4650,"是")*100,"") -> 26.741996 | AI47: =IF(Z47="是",COUNTIFS($Z$2:$Z$4650,"是",$AE$2:$AE$4650,"<"&AE47)/COUNTIF($Z$2:$Z$4650,"是")*100,"") -> 25.800377 | AJ47: =IF(Z47="是",COUNTIFS($Z$2:$Z$4650,"是",$AF$2:$AF$4650,"<"&AF47)/COUNTIF($Z$2:$Z$4650,"是")*100,"") -> 42.372881 | AK47: =IF(Z47="是",ROUND(AG47*0.15+AH47*0.45+AI47*0.2+AJ47*0.2,2),"") -> 39.14 | AL47: =IF(Z47="是",COUNTIFS($Z$2:$Z$4650,"是",$AK$2:$AK$4650,">"&AK47)+1,"") -> 347 | AM47: =IF(Z47<>"是","非参评",IF(AND(AL47<=COUNTIF($Z$2:$Z$4650,"是")*0.2,AC47>MEDIAN(IF($Z$2:$Z$4650="是",$AC$2:$AC$4650))),"S",IF(AL47<=COUNTIF($Z$2:$Z$4650,"是")*0.5,"A",IF(AL47<=COUNTIF($Z$2:$Z$4650,"是")*0.8,"B","C")))) -> B | AN47: =IF(G47="","无数据",IF(G47<30,"MOB1-",IF(G47<90,"MOB1-3",IF(G47<180,"MOB3-6",IF(G47<365,"MOB6-12","MOB12+"))))) -> MOB12+
A48: 首贷 | B48: 管户金条-汇讯职场 | C48: 675544 | D48: 肖双满 | E48: 45117.688 | F48: 45117.688 | G48: 1037 | H48: 1037 | I48: 46150.59 | J48: 445 | K48: 447 | L48: 176 | M48: 18128 | N48: 14189 | O48: 6 | P48: 1 | Q48: 110000 | R48: 110000 | S48: 0 | T48: 0 | W48: 110000 | X48: =IF(OR(I48="",说明首页!$C$3-INT(I48)>7),"是","否") -> 否 | Y48: =IF(OR(O48="",O48<22),"是","否") -> 是 | Z48: =IF(AND(X48="否",Y48="否"),"是","否") -> 否 | AA48: =IF(OR(I48="",说明首页!$C$3-INT(I48)>=3),"是","否") -> 否 | AB48: =IFERROR(IF(L48>0,N48/L48,0),0) -> 80.619318 | AC48: =IFERROR(IF(J48>0,P48/J48*100,0),0) -> 0.2247191 | AD48: =IFERROR(IF(AND(P48<>"",P48>0),Q48/P48,0),0) -> 110000 | AE48: =IFERROR(IF(R48="",0,R48/10000),0) -> 11 | AF48: =IFERROR(IF(O48>0,N48/O48/60,0),0) -> 39.413889 | AG48: =IF(Z48="是",COUNTIFS($Z$2:$Z$4650,"是",$AB$2:$AB$4650,"<"&AB48)/COUNTIF($Z$2:$Z$4650,"是")*100,"") | AH48: =IF(Z48="是",COUNTIFS($Z$2:$Z$4650,"是",$AC$2:$AC$4650,"<"&AC48)/COUNTIF($Z$2:$Z$4650,"是")*100,"") | AI48: =IF(Z48="是",COUNTIFS($Z$2:$Z$4650,"是",$AE$2:$AE$4650,"<"&AE48)/COUNTIF($Z$2:$Z$4650,"是")*100,"") | AJ48: =IF(Z48="是",COUNTIFS($Z$2:$Z$4650,"是",$AF$2:$AF$4650,"<"&AF48)/COUNTIF($Z$2:$Z$4650,"是")*100,"") | AK48: =IF(Z48="是",ROUND(AG48*0.15+AH48*0.45+AI48*0.2+AJ48*0.2,2),"") | AL48: =IF(Z48="是",COUNTIFS($Z$2:$Z$4650,"是",$AK$2:$AK$4650,">"&AK48)+1,"") | AM48: =IF(Z48<>"是","非参评",IF(AND(AL48<=COUNTIF($Z$2:$Z$4650,"是")*0.2,AC48>MEDIAN(IF($Z$2:$Z$4650="是",$AC$2:$AC$4650))),"S",IF(AL48<=COUNTIF($Z$2:$Z$4650,"是")*0.5,"A",IF(AL48<=COUNTIF($Z$2:$Z$4650,"是")*0.8,"B","C")))) -> 非参评 | AN48: =IF(G48="","无数据",IF(G48<30,"MOB1-",IF(G48<90,"MOB1-3",IF(G48<180,"MOB3-6",IF(G48<365,"MOB6-12","MOB12+"))))) -> MOB12+
A49: 首贷 | B49: 管户金条-毛毛虫职场 | C49: 678168 | D49: 杨前朋 | E49: 44484.408 | F49: 44484.408 | G49: 1670 | H49: 1670 | I49: 46154.597 | J49: 177 | K49: 181 | L49: 78 | M49: 15499 | N49: 13949 | O49: 7 | X49: =IF(OR(I49="",说明首页!$C$3-INT(I49)>7),"是","否") -> 否 | Y49: =IF(OR(O49="",O49<22),"是","否") -> 是 | Z49: =IF(AND(X49="否",Y49="否"),"是","否") -> 否 | AA49: =IF(OR(I49="",说明首页!$C$3-INT(I49)>=3),"是","否") -> 否 | AB49: =IFERROR(IF(L49>0,N49/L49,0),0) -> 178.83333 | AC49: =IFERROR(IF(J49>0,P49/J49*100,0),0) -> 0 | AD49: =IFERROR(IF(AND(P49<>"",P49>0),Q49/P49,0),0) -> 0 | AE49: =IFERROR(IF(R49="",0,R49/10000),0) -> 0 | AF49: =IFERROR(IF(O49>0,N49/O49/60,0),0) -> 33.211905 | AG49: =IF(Z49="是",COUNTIFS($Z$2:$Z$4650,"是",$AB$2:$AB$4650,"<"&AB49)/COUNTIF($Z$2:$Z$4650,"是")*100,"") | AH49: =IF(Z49="是",COUNTIFS($Z$2:$Z$4650,"是",$AC$2:$AC$4650,"<"&AC49)/COUNTIF($Z$2:$Z$4650,"是")*100,"") | AI49: =IF(Z49="是",COUNTIFS($Z$2:$Z$4650,"是",$AE$2:$AE$4650,"<"&AE49)/COUNTIF($Z$2:$Z$4650,"是")*100,"") | AJ49: =IF(Z49="是",COUNTIFS($Z$2:$Z$4650,"是",$AF$2:$AF$4650,"<"&AF49)/COUNTIF($Z$2:$Z$4650,"是")*100,"") | AK49: =IF(Z49="是",ROUND(AG49*0.15+AH49*0.45+AI49*0.2+AJ49*0.2,2),"") | AL49: =IF(Z49="是",COUNTIFS($Z$2:$Z$4650,"是",$AK$2:$AK$4650,">"&AK49)+1,"") | AM49: =IF(Z49<>"是","非参评",IF(AND(AL49<=COUNTIF($Z$2:$Z$4650,"是")*0.2,AC49>MEDIAN(IF($Z$2:$Z$4650="是",$AC$2:$AC$4650))),"S",IF(AL49<=COUNTIF($Z$2:$Z$4650,"是")*0.5,"A",IF(AL49<=COUNTIF($Z$2:$Z$4650,"是")*0.8,"B","C")))) -> 非参评 | AN49: =IF(G49="","无数据",IF(G49<30,"MOB1-",IF(G49<90,"MOB1-3",IF(G49<180,"MOB3-6",IF(G49<365,"MOB6-12","MOB12+"))))) -> MOB12+
A50: 首贷 | B50: 管户金条-毛毛虫职场 | C50: 680706 | D50: 张永生 | E50: 44496.402 | F50: 44496.402 | G50: 1658 | H50: 1658 | I50: 46154.847 | J50: 6004 | K50: 6803 | L50: 1403 | M50: 207376 | N50: 133028 | O50: 24 | P50: 46 | Q50: 2885100 | R50: 2468900 | S50: 4 | T50: 4 | U50: 31500 | V50: 15000 | W50: 2916600 | X50: =IF(OR(I50="",说明首页!$C$3-INT(I50)>7),"是","否") -> 否 | Y50: =IF(OR(O50="",O50<22),"是","否") -> 否 | Z50: =IF(AND(X50="否",Y50="否"),"是","否") -> 是 | AA50: =IF(OR(I50="",说明首页!$C$3-INT(I50)>=3),"是","否") -> 否 | AB50: =IFERROR(IF(L50>0,N50/L50,0),0) -> 94.816821 | AC50: =IFERROR(IF(J50>0,P50/J50*100,0),0) -> 0.7661559 | AD50: =IFERROR(IF(AND(P50<>"",P50>0),Q50/P50,0),0) -> 62719.565 | AE50: =IFERROR(IF(R50="",0,R50/10000),0) -> 246.89 | AF50: =IFERROR(IF(O50>0,N50/O50/60,0),0) -> 92.380556 | AG50: =IF(Z50="是",COUNTIFS($Z$2:$Z$4650,"是",$AB$2:$AB$4650,"<"&AB50)/COUNTIF($Z$2:$Z$4650,"是")*100,"") -> 68.361582 | AH50: =IF(Z50="是",COUNTIFS($Z$2:$Z$4650,"是",$AC$2:$AC$4650,"<"&AC50)/COUNTIF($Z$2:$Z$4650,"是")*100,"") -> 35.781544 | AI50: =IF(Z50="是",COUNTIFS($Z$2:$Z$4650,"是",$AE$2:$AE$4650,"<"&AE50)/COUNTIF($Z$2:$Z$4650,"是")*100,"") -> 85.122411 | AJ50: =IF(Z50="是",COUNTIFS($Z$2:$Z$4650,"是",$AF$2:$AF$4650,"<"&AF50)/COUNTIF($Z$2:$Z$4650,"是")*100,"") -> 12.241055 | AK50: =IF(Z50="是",ROUND(AG50*0.15+AH50*0.45+AI50*0.2+AJ50*0.2,2),"") -> 45.83 | AL50: =IF(Z50="是",COUNTIFS($Z$2:$Z$4650,"是",$AK$2:$AK$4650,">"&AK50)+1,"") -> 289 | AM50: =IF(Z50<>"是","非参评",IF(AND(AL50<=COUNTIF($Z$2:$Z$4650,"是")*0.2,AC50>MEDIAN(IF($Z$2:$Z$4650="是",$AC$2:$AC$4650))),"S",IF(AL50<=COUNTIF($Z$2:$Z$4650,"是")*0.5,"A",IF(AL50<=COUNTIF($Z$2:$Z$4650,"是")*0.8,"B","C")))) -> B | AN50: =IF(G50="","无数据",IF(G50<30,"MOB1-",IF(G50<90,"MOB1-3",IF(G50<180,"MOB3-6",IF(G50<365,"MOB6-12","MOB12+"))))) -> MOB12+
A51: 首贷 | B51: 管户金条-伽玛职场 | C51: 683023 | D51: 钱成林 | E51: 44512.43 | F51: 44512.43 | G51: 1642 | H51: 1642 | I51: 46154.784 | J51: 3468 | K51: 5165 | L51: 1900 | M51: 221234 | N51: 174489 | O51: 26 | P51: 73 | Q51: 6225000 | R51: 4568300 | S51: 2 | T51: 2 | U51: 172000 | W51: 6397000 | X51: =IF(OR(I51="",说明首页!$C$3-INT(I51)>7),"是","否") -> 否 | Y51: =IF(OR(O51="",O51<22),"是","否") -> 否 | Z51: =IF(AND(X51="否",Y51="否"),"是","否") -> 是 | AA51: =IF(OR(I51="",说明首页!$C$3-INT(I51)>=3),"是","否") -> 否 | AB51: =IFERROR(IF(L51>0,N51/L51,0),0) -> 91.836316 | AC51: =IFERROR(IF(J51>0,P51/J51*100,0),0) -> 2.1049596 | AD51: =IFERROR(IF(AND(P51<>"",P51>0),Q51/P51,0),0) -> 85273.973 | AE51: =IFERROR(IF(R51="",0,R51/10000),0) -> 456.83 | AF51: =IFERROR(IF(O51>0,N51/O51/60,0),0) -> 111.85192 | AG51: =IF(Z51="是",COUNTIFS($Z$2:$Z$4650,"是",$AB$2:$AB$4650,"<"&AB51)/COUNTIF($Z$2:$Z$4650,"是")*100,"") -> 59.13371 | AH51: =IF(Z51="是",COUNTIFS($Z$2:$Z$4650,"是",$AC$2:$AC$4650,"<"&AC51)/COUNTIF($Z$2:$Z$4650,"是")*100,"") -> 98.305085 | AI51: =IF(Z51="是",COUNTIFS($Z$2:$Z$4650,"是",$AE$2:$AE$4650,"<"&AE51)/COUNTIF($Z$2:$Z$4650,"是")*100,"") -> 96.798493 | AJ51: =IF(Z51="是",COUNTIFS($Z$2:$Z$4650,"是",$AF$2:$AF$4650,"<"&AF51)/COUNTIF($Z$2:$Z$4650,"是")*100,"") -> 48.022599 | AK51: =IF(Z51="是",ROUND(AG51*0.15+AH51*0.45+AI51*0.2+AJ51*0.2,2),"") -> 82.07 | AL51: =IF(Z51="是",COUNTIFS($Z$2:$Z$4650,"是",$AK$2:$AK$4650,">"&AK51)+1,"") -> 43 | AM51: =IF(Z51<>"是","非参评",IF(AND(AL51<=COUNTIF($Z$2:$Z$4650,"是")*0.2,AC51>MEDIAN(IF($Z$2:$Z$4650="是",$AC$2:$AC$4650))),"S",IF(AL51<=COUNTIF($Z$2:$Z$4650,"是")*0.5,"A",IF(AL51<=COUNTIF($Z$2:$Z$4650,"是")*0.8,"B","C")))) -> S | AN51: =IF(G51="","无数据",IF(G51<30,"MOB1-",IF(G51<90,"MOB1-3",IF(G51<180,"MOB3-6",IF(G51<365,"MOB6-12","MOB12+"))))) -> MOB12+
A52: 首贷 | B52: 管户金条-广达陕西职场 | C52: 685370 | D52: 张文霄 | E52: 44526.412 | F52: 44526.412 | G52: 1628 | H52: 1628 | I52: 46154.768 | J52: 3541 | K52: 5594 | L52: 2225 | M52: 245260 | N52: 194924 | O52: 28 | P52: 51 | Q52: 2372700 | R52: 2248200 | S52: 2 | T52: 3 | U52: 59500 | V52: 39500 | W52: 2432200 | X52: =IF(OR(I52="",说明首页!$C$3-INT(I52)>7),"是","否") -> 否 | Y52: =IF(OR(O52="",O52<22),"是","否") -> 否 | Z52: =IF(AND(X52="否",Y52="否"),"是","否") -> 是 | AA52: =IF(OR(I52="",说明首页!$C$3-INT(I52)>=3),"是","否") -> 否 | AB52: =IFERROR(IF(L52>0,N52/L52,0),0) -> 87.606292 | AC52: =IFERROR(IF(J52>0,P52/J52*100,0),0) -> 1.4402711 | AD52: =IFERROR(IF(AND(P52<>"",P52>0),Q52/P52,0),0) -> 46523.529 | AE52: =IFERROR(IF(R52="",0,R52/10000),0) -> 224.82 | AF52: =IFERROR(IF(O52>0,N52/O52/60,0),0) -> 116.02619 | AG52: =IF(Z52="是",COUNTIFS($Z$2:$Z$4650,"是",$AB$2:$AB$4650,"<"&AB52)/COUNTIF($Z$2:$Z$4650,"是")*100,"") -> 45.951036 | AH52: =IF(Z52="是",COUNTIFS($Z$2:$Z$4650,"是",$AC$2:$AC$4650,"<"&AC52)/COUNTIF($Z$2:$Z$4650,"是")*100,"") -> 89.642185 | AI52: =IF(Z52="是",COUNTIFS($Z$2:$Z$4650,"是",$AE$2:$AE$4650,"<"&AE52)/COUNTIF($Z$2:$Z$4650,"是")*100,"") -> 81.167608 | AJ52: =IF(Z52="是",COUNTIFS($Z$2:$Z$4650,"是",$AF$2:$AF$4650,"<"&AF52)/COUNTIF($Z$2:$Z$4650,"是")*100,"") -> 56.873823 | AK52: =IF(Z52="是",ROUND(AG52*0.15+AH52*0.45+AI52*0.2+AJ52*0.2,2),"") -> 74.84 | AL52: =IF(Z52="是",COUNTIFS($Z$2:$Z$4650,"是",$AK$2:$AK$4650,">"&AK52)+1,"") -> 85 | AM52: =IF(Z52<>"是","非参评",IF(AND(AL52<=COUNTIF($Z$2:$Z$4650,"是")*0.2,AC52>MEDIAN(IF($Z$2:$Z$4650="是",$AC$2:$AC$4650))),"S",IF(AL52<=COUNTIF($Z$2:$Z$4650,"是")*0.5,"A",IF(AL52<=COUNTIF($Z$2:$Z$4650,"是")*0.8,"B","C")))) -> S | AN52: =IF(G52="","无数据",IF(G52<30,"MOB1-",IF(G52<90,"MOB1-3",IF(G52<180,"MOB3-6",IF(G52<365,"MOB6-12","MOB12+"))))) -> MOB12+
A53: 首贷 | B53: 管户金条-毛毛虫职场 | C53: 690086 | D53: 董功芳 | E53: 44554.426 | F53: 44554.426 | G53: 1600 | H53: 1600 | I53: 46154.799 | J53: 287 | K53: 288 | L53: 112 | M53: 13659 | N53: 10884 | O53: 5 | P53: 6 | Q53: 12500 | R53: 5500 | S53: 0 | T53: 0 | W53: 12500 | X53: =IF(OR(I53="",说明首页!$C$3-INT(I53)>7),"是","否") -> 否 | Y53: =IF(OR(O53="",O53<22),"是","否") -> 是 | Z53: =IF(AND(X53="否",Y53="否"),"是","否") -> 否 | AA53: =IF(OR(I53="",说明首页!$C$3-INT(I53)>=3),"是","否") -> 否 | AB53: =IFERROR(IF(L53>0,N53/L53,0),0) -> 97.178571 | AC53: =IFERROR(IF(J53>0,P53/J53*100,0),0) -> 2.0905923 | AD53: =IFERROR(IF(AND(P53<>"",P53>0),Q53/P53,0),0) -> 2083.3333 | AE53: =IFERROR(IF(R53="",0,R53/10000),0) -> 0.55 | AF53: =IFERROR(IF(O53>0,N53/O53/60,0),0) -> 36.28 | AG53: =IF(Z53="是",COUNTIFS($Z$2:$Z$4650,"是",$AB$2:$AB$4650,"<"&AB53)/COUNTIF($Z$2:$Z$4650,"是")*100,"") | AH53: =IF(Z53="是",COUNTIFS($Z$2:$Z$4650,"是",$AC$2:$AC$4650,"<"&AC53)/COUNTIF($Z$2:$Z$4650,"是")*100,"") | AI53: =IF(Z53="是",COUNTIFS($Z$2:$Z$4650,"是",$AE$2:$AE$4650,"<"&AE53)/COUNTIF($Z$2:$Z$4650,"是")*100,"") | AJ53: =IF(Z53="是",COUNTIFS($Z$2:$Z$4650,"是",$AF$2:$AF$4650,"<"&AF53)/COUNTIF($Z$2:$Z$4650,"是")*100,"") | AK53: =IF(Z53="是",ROUND(AG53*0.15+AH53*0.45+AI53*0.2+AJ53*0.2,2),"") | AL53: =IF(Z53="是",COUNTIFS($Z$2:$Z$4650,"是",$AK$2:$AK$4650,">"&AK53)+1,"") | AM53: =IF(Z53<>"是","非参评",IF(AND(AL53<=COUNTIF($Z$2:$Z$4650,"是")*0.2,AC53>MEDIAN(IF($Z$2:$Z$4650="是",$AC$2:$AC$4650))),"S",IF(AL53<=COUNTIF($Z$2:$Z$4650,"是")*0.5,"A",IF(AL53<=COUNTIF($Z$2:$Z$4650,"是")*0.8,"B","C")))) -> 非参评 | AN53: =IF(G53="","无数据",IF(G53<30,"MOB1-",IF(G53<90,"MOB1-3",IF(G53<180,"MOB3-6",IF(G53<365,"MOB6-12","MOB12+"))))) -> MOB12+
A54: 首贷 | B54: 管户金条-伽玛职场 | C54: 690679 | D54: 吴娟 | E54: 44563.41 | F54: 44563.41 | G54: 1591 | H54: 1591 | I54: 46154.813 | J54: 3482 | K54: 4530 | L54: 1904 | M54: 232057 | N54: 192271 | O54: 26 | P54: 46 | Q54: 2471000 | R54: 1895800 | S54: 3 | T54: 4 | U54: 202500 | V54: 202500 | W54: 2673500 | X54: =IF(OR(I54="",说明首页!$C$3-INT(I54)>7),"是","否") -> 否 | Y54: =IF(OR(O54="",O54<22),"是","否") -> 否 | Z54: =IF(AND(X54="否",Y54="否"),"是","否") -> 是 | AA54: =IF(OR(I54="",说明首页!$C$3-INT(I54)>=3),"是","否") -> 否 | AB54: =IFERROR(IF(L54>0,N54/L54,0),0) -> 100.98267 | AC54: =IFERROR(IF(J54>0,P54/J54*100,0),0) -> 1.3210798 | AD54: =IFERROR(IF(AND(P54<>"",P54>0),Q54/P54,0),0) -> 53717.391 | AE54: =IFERROR(IF(R54="",0,R54/10000),0) -> 189.58 | AF54: =IFERROR(IF(O54>0,N54/O54/60,0),0) -> 123.25064 | AG54: =IF(Z54="是",COUNTIFS($Z$2:$Z$4650,"是",$AB$2:$AB$4650,"<"&AB54)/COUNTIF($Z$2:$Z$4650,"是")*100,"") -> 80.414313 | AH54: =IF(Z54="是",COUNTIFS($Z$2:$Z$4650,"是",$AC$2:$AC$4650,"<"&AC54)/COUNTIF($Z$2:$Z$4650,"是")*100,"") -> 84.557439 | AI54: =IF(Z54="是",COUNTIFS($Z$2:$Z$4650,"是",$AE$2:$AE$4650,"<"&AE54)/COUNTIF($Z$2:$Z$4650,"是")*100,"") -> 74.387947 | AJ54: =IF(Z54="是",COUNTIFS($Z$2:$Z$4650,"是",$AF$2:$AF$4650,"<"&AF54)/COUNTIF($Z$2:$Z$4650,"是")*100,"") -> 73.258004 | AK54: =IF(Z54="是",ROUND(AG54*0.15+AH54*0.45+AI54*0.2+AJ54*0.2,2),"") -> 79.64 | AL54: =IF(Z54="是",COUNTIFS($Z$2:$Z$4650,"是",$AK$2:$AK$4650,">"&AK54)+1,"") -> 54 | AM54: =IF(Z54<>"是","非参评",IF(AND(AL54<=COUNTIF($Z$2:$Z$4650,"是")*0.2,AC54>MEDIAN(IF($Z$2:$Z$4650="是",$AC$2:$AC$4650))),"S",IF(AL54<=COUNTIF($Z$2:$Z$4650,"是")*0.5,"A",IF(AL54<=COUNTIF($Z$2:$Z$4650,"是")*0.8,"B","C")))) -> S | AN54: =IF(G54="","无数据",IF(G54<30,"MOB1-",IF(G54<90,"MOB1-3",IF(G54<180,"MOB3-6",IF(G54<365,"MOB6-12","MOB12+"))))) -> MOB12+
A55: 首贷 | B55: 管户金条-伽玛职场 | C55: 691716 | D55: 潘巨侠 | E55: 44599.404 | F55: 44599.404 | G55: 1555 | H55: 1555 | I55: 46154.767 | J55: 438 | K55: 576 | L55: 257 | M55: 38624 | N55: 33851 | O55: 4 | P55: 5 | Q55: 294300 | R55: 289300 | S55: 1 | T55: 2 | U55: 175800 | W55: 470100 | X55: =IF(OR(I55="",说明首页!$C$3-INT(I55)>7),"是","否") -> 否 | Y55: =IF(OR(O55="",O55<22),"是","否") -> 是 | Z55: =IF(AND(X55="否",Y55="否"),"是","否") -> 否 | AA55: =IF(OR(I55="",说明首页!$C$3-INT(I55)>=3),"是","否") -> 否 | AB55: =IFERROR(IF(L55>0,N55/L55,0),0) -> 131.71595 | AC55: =IFERROR(IF(J55>0,P55/J55*100,0),0) -> 1.1415525 | AD55: =IFERROR(IF(AND(P55<>"",P55>0),Q55/P55,0),0) -> 58860 | AE55: =IFERROR(IF(R55="",0,R55/10000),0) -> 28.93 | AF55: =IFERROR(IF(O55>0,N55/O55/60,0),0) -> 141.04583 | AG55: =IF(Z55="是",COUNTIFS($Z$2:$Z$4650,"是",$AB$2:$AB$4650,"<"&AB55)/COUNTIF($Z$2:$Z$4650,"是")*100,"") | AH55: =IF(Z55="是",COUNTIFS($Z$2:$Z$4650,"是",$AC$2:$AC$4650,"<"&AC55)/COUNTIF($Z$2:$Z$4650,"是")*100,"") | AI55: =IF(Z55="是",COUNTIFS($Z$2:$Z$4650,"是",$AE$2:$AE$4650,"<"&AE55)/COUNTIF($Z$2:$Z$4650,"是")*100,"") | AJ55: =IF(Z55="是",COUNTIFS($Z$2:$Z$4650,"是",$AF$2:$AF$4650,"<"&AF55)/COUNTIF($Z$2:$Z$4650,"是")*100,"") | AK55: =IF(Z55="是",ROUND(AG55*0.15+AH55*0.45+AI55*0.2+AJ55*0.2,2),"") | AL55: =IF(Z55="是",COUNTIFS($Z$2:$Z$4650,"是",$AK$2:$AK$4650,">"&AK55)+1,"") | AM55: =IF(Z55<>"是","非参评",IF(AND(AL55<=COUNTIF($Z$2:$Z$4650,"是")*0.2,AC55>MEDIAN(IF($Z$2:$Z$4650="是",$AC$2:$AC$4650))),"S",IF(AL55<=COUNTIF($Z$2:$Z$4650,"是")*0.5,"A",IF(AL55<=COUNTIF($Z$2:$Z$4650,"是")*0.8,"B","C")))) -> 非参评 | AN55: =IF(G55="","无数据",IF(G55<30,"MOB1-",IF(G55<90,"MOB1-3",IF(G55<180,"MOB3-6",IF(G55<365,"MOB6-12","MOB12+"))))) -> MOB12+
A56: 首贷 | B56: 管户金条-广达陕西职场 | C56: 693647 | D56: 李龙 | E56: 44700.381 | F56: 44700.381 | G56: 1454 | H56: 1454 | I56: 46154.792 | J56: 3975 | K56: 6290 | L56: 2288 | M56: 194909 | N56: 137974 | O56: 29 | P56: 49 | Q56: 2213500 | R56: 1406300 | S56: 3 | T56: 3 | U56: 121100 | W56: 2334600 | X56: =IF(OR(I56="",说明首页!$C$3-INT(I56)>7),"是","否") -> 否 | Y56: =IF(OR(O56="",O56<22),"是","否") -> 否 | Z56: =IF(AND(X56="否",Y56="否"),"是","否") -> 是 | AA56: =IF(OR(I56="",说明首页!$C$3-INT(I56)>=3),"是","否") -> 否 | AB56: =IFERROR(IF(L56>0,N56/L56,0),0) -> 60.303322 | AC56: =IFERROR(IF(J56>0,P56/J56*100,0),0) -> 1.2327044 | AD56: =IFERROR(IF(AND(P56<>"",P56>0),Q56/P56,0),0) -> 45173.469 | AE56: =IFERROR(IF(R56="",0,R56/10000),0) -> 140.63 | AF56: =IFERROR(IF(O56>0,N56/O56/60,0),0) -> 79.295402 | AG56: =IF(Z56="是",COUNTIFS($Z$2:$Z$4650,"是",$AB$2:$AB$4650,"<"&AB56)/COUNTIF($Z$2:$Z$4650,"是")*100,"") -> 0.94161959 | AH56: =IF(Z56="是",COUNTIFS($Z$2:$Z$4650,"是",$AC$2:$AC$4650,"<"&AC56)/COUNTIF($Z$2:$Z$4650,"是")*100,"") -> 80.037665 | AI56: =IF(Z56="是",COUNTIFS($Z$2:$Z$4650,"是",$AE$2:$AE$4650,"<"&AE56)/COUNTIF($Z$2:$Z$4650,"是")*100,"") -> 58.19209 | AJ56: =IF(Z56="是",COUNTIFS($Z$2:$Z$4650,"是",$AF$2:$AF$4650,"<"&AF56)/COUNTIF($Z$2:$Z$4650,"是")*100,"") -> 3.5781544 | AK56: =IF(Z56="是",ROUND(AG56*0.15+AH56*0.45+AI56*0.2+AJ56*0.2,2),"") -> 48.51 | AL56: =IF(Z56="是",COUNTIFS($Z$2:$Z$4650,"是",$AK$2:$AK$4650,">"&AK56)+1,"") -> 274 | AM56: =IF(Z56<>"是","非参评",IF(AND(AL56<=COUNTIF($Z$2:$Z$4650,"是")*0.2,AC56>MEDIAN(IF($Z$2:$Z$4650="是",$AC$2:$AC$4650))),"S",IF(AL56<=COUNTIF($Z$2:$Z$4650,"是")*0.5,"A",IF(AL56<=COUNTIF($Z$2:$Z$4650,"是")*0.8,"B","C")))) -> B | AN56: =IF(G56="","无数据",IF(G56<30,"MOB1-",IF(G56<90,"MOB1-3",IF(G56<180,"MOB3-6",IF(G56<365,"MOB6-12","MOB12+"))))) -> MOB12+
A57: 首贷 | B57: 管户金条-毛毛虫职场 | C57: 694031 | D57: 黄松华 | E57: 44615.414 | F57: 44615.414 | G57: 1539 | H57: 1539 | I57: 46154.781 | J57: 4051 | K57: 4648 | L57: 1619 | M57: 215776 | N57: 170672 | O57: 23 | P57: 30 | Q57: 2713600 | R57: 2207000 | S57: 3 | T57: 3 | U57: 274800 | V57: 274800 | W57: 2988400 | X57: =IF(OR(I57="",说明首页!$C$3-INT(I57)>7),"是","否") -> 否 | Y57: =IF(OR(O57="",O57<22),"是","否") -> 否 | Z57: =IF(AND(X57="否",Y57="否"),"是","否") -> 是 | AA57: =IF(OR(I57="",说明首页!$C$3-INT(I57)>=3),"是","否") -> 否 | AB57: =IFERROR(IF(L57>0,N57/L57,0),0) -> 105.41816 | AC57: =IFERROR(IF(J57>0,P57/J57*100,0),0) -> 0.74055789 | AD57: =IFERROR(IF(AND(P57<>"",P57>0),Q57/P57,0),0) -> 90453.333 | AE57: =IFERROR(IF(R57="",0,R57/10000),0) -> 220.7 | AF57: =IFERROR(IF(O57>0,N57/O57/60,0),0) -> 123.67536 | AG57: =IF(Z57="是",COUNTIFS($Z$2:$Z$4650,"是",$AB$2:$AB$4650,"<"&AB57)/COUNTIF($Z$2:$Z$4650,"是")*100,"") -> 86.06403 | AH57: =IF(Z57="是",COUNTIFS($Z$2:$Z$4650,"是",$AC$2:$AC$4650,"<"&AC57)/COUNTIF($Z$2:$Z$4650,"是")*100,"") -> 31.826742 | AI57: =IF(Z57="是",COUNTIFS($Z$2:$Z$4650,"是",$AE$2:$AE$4650,"<"&AE57)/COUNTIF($Z$2:$Z$4650,"是")*100,"") -> 80.602637 | AJ57: =IF(Z57="是",COUNTIFS($Z$2:$Z$4650,"是",$AF$2:$AF$4650,"<"&AF57)/COUNTIF($Z$2:$Z$4650,"是")*100,"") -> 74.199623 | AK57: =IF(Z57="是",ROUND(AG57*0.15+AH57*0.45+AI57*0.2+AJ57*0.2,2),"") -> 58.19 | AL57: =IF(Z57="是",COUNTIFS($Z$2:$Z$4650,"是",$AK$2:$AK$4650,">"&AK57)+1,"") -> 196 | AM57: =IF(Z57<>"是","非参评",IF(AND(AL57<=COUNTIF($Z$2:$Z$4650,"是")*0.2,AC57>MEDIAN(IF($Z$2:$Z$4650="是",$AC$2:$AC$4650))),"S",IF(AL57<=COUNTIF($Z$2:$Z$4650,"是")*0.5,"A",IF(AL57<=COUNTIF($Z$2:$Z$4650,"是")*0.8,"B","C")))) -> A | AN57: =IF(G57="","无数据",IF(G57<30,"MOB1-",IF(G57<90,"MOB1-3",IF(G57<180,"MOB3-6",IF(G57<365,"MOB6-12","MOB12+"))))) -> MOB12+
A58: 首贷 | B58: 管户金条-毛毛虫职场 | C58: 694915 | D58: 杨小凤 | E58: 44621.431 | F58: 44621.431 | G58: 1533 | H58: 1533 | I58: 46154.814 | J58: 5657 | K58: 6574 | L58: 2132 | M58: 219686 | N58: 148499 | O58: 24 | P58: 34 | Q58: 1107200 | R58: 768400 | S58: 3 | T58: 3 | U58: 26400 | V58: 10400 | W58: 1133600 | X58: =IF(OR(I58="",说明首页!$C$3-INT(I58)>7),"是","否") -> 否 | Y58: =IF(OR(O58="",O58<22),"是","否") -> 否 | Z58: =IF(AND(X58="否",Y58="否"),"是","否") -> 是 | AA58: =IF(OR(I58="",说明首页!$C$3-INT(I58)>=3),"是","否") -> 否 | AB58: =IFERROR(IF(L58>0,N58/L58,0),0) -> 69.652439 | AC58: =IFERROR(IF(J58>0,P58/J58*100,0),0) -> 0.60102528 | AD58: =IFERROR(IF(AND(P58<>"",P58>0),Q58/P58,0),0) -> 32564.706 | AE58: =IFERROR(IF(R58="",0,R58/10000),0) -> 76.84 | AF58: =IFERROR(IF(O58>0,N58/O58/60,0),0) -> 103.12431 | AG58: =IF(Z58="是",COUNTIFS($Z$2:$Z$4650,"是",$AB$2:$AB$4650,"<"&AB58)/COUNTIF($Z$2:$Z$4650,"是")*100,"") -> 7.5329567 | AH58: =IF(Z58="是",COUNTIFS($Z$2:$Z$4650,"是",$AC$2:$AC$4650,"<"&AC58)/COUNTIF($Z$2:$Z$4650,"是")*100,"") -> 17.137476 | AI58: =IF(Z58="是",COUNTIFS($Z$2:$Z$4650,"是",$AE$2:$AE$4650,"<"&AE58)/COUNTIF($Z$2:$Z$4650,"是")*100,"") -> 33.521657 | AJ58: =IF(Z58="是",COUNTIFS($Z$2:$Z$4650,"是",$AF$2:$AF$4650,"<"&AF58)/COUNTIF($Z$2:$Z$4650,"是")*100,"") -> 27.306968 | AK58: =IF(Z58="是",ROUND(AG58*0.15+AH58*0.45+AI58*0.2+AJ58*0.2,2),"") -> 21.01 | AL58: =IF(Z58="是",COUNTIFS($Z$2:$Z$4650,"是",$AK$2:$AK$4650,">"&AK58)+1,"") -> 478 | AM58: =IF(Z58<>"是","非参评",IF(AND(AL58<=COUNTIF($Z$2:$Z$4650,"是")*0.2,AC58>MEDIAN(IF($Z$2:$Z$4650="是",$AC$2:$AC$4650))),"S",IF(AL58<=COUNTIF($Z$2:$Z$4650,"是")*0.5,"A",IF(AL58<=COUNTIF($Z$2:$Z$4650,"是")*0.8,"B","C")))) -> C | AN58: =IF(G58="","无数据",IF(G58<30,"MOB1-",IF(G58<90,"MOB1-3",IF(G58<180,"MOB3-6",IF(G58<365,"MOB6-12","MOB12+"))))) -> MOB12+
A59: 首贷 | B59: 管户金条-毛毛虫职场 | C59: 694920 | D59: 杨月圆 | E59: 44621.428 | F59: 44621.428 | G59: 1533 | H59: 1533 | I59: 46154.826 | J59: 4859 | K59: 5474 | L59: 1591 | M59: 225677 | N59: 169566 | O59: 23 | P59: 61 | Q59: 4608800 | R59: 3448900 | S59: 4 | T59: 4 | U59: 171300 | V59: 78500 | W59: 4780100 | X59: =IF(OR(I59="",说明首页!$C$3-INT(I59)>7),"是","否") -> 否 | Y59: =IF(OR(O59="",O59<22),"是","否") -> 否 | Z59: =IF(AND(X59="否",Y59="否"),"是","否") -> 是 | AA59: =IF(OR(I59="",说明首页!$C$3-INT(I59)>=3),"是","否") -> 否 | AB59: =IFERROR(IF(L59>0,N59/L59,0),0) -> 106.57825 | AC59: =IFERROR(IF(J59>0,P59/J59*100,0),0) -> 1.2554023 | AD59: =IFERROR(IF(AND(P59<>"",P59>0),Q59/P59,0),0) -> 75554.098 | AE59: =IFERROR(IF(R59="",0,R59/10000),0) -> 344.89 | AF59: =IFERROR(IF(O59>0,N59/O59/60,0),0) -> 122.87391 | AG59: =IF(Z59="是",COUNTIFS($Z$2:$Z$4650,"是",$AB$2:$AB$4650,"<"&AB59)/COUNTIF($Z$2:$Z$4650,"是")*100,"") -> 87.193974 | AH59: =IF(Z59="是",COUNTIFS($Z$2:$Z$4650,"是",$AC$2:$AC$4650,"<"&AC59)/COUNTIF($Z$2:$Z$4650,"是")*100,"") -> 81.167608 | AI59: =IF(Z59="是",COUNTIFS($Z$2:$Z$4650,"是",$AE$2:$AE$4650,"<"&AE59)/COUNTIF($Z$2:$Z$4650,"是")*100,"") -> 93.596987 | AJ59: =IF(Z59="是",COUNTIFS($Z$2:$Z$4650,"是",$AF$2:$AF$4650,"<"&AF59)/COUNTIF($Z$2:$Z$4650,"是")*100,"") -> 71.751412 | AK59: =IF(Z59="是",ROUND(AG59*0.15+AH59*0.45+AI59*0.2+AJ59*0.2,2),"") -> 82.67 | AL59: =IF(Z59="是",COUNTIFS($Z$2:$Z$4650,"是",$AK$2:$AK$4650,">"&AK59)+1,"") -> 40 | AM59: =IF(Z59<>"是","非参评",IF(AND(AL59<=COUNTIF($Z$2:$Z$4650,"是")*0.2,AC59>MEDIAN(IF($Z$2:$Z$4650="是",$AC$2:$AC$4650))),"S",IF(AL59<=COUNTIF($Z$2:$Z$4650,"是")*0.5,"A",IF(AL59<=COUNTIF($Z$2:$Z$4650,"是")*0.8,"B","C")))) -> S | AN59: =IF(G59="","无数据",IF(G59<30,"MOB1-",IF(G59<90,"MOB1-3",IF(G59<180,"MOB3-6",IF(G59<365,"MOB6-12","MOB12+"))))) -> MOB12+
A60: 首贷 | B60: 管户金条-毛毛虫职场 | C60: 694922 | D60: 陈城 | E60: 44621.431 | F60: 44621.431 | G60: 1533 | H60: 1533 | I60: 46154.813 | J60: 6144 | K60: 6604 | L60: 1678 | M60: 244589 | N60: 165710 | O60: 25 | P60: 35 | Q60: 2567500 | R60: 2198600 | S60: 3 | T60: 3 | U60: 99600 | V60: 61600 | W60: 2667100 | X60: =IF(OR(I60="",说明首页!$C$3-INT(I60)>7),"是","否") -> 否 | Y60: =IF(OR(O60="",O60<22),"是","否") -> 否 | Z60: =IF(AND(X60="否",Y60="否"),"是","否") -> 是 | AA60: =IF(OR(I60="",说明首页!$C$3-INT(I60)>=3),"是","否") -> 否 | AB60: =IFERROR(IF(L60>0,N60/L60,0),0) -> 98.75447 | AC60: =IFERROR(IF(J60>0,P60/J60*100,0),0) -> 0.56966146 | AD60: =IFERROR(IF(AND(P60<>"",P60>0),Q60/P60,0),0) -> 73357.143 | AE60: =IFERROR(IF(R60="",0,R60/10000),0) -> 219.86 | AF60: =IFERROR(IF(O60>0,N60/O60/60,0),0) -> 110.47333 | AG60: =IF(Z60="是",COUNTIFS($Z$2:$Z$4650,"是",$AB$2:$AB$4650,"<"&AB60)/COUNTIF($Z$2:$Z$4650,"是")*100,"") -> 76.836158 | AH60: =IF(Z60="是",COUNTIFS($Z$2:$Z$4650,"是",$AC$2:$AC$4650,"<"&AC60)/COUNTIF($Z$2:$Z$4650,"是")*100,"") -> 13.370998 | AI60: =IF(Z60="是",COUNTIFS($Z$2:$Z$4650,"是",$AE$2:$AE$4650,"<"&AE60)/COUNTIF($Z$2:$Z$4650,"是")*100,"") -> 80.414313 | AJ60: =IF(Z60="是",COUNTIFS($Z$2:$Z$4650,"是",$AF$2:$AF$4650,"<"&AF60)/COUNTIF($Z$2:$Z$4650,"是")*100,"") -> 43.879473 | AK60: =IF(Z60="是",ROUND(AG60*0.15+AH60*0.45+AI60*0.2+AJ60*0.2,2),"") -> 42.4 | AL60: =IF(Z60="是",COUNTIFS($Z$2:$Z$4650,"是",$AK$2:$AK$4650,">"&AK60)+1,"") -> 318 | AM60: =IF(Z60<>"是","非参评",IF(AND(AL60<=COUNTIF($Z$2:$Z$4650,"是")*0.2,AC60>MEDIAN(IF($Z$2:$Z$4650="是",$AC$2:$AC$4650))),"S",IF(AL60<=COUNTIF($Z$2:$Z$4650,"是")*0.5,"A",IF(AL60<=COUNTIF($Z$2:$Z$4650,"是")*0.8,"B","C")))) -> B | AN60: =IF(G60="","无数据",IF(G60<30,"MOB1-",IF(G60<90,"MOB1-3",IF(G60<180,"MOB3-6",IF(G60<365,"MOB6-12","MOB12+"))))) -> MOB12+
A61: 首贷 | B61: 管户金条-伽玛职场 | C61: 696136 | D61: 张军港 | E61: 44687.393 | F61: 44687.393 | G61: 1467 | H61: 1467 | I61: 46154.765 | J61: 2864 | K61: 3646 | L61: 1681 | M61: 214346 | N61: 184005 | O61: 24 | P61: 67 | Q61: 5610000 | R61: 4961500 | S61: 4 | T61: 4 | U61: 40000 | W61: 5650000 | X61: =IF(OR(I61="",说明首页!$C$3-INT(I61)>7),"是","否") -> 否 | Y61: =IF(OR(O61="",O61<22),"是","否") -> 否 | Z61: =IF(AND(X61="否",Y61="否"),"是","否") -> 是 | AA61: =IF(OR(I61="",说明首页!$C$3-INT(I61)>=3),"是","否") -> 否 | AB61: =IFERROR(IF(L61>0,N61/L61,0),0) -> 109.46163 | AC61: =IFERROR(IF(J61>0,P61/J61*100,0),0) -> 2.3393855 | AD61: =IFERROR(IF(AND(P61<>"",P61>0),Q61/P61,0),0) -> 83731.343 | AE61: =IFERROR(IF(R61="",0,R61/10000),0) -> 496.15 | AF61: =IFERROR(IF(O61>0,N61/O61/60,0),0) -> 127.78125 | AG61: =IF(Z61="是",COUNTIFS($Z$2:$Z$4650,"是",$AB$2:$AB$4650,"<"&AB61)/COUNTIF($Z$2:$Z$4650,"是")*100,"") -> 90.583804 | AH61: =IF(Z61="是",COUNTIFS($Z$2:$Z$4650,"是",$AC$2:$AC$4650,"<"&AC61)/COUNTIF($Z$2:$Z$4650,"是")*100,"") -> 99.05838 | AI61: =IF(Z61="是",COUNTIFS($Z$2:$Z$4650,"是",$AE$2:$AE$4650,"<"&AE61)/COUNTIF($Z$2:$Z$4650,"是")*100,"") -> 97.363465 | AJ61: =IF(Z61="是",COUNTIFS($Z$2:$Z$4650,"是",$AF$2:$AF$4650,"<"&AF61)/COUNTIF($Z$2:$Z$4650,"是")*100,"") -> 80.602637 | AK61: =IF(Z61="是",ROUND(AG61*0.15+AH61*0.45+AI61*0.2+AJ61*0.2,2),"") -> 93.76 | AL61: =IF(Z61="是",COUNTIFS($Z$2:$Z$4650,"是",$AK$2:$AK$4650,">"&AK61)+1,"") -> 9 | AM61: =IF(Z61<>"是","非参评",IF(AND(AL61<=COUNTIF($Z$2:$Z$4650,"是")*0.2,AC61>MEDIAN(IF($Z$2:$Z$4650="是",$AC$2:$AC$4650))),"S",IF(AL61<=COUNTIF($Z$2:$Z$4650,"是")*0.5,"A",IF(AL61<=COUNTIF($Z$2:$Z$4650,"是")*0.8,"B","C")))) -> S | AN61: =IF(G61="","无数据",IF(G61<30,"MOB1-",IF(G61<90,"MOB1-3",IF(G61<180,"MOB3-6",IF(G61<365,"MOB6-12","MOB12+"))))) -> MOB12+
A62: 首贷 | B62: 管户金条-伽玛职场 | C62: 696141 | D62: 邱志菊 | E62: 44662.377 | F62: 44662.377 | G62: 1492 | H62: 1492 | I62: 46154.793 | J62: 380 | K62: 418 | L62: 173 | M62: 20899 | N62: 17392 | O62: 3 | P62: 1 | Q62: 59700 | R62: 59700 | S62: 0 | T62: 0 | W62: 59700 | X62: =IF(OR(I62="",说明首页!$C$3-INT(I62)>7),"是","否") -> 否 | Y62: =IF(OR(O62="",O62<22),"是","否") -> 是 | Z62: =IF(AND(X62="否",Y62="否"),"是","否") -> 否 | AA62: =IF(OR(I62="",说明首页!$C$3-INT(I62)>=3),"是","否") -> 否 | AB62: =IFERROR(IF(L62>0,N62/L62,0),0) -> 100.53179 | AC62: =IFERROR(IF(J62>0,P62/J62*100,0),0) -> 0.26315789 | AD62: =IFERROR(IF(AND(P62<>"",P62>0),Q62/P62,0),0) -> 59700 | AE62: =IFERROR(IF(R62="",0,R62/10000),0) -> 5.97 | AF62: =IFERROR(IF(O62>0,N62/O62/60,0),0) -> 96.622222 | AG62: =IF(Z62="是",COUNTIFS($Z$2:$Z$4650,"是",$AB$2:$AB$4650,"<"&AB62)/COUNTIF($Z$2:$Z$4650,"是")*100,"") | AH62: =IF(Z62="是",COUNTIFS($Z$2:$Z$4650,"是",$AC$2:$AC$4650,"<"&AC62)/COUNTIF($Z$2:$Z$4650,"是")*100,"") | AI62: =IF(Z62="是",COUNTIFS($Z$2:$Z$4650,"是",$AE$2:$AE$4650,"<"&AE62)/COUNTIF($Z$2:$Z$4650,"是")*100,"") | AJ62: =IF(Z62="是",COUNTIFS($Z$2:$Z$4650,"是",$AF$2:$AF$4650,"<"&AF62)/COUNTIF($Z$2:$Z$4650,"是")*100,"") | AK62: =IF(Z62="是",ROUND(AG62*0.15+AH62*0.45+AI62*0.2+AJ62*0.2,2),"") | AL62: =IF(Z62="是",COUNTIFS($Z$2:$Z$4650,"是",$AK$2:$AK$4650,">"&AK62)+1,"") | AM62: =IF(Z62<>"是","非参评",IF(AND(AL62<=COUNTIF($Z$2:$Z$4650,"是")*0.2,AC62>MEDIAN(IF($Z$2:$Z$4650="是",$AC$2:$AC$4650))),"S",IF(AL62<=COUNTIF($Z$2:$Z$4650,"是")*0.5,"A",IF(AL62<=COUNTIF($Z$2:$Z$4650,"是")*0.8,"B","C")))) -> 非参评 | AN62: =IF(G62="","无数据",IF(G62<30,"MOB1-",IF(G62<90,"MOB1-3",IF(G62<180,"MOB3-6",IF(G62<365,"MOB6-12","MOB12+"))))) -> MOB12+
A63: 首贷 | B63: 管户金条-毛毛虫职场 | C63: 696399 | D63: 张雅倩 | E63: 45712.392 | F63: 45712.392 | G63: 442 | H63: 442 | I63: 46153.828 | J63: 4461 | K63: 4840 | L63: 1704 | M63: 202833 | N63: 155085 | O63: 22 | P63: 25 | Q63: 1789600 | R63: 1455000 | S63: 1 | T63: 1 | U63: 79000 | V63: 79000 | W63: 1868600 | X63: =IF(OR(I63="",说明首页!$C$3-INT(I63)>7),"是","否") -> 否 | Y63: =IF(OR(O63="",O63<22),"是","否") -> 否 | Z63: =IF(AND(X63="否",Y63="否"),"是","否") -> 是 | AA63: =IF(OR(I63="",说明首页!$C$3-INT(I63)>=3),"是","否") -> 否 | AB63: =IFERROR(IF(L63>0,N63/L63,0),0) -> 91.012324 | AC63: =IFERROR(IF(J63>0,P63/J63*100,0),0) -> 0.56041246 | AD63: =IFERROR(IF(AND(P63<>"",P63>0),Q63/P63,0),0) -> 71584 | AE63: =IFERROR(IF(R63="",0,R63/10000),0) -> 145.5 | AF63: =IFERROR(IF(O63>0,N63/O63/60,0),0) -> 117.48864 | AG63: =IF(Z63="是",COUNTIFS($Z$2:$Z$4650,"是",$AB$2:$AB$4650,"<"&AB63)/COUNTIF($Z$2:$Z$4650,"是")*100,"") -> 57.250471 | AH63: =IF(Z63="是",COUNTIFS($Z$2:$Z$4650,"是",$AC$2:$AC$4650,"<"&AC63)/COUNTIF($Z$2:$Z$4650,"是")*100,"") -> 12.806026 | AI63: =IF(Z63="是",COUNTIFS($Z$2:$Z$4650,"是",$AE$2:$AE$4650,"<"&AE63)/COUNTIF($Z$2:$Z$4650,"是")*100,"") -> 60.451977 | AJ63: =IF(Z63="是",COUNTIFS($Z$2:$Z$4650,"是",$AF$2:$AF$4650,"<"&AF63)/COUNTIF($Z$2:$Z$4650,"是")*100,"") -> 59.698682 | AK63: =IF(Z63="是",ROUND(AG63*0.15+AH63*0.45+AI63*0.2+AJ63*0.2,2),"") -> 38.38 | AL63: =IF(Z63="是",COUNTIFS($Z$2:$Z$4650,"是",$AK$2:$AK$4650,">"&AK63)+1,"") -> 357 | AM63: =IF(Z63<>"是","非参评",IF(AND(AL63<=COUNTIF($Z$2:$Z$4650,"是")*0.2,AC63>MEDIAN(IF($Z$2:$Z$4650="是",$AC$2:$AC$4650))),"S",IF(AL63<=COUNTIF($Z$2:$Z$4650,"是")*0.5,"A",IF(AL63<=COUNTIF($Z$2:$Z$4650,"是")*0.8,"B","C")))) -> B | AN63: =IF(G63="","无数据",IF(G63<30,"MOB1-",IF(G63<90,"MOB1-3",IF(G63<180,"MOB3-6",IF(G63<365,"MOB6-12","MOB12+"))))) -> MOB12+
A64: 首贷 | B64: 管户金条-毅航合肥职场 | C64: 696633 | D64: 陈硕 | E64: 44636.421 | F64: 44636.421 | G64: 1518 | H64: 1518 | I64: 46154.808 | J64: 4321 | K64: 4492 | L64: 1663 | M64: 145984 | N64: 106708 | O64: 21 | P64: 14 | Q64: 336800 | R64: 234000 | S64: 0 | T64: 0 | W64: 336800 | X64: =IF(OR(I64="",说明首页!$C$3-INT(I64)>7),"是","否") -> 否 | Y64: =IF(OR(O64="",O64<22),"是","否") -> 是 | Z64: =IF(AND(X64="否",Y64="否"),"是","否") -> 否 | AA64: =IF(OR(I64="",说明首页!$C$3-INT(I64)>=3),"是","否") -> 否 | AB64: =IFERROR(IF(L64>0,N64/L64,0),0) -> 64.165965 | AC64: =IFERROR(IF(J64>0,P64/J64*100,0),0) -> 0.32399907 | AD64: =IFERROR(IF(AND(P64<>"",P64>0),Q64/P64,0),0) -> 24057.143 | AE64: =IFERROR(IF(R64="",0,R64/10000),0) -> 23.4 | AF64: =IFERROR(IF(O64>0,N64/O64/60,0),0) -> 84.688889 | AG64: =IF(Z64="是",COUNTIFS($Z$2:$Z$4650,"是",$AB$2:$AB$4650,"<"&AB64)/COUNTIF($Z$2:$Z$4650,"是")*100,"") | AH64: =IF(Z64="是",COUNTIFS($Z$2:$Z$4650,"是",$AC$2:$AC$4650,"<"&AC64)/COUNTIF($Z$2:$Z$4650,"是")*100,"") | AI64: =IF(Z64="是",COUNTIFS($Z$2:$Z$4650,"是",$AE$2:$AE$4650,"<"&AE64)/COUNTIF($Z$2:$Z$4650,"是")*100,"") | AJ64: =IF(Z64="是",COUNTIFS($Z$2:$Z$4650,"是",$AF$2:$AF$4650,"<"&AF64)/COUNTIF($Z$2:$Z$4650,"是")*100,"") | AK64: =IF(Z64="是",ROUND(AG64*0.15+AH64*0.45+AI64*0.2+AJ64*0.2,2),"") | AL64: =IF(Z64="是",COUNTIFS($Z$2:$Z$4650,"是",$AK$2:$AK$4650,">"&AK64)+1,"") | AM64: =IF(Z64<>"是","非参评",IF(AND(AL64<=COUNTIF($Z$2:$Z$4650,"是")*0.2,AC64>MEDIAN(IF($Z$2:$Z$4650="是",$AC$2:$AC$4650))),"S",IF(AL64<=COUNTIF($Z$2:$Z$4650,"是")*0.5,"A",IF(AL64<=COUNTIF($Z$2:$Z$4650,"是")*0.8,"B","C")))) -> 非参评 | AN64: =IF(G64="","无数据",IF(G64<30,"MOB1-",IF(G64<90,"MOB1-3",IF(G64<180,"MOB3-6",IF(G64<365,"MOB6-12","MOB12+"))))) -> MOB12+
A65: 首贷 | B65: 管户金条-毅航合肥职场 | C65: 696849 | D65: 王茹 | E65: 44637.708 | F65: 44637.708 | G65: 1517 | H65: 1517 | I65: 46154.831 | J65: 7047 | K65: 7932 | L65: 2742 | M65: 272570 | N65: 185304 | O65: 25 | P65: 39 | Q65: 1019900 | R65: 701000 | S65: 1 | T65: 1 | U65: 20000 | V65: 20000 | W65: 1039900 | X65: =IF(OR(I65="",说明首页!$C$3-INT(I65)>7),"是","否") -> 否 | Y65: =IF(OR(O65="",O65<22),"是","否") -> 否 | Z65: =IF(AND(X65="否",Y65="否"),"是","否") -> 是 | AA65: =IF(OR(I65="",说明首页!$C$3-INT(I65)>=3),"是","否") -> 否 | AB65: =IFERROR(IF(L65>0,N65/L65,0),0) -> 67.579869 | AC65: =IFERROR(IF(J65>0,P65/J65*100,0),0) -> 0.55342699 | AD65: =IFERROR(IF(AND(P65<>"",P65>0),Q65/P65,0),0) -> 26151.282 | AE65: =IFERROR(IF(R65="",0,R65/10000),0) -> 70.1 | AF65: =IFERROR(IF(O65>0,N65/O65/60,0),0) -> 123.536 | AG65: =IF(Z65="是",COUNTIFS($Z$2:$Z$4650,"是",$AB$2:$AB$4650,"<"&AB65)/COUNTIF($Z$2:$Z$4650,"是")*100,"") -> 4.8964218 | AH65: =IF(Z65="是",COUNTIFS($Z$2:$Z$4650,"是",$AC$2:$AC$4650,"<"&AC65)/COUNTIF($Z$2:$Z$4650,"是")*100,"") -> 12.241055 | AI65: =IF(Z65="是",COUNTIFS($Z$2:$Z$4650,"是",$AE$2:$AE$4650,"<"&AE65)/COUNTIF($Z$2:$Z$4650,"是")*100,"") -> 29.755179 | AJ65: =IF(Z65="是",COUNTIFS($Z$2:$Z$4650,"是",$AF$2:$AF$4650,"<"&AF65)/COUNTIF($Z$2:$Z$4650,"是")*100,"") -> 73.446328 | AK65: =IF(Z65="是",ROUND(AG65*0.15+AH65*0.45+AI65*0.2+AJ65*0.2,2),"") -> 26.88 | AL65: =IF(Z65="是",COUNTIFS($Z$2:$Z$4650,"是",$AK$2:$AK$4650,">"&AK65)+1,"") -> 439 | AM65: =IF(Z65<>"是","非参评",IF(AND(AL65<=COUNTIF($Z$2:$Z$4650,"是")*0.2,AC65>MEDIAN(IF($Z$2:$Z$4650="是",$AC$2:$AC$4650))),"S",IF(AL65<=COUNTIF($Z$2:$Z$4650,"是")*0.5,"A",IF(AL65<=COUNTIF($Z$2:$Z$4650,"是")*0.8,"B","C")))) -> C | AN65: =IF(G65="","无数据",IF(G65<30,"MOB1-",IF(G65<90,"MOB1-3",IF(G65<180,"MOB3-6",IF(G65<365,"MOB6-12","MOB12+"))))) -> MOB12+
A66: 首贷 | B66: 管户金条-毛毛虫职场 | C66: 697020 | D66: 沈成奇 | E66: 44638.397 | F66: 44638.397 | G66: 1516 | H66: 1516 | I66: 46154.814 | J66: 3863 | K66: 4282 | L66: 1506 | M66: 186922 | N66: 163418 | O66: 23 | P66: 25 | Q66: 2694700 | R66: 2160000 | S66: 1 | T66: 1 | U66: 137300 | W66: 2832000 | X66: =IF(OR(I66="",说明首页!$C$3-INT(I66)>7),"是","否") -> 否 | Y66: =IF(OR(O66="",O66<22),"是","否") -> 否 | Z66: =IF(AND(X66="否",Y66="否"),"是","否") -> 是 | AA66: =IF(OR(I66="",说明首页!$C$3-INT(I66)>=3),"是","否") -> 否 | AB66: =IFERROR(IF(L66>0,N66/L66,0),0) -> 108.51129 | AC66: =IFERROR(IF(J66>0,P66/J66*100,0),0) -> 0.64716542 | AD66: =IFERROR(IF(AND(P66<>"",P66>0),Q66/P66,0),0) -> 107788 | AE66: =IFERROR(IF(R66="",0,R66/10000),0) -> 216 | AF66: =IFERROR(IF(O66>0,N66/O66/60,0),0) -> 118.41884 | AG66: =IF(Z66="是",COUNTIFS($Z$2:$Z$4650,"是",$AB$2:$AB$4650,"<"&AB66)/COUNTIF($Z$2:$Z$4650,"是")*100,"") -> 89.642185 | AH66: =IF(Z66="是",COUNTIFS($Z$2:$Z$4650,"是",$AC$2:$AC$4650,"<"&AC66)/COUNTIF($Z$2:$Z$4650,"是")*100,"") -> 19.774011 | AI66: =IF(Z66="是",COUNTIFS($Z$2:$Z$4650,"是",$AE$2:$AE$4650,"<"&AE66)/COUNTIF($Z$2:$Z$4650,"是")*100,"") -> 79.284369 | AJ66: =IF(Z66="是",COUNTIFS($Z$2:$Z$4650,"是",$AF$2:$AF$4650,"<"&AF66)/COUNTIF($Z$2:$Z$4650,"是")*100,"") -> 62.900188 | AK66: =IF(Z66="是",ROUND(AG66*0.15+AH66*0.45+AI66*0.2+AJ66*0.2,2),"") -> 50.78 | AL66: =IF(Z66="是",COUNTIFS($Z$2:$Z$4650,"是",$AK$2:$AK$4650,">"&AK66)+1,"") -> 256 | AM66: =IF(Z66<>"是","非参评",IF(AND(AL66<=COUNTIF($Z$2:$Z$4650,"是")*0.2,AC66>MEDIAN(IF($Z$2:$Z$4650="是",$AC$2:$AC$4650))),"S",IF(AL66<=COUNTIF($Z$2:$Z$4650,"是")*0.5,"A",IF(AL66<=COUNTIF($Z$2:$Z$4650,"是")*0.8,"B","C")))) -> A | AN66: =IF(G66="","无数据",IF(G66<30,"MOB1-",IF(G66<90,"MOB1-3",IF(G66<180,"MOB3-6",IF(G66<365,"MOB6-12","MOB12+"))))) -> MOB12+
A67: 首贷 | B67: 管户金条-毅航合肥职场 | C67: 697631 | D67: 杨丰 | E67: 44648.412 | F67: 44648.412 | G67: 1506 | H67: 1506 | I67: 46154.853 | J67: 5507 | K67: 6067 | L67: 1896 | M67: 216421 | N67: 172248 | O67: 26 | P67: 39 | Q67: 2576300 | R67: 1704300 | S67: 2 | T67: 3 | U67: 39000 | V67: 19000 | W67: 2615300 | X67: =IF(OR(I67="",说明首页!$C$3-INT(I67)>7),"是","否") -> 否 | Y67: =IF(OR(O67="",O67<22),"是","否") -> 否 | Z67: =IF(AND(X67="否",Y67="否"),"是","否") -> 是 | AA67: =IF(OR(I67="",说明首页!$C$3-INT(I67)>=3),"是","否") -> 否 | AB67: =IFERROR(IF(L67>0,N67/L67,0),0) -> 90.848101 | AC67: =IFERROR(IF(J67>0,P67/J67*100,0),0) -> 0.70818958 | AD67: =IFERROR(IF(AND(P67<>"",P67>0),Q67/P67,0),0) -> 66058.974 | AE67: =IFERROR(IF(R67="",0,R67/10000),0) -> 170.43 | AF67: =IFERROR(IF(O67>0,N67/O67/60,0),0) -> 110.41538 | AG67: =IF(Z67="是",COUNTIFS($Z$2:$Z$4650,"是",$AB$2:$AB$4650,"<"&AB67)/COUNTIF($Z$2:$Z$4650,"是")*100,"") -> 56.308851 | AH67: =IF(Z67="是",COUNTIFS($Z$2:$Z$4650,"是",$AC$2:$AC$4650,"<"&AC67)/COUNTIF($Z$2:$Z$4650,"是")*100,"") -> 26.365348 | AI67: =IF(Z67="是",COUNTIFS($Z$2:$Z$4650,"是",$AE$2:$AE$4650,"<"&AE67)/COUNTIF($Z$2:$Z$4650,"是")*100,"") -> 68.926554 | AJ67: =IF(Z67="是",COUNTIFS($Z$2:$Z$4650,"是",$AF$2:$AF$4650,"<"&AF67)/COUNTIF($Z$2:$Z$4650,"是")*100,"") -> 43.691149 | AK67: =IF(Z67="是",ROUND(AG67*0.15+AH67*0.45+AI67*0.2+AJ67*0.2,2),"") -> 42.83 | AL67: =IF(Z67="是",COUNTIFS($Z$2:$Z$4650,"是",$AK$2:$AK$4650,">"&AK67)+1,"") -> 316 | AM67: =IF(Z67<>"是","非参评",IF(AND(AL67<=COUNTIF($Z$2:$Z$4650,"是")*0.2,AC67>MEDIAN(IF($Z$2:$Z$4650="是",$AC$2:$AC$4650))),"S",IF(AL67<=COUNTIF($Z$2:$Z$4650,"是")*0.5,"A",IF(AL67<=COUNTIF($Z$2:$Z$4650,"是")*0.8,"B","C")))) -> B | AN67: =IF(G67="","无数据",IF(G67<30,"MOB1-",IF(G67<90,"MOB1-3",IF(G67<180,"MOB3-6",IF(G67<365,"MOB6-12","MOB12+"))))) -> MOB12+
A68: 首贷 | B68: 管户金条-毅航合肥职场 | C68: 697640 | D68: 刘雪 | E68: 44648.412 | F68: 44648.412 | G68: 1506 | H68: 1506 | I68: 46154.824 | J68: 4790 | K68: 5295 | L68: 945 | M68: 163846 | N68: 113988 | O68: 18 | P68: 62 | Q68: 5605600 | R68: 5400300 | S68: 1 | T68: 1 | U68: 1000 | W68: 5606600 | X68: =IF(OR(I68="",说明首页!$C$3-INT(I68)>7),"是","否") -> 否 | Y68: =IF(OR(O68="",O68<22),"是","否") -> 是 | Z68: =IF(AND(X68="否",Y68="否"),"是","否") -> 否 | AA68: =IF(OR(I68="",说明首页!$C$3-INT(I68)>=3),"是","否") -> 否 | AB68: =IFERROR(IF(L68>0,N68/L68,0),0) -> 120.62222 | AC68: =IFERROR(IF(J68>0,P68/J68*100,0),0) -> 1.2943633 | AD68: =IFERROR(IF(AND(P68<>"",P68>0),Q68/P68,0),0) -> 90412.903 | AE68: =IFERROR(IF(R68="",0,R68/10000),0) -> 540.03 | AF68: =IFERROR(IF(O68>0,N68/O68/60,0),0) -> 105.54444 | AG68: =IF(Z68="是",COUNTIFS($Z$2:$Z$4650,"是",$AB$2:$AB$4650,"<"&AB68)/COUNTIF($Z$2:$Z$4650,"是")*100,"") | AH68: =IF(Z68="是",COUNTIFS($Z$2:$Z$4650,"是",$AC$2:$AC$4650,"<"&AC68)/COUNTIF($Z$2:$Z$4650,"是")*100,"") | AI68: =IF(Z68="是",COUNTIFS($Z$2:$Z$4650,"是",$AE$2:$AE$4650,"<"&AE68)/COUNTIF($Z$2:$Z$4650,"是")*100,"") | AJ68: =IF(Z68="是",COUNTIFS($Z$2:$Z$4650,"是",$AF$2:$AF$4650,"<"&AF68)/COUNTIF($Z$2:$Z$4650,"是")*100,"") | AK68: =IF(Z68="是",ROUND(AG68*0.15+AH68*0.45+AI68*0.2+AJ68*0.2,2),"") | AL68: =IF(Z68="是",COUNTIFS($Z$2:$Z$4650,"是",$AK$2:$AK$4650,">"&AK68)+1,"") | AM68: =IF(Z68<>"是","非参评",IF(AND(AL68<=COUNTIF($Z$2:$Z$4650,"是")*0.2,AC68>MEDIAN(IF($Z$2:$Z$4650="是",$AC$2:$AC$4650))),"S",IF(AL68<=COUNTIF($Z$2:$Z$4650,"是")*0.5,"A",IF(AL68<=COUNTIF($Z$2:$Z$4650,"是")*0.8,"B","C")))) -> 非参评 | AN68: =IF(G68="","无数据",IF(G68<30,"MOB1-",IF(G68<90,"MOB1-3",IF(G68<180,"MOB3-6",IF(G68<365,"MOB6-12","MOB12+"))))) -> MOB12+
A69: 首贷 | B69: 管户金条-赛维斯职场 | C69: 697780 | D69: 周保峰 | E69: 45096.605 | F69: 45096.605 | G69: 1058 | H69: 1058 | I69: 46152.673 | J69: 3663 | K69: 4700 | L69: 1930 | M69: 225486 | N69: 183994 | O69: 25 | P69: 45 | Q69: 1956700 | R69: 1758500 | S69: 3 | T69: 5 | U69: 37100 | V69: 37100 | W69: 1993800 | X69: =IF(OR(I69="",说明首页!$C$3-INT(I69)>7),"是","否") -> 否 | Y69: =IF(OR(O69="",O69<22),"是","否") -> 否 | Z69: =IF(AND(X69="否",Y69="否"),"是","否") -> 是 | AA69: =IF(OR(I69="",说明首页!$C$3-INT(I69)>=3),"是","否") -> 否 | AB69: =IFERROR(IF(L69>0,N69/L69,0),0) -> 95.333679 | AC69: =IFERROR(IF(J69>0,P69/J69*100,0),0) -> 1.2285012 | AD69: =IFERROR(IF(AND(P69<>"",P69>0),Q69/P69,0),0) -> 43482.222 | AE69: =IFERROR(IF(R69="",0,R69/10000),0) -> 175.85 | AF69: =IFERROR(IF(O69>0,N69/O69/60,0),0) -> 122.66267 | AG69: =IF(Z69="是",COUNTIFS($Z$2:$Z$4650,"是",$AB$2:$AB$4650,"<"&AB69)/COUNTIF($Z$2:$Z$4650,"是")*100,"") -> 68.926554 | AH69: =IF(Z69="是",COUNTIFS($Z$2:$Z$4650,"是",$AC$2:$AC$4650,"<"&AC69)/COUNTIF($Z$2:$Z$4650,"是")*100,"") -> 79.472693 | AI69: =IF(Z69="是",COUNTIFS($Z$2:$Z$4650,"是",$AE$2:$AE$4650,"<"&AE69)/COUNTIF($Z$2:$Z$4650,"是")*100,"") -> 70.998117 | AJ69: =IF(Z69="是",COUNTIFS($Z$2:$Z$4650,"是",$AF$2:$AF$4650,"<"&AF69)/COUNTIF($Z$2:$Z$4650,"是")*100,"") -> 71.186441 | AK69: =IF(Z69="是",ROUND(AG69*0.15+AH69*0.45+AI69*0.2+AJ69*0.2,2),"") -> 74.54 | AL69: =IF(Z69="是",COUNTIFS($Z$2:$Z$4650,"是",$AK$2:$AK$4650,">"&AK69)+1,"") -> 88 | AM69: =IF(Z69<>"是","非参评",IF(AND(AL69<=COUNTIF($Z$2:$Z$4650,"是")*0.2,AC69>MEDIAN(IF($Z$2:$Z$4650="是",$AC$2:$AC$4650))),"S",IF(AL69<=COUNTIF($Z$2:$Z$4650,"是")*0.5,"A",IF(AL69<=COUNTIF($Z$2:$Z$4650,"是")*0.8,"B","C")))) -> S | AN69: =IF(G69="","无数据",IF(G69<30,"MOB1-",IF(G69<90,"MOB1-3",IF(G69<180,"MOB3-6",IF(G69<365,"MOB6-12","MOB12+"))))) -> MOB12+
A70: 首贷 | B70: 管户金条-赛维斯职场 | C70: 698411 | D70: 杨学平 | E70: 45278.751 | F70: 45278.751 | G70: 876 | H70: 876 | I70: 46154.852 | J70: 4578 | K70: 6022 | L70: 2115 | M70: 246191 | N70: 194250 | O70: 29 | P70: 57 | Q70: 3698800 | R70: 2870000 | S70: 3 | T70: 3 | U70: 86900 | V70: 85900 | W70: 3785700 | X70: =IF(OR(I70="",说明首页!$C$3-INT(I70)>7),"是","否") -> 否 | Y70: =IF(OR(O70="",O70<22),"是","否") -> 否 | Z70: =IF(AND(X70="否",Y70="否"),"是","否") -> 是 | AA70: =IF(OR(I70="",说明首页!$C$3-INT(I70)>=3),"是","否") -> 否 | AB70: =IFERROR(IF(L70>0,N70/L70,0),0) -> 91.843972 | AC70: =IFERROR(IF(J70>0,P70/J70*100,0),0) -> 1.2450852 | AD70: =IFERROR(IF(AND(P70<>"",P70>0),Q70/P70,0),0) -> 64891.228 | AE70: =IFERROR(IF(R70="",0,R70/10000),0) -> 287 | AF70: =IFERROR(IF(O70>0,N70/O70/60,0),0) -> 111.63793 | AG70: =IF(Z70="是",COUNTIFS($Z$2:$Z$4650,"是",$AB$2:$AB$4650,"<"&AB70)/COUNTIF($Z$2:$Z$4650,"是")*100,"") -> 59.322034 | AH70: =IF(Z70="是",COUNTIFS($Z$2:$Z$4650,"是",$AC$2:$AC$4650,"<"&AC70)/COUNTIF($Z$2:$Z$4650,"是")*100,"") -> 80.414313 | AI70: =IF(Z70="是",COUNTIFS($Z$2:$Z$4650,"是",$AE$2:$AE$4650,"<"&AE70)/COUNTIF($Z$2:$Z$4650,"是")*100,"") -> 89.453861 | AJ70: =IF(Z70="是",COUNTIFS($Z$2:$Z$4650,"是",$AF$2:$AF$4650,"<"&AF70)/COUNTIF($Z$2:$Z$4650,"是")*100,"") -> 47.834275 | AK70: =IF(Z70="是",ROUND(AG70*0.15+AH70*0.45+AI70*0.2+AJ70*0.2,2),"") -> 72.54 | AL70: =IF(Z70="是",COUNTIFS($Z$2:$Z$4650,"是",$AK$2:$AK$4650,">"&AK70)+1,"") -> 97 | AM70: =IF(Z70<>"是","非参评",IF(AND(AL70<=COUNTIF($Z$2:$Z$4650,"是")*0.2,AC70>MEDIAN(IF($Z$2:$Z$4650="是",$AC$2:$AC$4650))),"S",IF(AL70<=COUNTIF($Z$2:$Z$4650,"是")*0.5,"A",IF(AL70<=COUNTIF($Z$2:$Z$4650,"是")*0.8,"B","C")))) -> S | AN70: =IF(G70="","无数据",IF(G70<30,"MOB1-",IF(G70<90,"MOB1-3",IF(G70<180,"MOB3-6",IF(G70<365,"MOB6-12","MOB12+"))))) -> MOB12+
A71: 首贷 | B71: 管户金条-毛毛虫职场 | C71: 700998 | D71: 梁择一 | E71: 44681.399 | F71: 44681.399 | G71: 1473 | H71: 1473 | I71: 46154.808 | J71: 386 | K71: 386 | L71: 145 | M71: 16395 | N71: 12950 | O71: 8 | X71: =IF(OR(I71="",说明首页!$C$3-INT(I71)>7),"是","否") -> 否 | Y71: =IF(OR(O71="",O71<22),"是","否") -> 是 | Z71: =IF(AND(X71="否",Y71="否"),"是","否") -> 否 | AA71: =IF(OR(I71="",说明首页!$C$3-INT(I71)>=3),"是","否") -> 否 | AB71: =IFERROR(IF(L71>0,N71/L71,0),0) -> 89.310345 | AC71: =IFERROR(IF(J71>0,P71/J71*100,0),0) -> 0 | AD71: =IFERROR(IF(AND(P71<>"",P71>0),Q71/P71,0),0) -> 0 | AE71: =IFERROR(IF(R71="",0,R71/10000),0) -> 0 | AF71: =IFERROR(IF(O71>0,N71/O71/60,0),0) -> 26.979167 | AG71: =IF(Z71="是",COUNTIFS($Z$2:$Z$4650,"是",$AB$2:$AB$4650,"<"&AB71)/COUNTIF($Z$2:$Z$4650,"是")*100,"") | AH71: =IF(Z71="是",COUNTIFS($Z$2:$Z$4650,"是",$AC$2:$AC$4650,"<"&AC71)/COUNTIF($Z$2:$Z$4650,"是")*100,"") | AI71: =IF(Z71="是",COUNTIFS($Z$2:$Z$4650,"是",$AE$2:$AE$4650,"<"&AE71)/COUNTIF($Z$2:$Z$4650,"是")*100,"") | AJ71: =IF(Z71="是",COUNTIFS($Z$2:$Z$4650,"是",$AF$2:$AF$4650,"<"&AF71)/COUNTIF($Z$2:$Z$4650,"是")*100,"") | AK71: =IF(Z71="是",ROUND(AG71*0.15+AH71*0.45+AI71*0.2+AJ71*0.2,2),"") | AL71: =IF(Z71="是",COUNTIFS($Z$2:$Z$4650,"是",$AK$2:$AK$4650,">"&AK71)+1,"") | AM71: =IF(Z71<>"是","非参评",IF(AND(AL71<=COUNTIF($Z$2:$Z$4650,"是")*0.2,AC71>MEDIAN(IF($Z$2:$Z$4650="是",$AC$2:$AC$4650))),"S",IF(AL71<=COUNTIF($Z$2:$Z$4650,"是")*0.5,"A",IF(AL71<=COUNTIF($Z$2:$Z$4650,"是")*0.8,"B","C")))) -> 非参评 | AN71: =IF(G71="","无数据",IF(G71<30,"MOB1-",IF(G71<90,"MOB1-3",IF(G71<180,"MOB3-6",IF(G71<365,"MOB6-12","MOB12+"))))) -> MOB12+
A72: 首贷 | B72: 管户金条-毛毛虫职场 | C72: 700999 | D72: 甄阿利 | E72: 44681.429 | F72: 44681.429 | G72: 1473 | H72: 1473 | I72: 46154.834 | J72: 5052 | K72: 5554 | L72: 2230 | M72: 261018 | N72: 207034 | O72: 28 | P72: 61 | Q72: 2734900 | R72: 2077900 | S72: 2 | T72: 3 | U72: 111000 | V72: 111000 | W72: 2845900 | X72: =IF(OR(I72="",说明首页!$C$3-INT(I72)>7),"是","否") -> 否 | Y72: =IF(OR(O72="",O72<22),"是","否") -> 否 | Z72: =IF(AND(X72="否",Y72="否"),"是","否") -> 是 | AA72: =IF(OR(I72="",说明首页!$C$3-INT(I72)>=3),"是","否") -> 否 | AB72: =IFERROR(IF(L72>0,N72/L72,0),0) -> 92.840359 | AC72: =IFERROR(IF(J72>0,P72/J72*100,0),0) -> 1.2074426 | AD72: =IFERROR(IF(AND(P72<>"",P72>0),Q72/P72,0),0) -> 44834.426 | AE72: =IFERROR(IF(R72="",0,R72/10000),0) -> 207.79 | AF72: =IFERROR(IF(O72>0,N72/O72/60,0),0) -> 123.23452 | AG72: =IF(Z72="是",COUNTIFS($Z$2:$Z$4650,"是",$AB$2:$AB$4650,"<"&AB72)/COUNTIF($Z$2:$Z$4650,"是")*100,"") -> 63.276836 | AH72: =IF(Z72="是",COUNTIFS($Z$2:$Z$4650,"是",$AC$2:$AC$4650,"<"&AC72)/COUNTIF($Z$2:$Z$4650,"是")*100,"") -> 76.836158 | AI72: =IF(Z72="是",COUNTIFS($Z$2:$Z$4650,"是",$AE$2:$AE$4650,"<"&AE72)/COUNTIF($Z$2:$Z$4650,"是")*100,"") -> 77.966102 | AJ72: =IF(Z72="是",COUNTIFS($Z$2:$Z$4650,"是",$AF$2:$AF$4650,"<"&AF72)/COUNTIF($Z$2:$Z$4650,"是")*100,"") -> 73.06968 | AK72: =IF(Z72="是",ROUND(AG72*0.15+AH72*0.45+AI72*0.2+AJ72*0.2,2),"") -> 74.27 | AL72: =IF(Z72="是",COUNTIFS($Z$2:$Z$4650,"是",$AK$2:$AK$4650,">"&AK72)+1,"") -> 89 | AM72: =IF(Z72<>"是","非参评",IF(AND(AL72<=COUNTIF($Z$2:$Z$4650,"是")*0.2,AC72>MEDIAN(IF($Z$2:$Z$4650="是",$AC$2:$AC$4650))),"S",IF(AL72<=COUNTIF($Z$2:$Z$4650,"是")*0.5,"A",IF(AL72<=COUNTIF($Z$2:$Z$4650,"是")*0.8,"B","C")))) -> S | AN72: =IF(G72="","无数据",IF(G72<30,"MOB1-",IF(G72<90,"MOB1-3",IF(G72<180,"MOB3-6",IF(G72<365,"MOB6-12","MOB12+"))))) -> MOB12+
A73: 首贷 | B73: 管户金条-毅航合肥职场 | C73: 703065 | D73: 孔勇 | E73: 44699.394 | F73: 44699.394 | G73: 1455 | H73: 1455 | I73: 46154.84 | J73: 3651 | K73: 4127 | L73: 1600 | M73: 195079 | N73: 156407 | O73: 22 | P73: 31 | Q73: 1524800 | R73: 1246600 | S73: 2 | T73: 2 | U73: 5700 | V73: 1000 | W73: 1530500 | X73: =IF(OR(I73="",说明首页!$C$3-INT(I73)>7),"是","否") -> 否 | Y73: =IF(OR(O73="",O73<22),"是","否") -> 否 | Z73: =IF(AND(X73="否",Y73="否"),"是","否") -> 是 | AA73: =IF(OR(I73="",说明首页!$C$3-INT(I73)>=3),"是","否") -> 否 | AB73: =IFERROR(IF(L73>0,N73/L73,0),0) -> 97.754375 | AC73: =IFERROR(IF(J73>0,P73/J73*100,0),0) -> 0.84908244 | AD73: =IFERROR(IF(AND(P73<>"",P73>0),Q73/P73,0),0) -> 49187.097 | AE73: =IFERROR(IF(R73="",0,R73/10000),0) -> 124.66 | AF73: =IFERROR(IF(O73>0,N73/O73/60,0),0) -> 118.49015 | AG73: =IF(Z73="是",COUNTIFS($Z$2:$Z$4650,"是",$AB$2:$AB$4650,"<"&AB73)/COUNTIF($Z$2:$Z$4650,"是")*100,"") -> 74.387947 | AH73: =IF(Z73="是",COUNTIFS($Z$2:$Z$4650,"是",$AC$2:$AC$4650,"<"&AC73)/COUNTIF($Z$2:$Z$4650,"是")*100,"") -> 45.19774 | AI73: =IF(Z73="是",COUNTIFS($Z$2:$Z$4650,"是",$AE$2:$AE$4650,"<"&AE73)/COUNTIF($Z$2:$Z$4650,"是")*100,"") -> 50.659134 | AJ73: =IF(Z73="是",COUNTIFS($Z$2:$Z$4650,"是",$AF$2:$AF$4650,"<"&AF73)/COUNTIF($Z$2:$Z$4650,"是")*100,"") -> 63.088512 | AK73: =IF(Z73="是",ROUND(AG73*0.15+AH73*0.45+AI73*0.2+AJ73*0.2,2),"") -> 54.25 | AL73: =IF(Z73="是",COUNTIFS($Z$2:$Z$4650,"是",$AK$2:$AK$4650,">"&AK73)+1,"") -> 223 | AM73: =IF(Z73<>"是","非参评",IF(AND(AL73<=COUNTIF($Z$2:$Z$4650,"是")*0.2,AC73>MEDIAN(IF($Z$2:$Z$4650="是",$AC$2:$AC$4650))),"S",IF(AL73<=COUNTIF($Z$2:$Z$4650,"是")*0.5,"A",IF(AL73<=COUNTIF($Z$2:$Z$4650,"是")*0.8,"B","C")))) -> A | AN73: =IF(G73="","无数据",IF(G73<30,"MOB1-",IF(G73<90,"MOB1-3",IF(G73<180,"MOB3-6",IF(G73<365,"MOB6-12","MOB12+"))))) -> MOB12+
A74: 首贷 | B74: 管户金条-赛维斯职场 | C74: 703204 | D74: 赵伟然 | E74: 44707.571 | F74: 44707.571 | G74: 1447 | H74: 1447 | I74: 46154.771 | J74: 3479 | K74: 4737 | L74: 1582 | M74: 163992 | N74: 119587 | O74: 24 | P74: 28 | Q74: 1400100 | R74: 1027900 | S74: 3 | T74: 7 | U74: 45000 | W74: 1445100 | X74: =IF(OR(I74="",说明首页!$C$3-INT(I74)>7),"是","否") -> 否 | Y74: =IF(OR(O74="",O74<22),"是","否") -> 否 | Z74: =IF(AND(X74="否",Y74="否"),"是","否") -> 是 | AA74: =IF(OR(I74="",说明首页!$C$3-INT(I74)>=3),"是","否") -> 否 | AB74: =IFERROR(IF(L74>0,N74/L74,0),0) -> 75.592288 | AC74: =IFERROR(IF(J74>0,P74/J74*100,0),0) -> 0.80482897 | AD74: =IFERROR(IF(AND(P74<>"",P74>0),Q74/P74,0),0) -> 50003.571 | AE74: =IFERROR(IF(R74="",0,R74/10000),0) -> 102.79 | AF74: =IFERROR(IF(O74>0,N74/O74/60,0),0) -> 83.046528 | AG74: =IF(Z74="是",COUNTIFS($Z$2:$Z$4650,"是",$AB$2:$AB$4650,"<"&AB74)/COUNTIF($Z$2:$Z$4650,"是")*100,"") -> 17.514124 | AH74: =IF(Z74="是",COUNTIFS($Z$2:$Z$4650,"是",$AC$2:$AC$4650,"<"&AC74)/COUNTIF($Z$2:$Z$4650,"是")*100,"") -> 39.171375 | AI74: =IF(Z74="是",COUNTIFS($Z$2:$Z$4650,"是",$AE$2:$AE$4650,"<"&AE74)/COUNTIF($Z$2:$Z$4650,"是")*100,"") -> 43.502825 | AJ74: =IF(Z74="是",COUNTIFS($Z$2:$Z$4650,"是",$AF$2:$AF$4650,"<"&AF74)/COUNTIF($Z$2:$Z$4650,"是")*100,"") -> 5.2730697 | AK74: =IF(Z74="是",ROUND(AG74*0.15+AH74*0.45+AI74*0.2+AJ74*0.2,2),"") -> 30.01 | AL74: =IF(Z74="是",COUNTIFS($Z$2:$Z$4650,"是",$AK$2:$AK$4650,">"&AK74)+1,"") -> 420 | AM74: =IF(Z74<>"是","非参评",IF(AND(AL74<=COUNTIF($Z$2:$Z$4650,"是")*0.2,AC74>MEDIAN(IF($Z$2:$Z$4650="是",$AC$2:$AC$4650))),"S",IF(AL74<=COUNTIF($Z$2:$Z$4650,"是")*0.5,"A",IF(AL74<=COUNTIF($Z$2:$Z$4650,"是")*0.8,"B","C")))) -> B | AN74: =IF(G74="","无数据",IF(G74<30,"MOB1-",IF(G74<90,"MOB1-3",IF(G74<180,"MOB3-6",IF(G74<365,"MOB6-12","MOB12+"))))) -> MOB12+
A75: 首贷 | B75: 管户金条-翰锐曲靖职场 | C75: 703227 | D75: 刘红董 | E75: 44704.397 | F75: 44704.397 | G75: 1450 | H75: 1450 | I75: 46153.772 | J75: 2746 | K75: 4029 | L75: 1531 | M75: 173498 | N75: 136629 | O75: 24 | P75: 51 | Q75: 3777500 | R75: 2443900 | S75: 5 | T75: 5 | U75: 110600 | V75: 8200 | W75: 3888100 | X75: =IF(OR(I75="",说明首页!$C$3-INT(I75)>7),"是","否") -> 否 | Y75: =IF(OR(O75="",O75<22),"是","否") -> 否 | Z75: =IF(AND(X75="否",Y75="否"),"是","否") -> 是 | AA75: =IF(OR(I75="",说明首页!$C$3-INT(I75)>=3),"是","否") -> 否 | AB75: =IFERROR(IF(L75>0,N75/L75,0),0) -> 89.241672 | AC75: =IFERROR(IF(J75>0,P75/J75*100,0),0) -> 1.8572469 | AD75: =IFERROR(IF(AND(P75<>"",P75>0),Q75/P75,0),0) -> 74068.627 | AE75: =IFERROR(IF(R75="",0,R75/10000),0) -> 244.39 | AF75: =IFERROR(IF(O75>0,N75/O75/60,0),0) -> 94.88125 | AG75: =IF(Z75="是",COUNTIFS($Z$2:$Z$4650,"是",$AB$2:$AB$4650,"<"&AB75)/COUNTIF($Z$2:$Z$4650,"是")*100,"") -> 50.659134 | AH75: =IF(Z75="是",COUNTIFS($Z$2:$Z$4650,"是",$AC$2:$AC$4650,"<"&AC75)/COUNTIF($Z$2:$Z$4650,"是")*100,"") -> 97.175141 | AI75: =IF(Z75="是",COUNTIFS($Z$2:$Z$4650,"是",$AE$2:$AE$4650,"<"&AE75)/COUNTIF($Z$2:$Z$4650,"是")*100,"") -> 84.369115 | AJ75: =IF(Z75="是",COUNTIFS($Z$2:$Z$4650,"是",$AF$2:$AF$4650,"<"&AF75)/COUNTIF($Z$2:$Z$4650,"是")*100,"") -> 15.630885 | AK75: =IF(Z75="是",ROUND(AG75*0.15+AH75*0.45+AI75*0.2+AJ75*0.2,2),"") -> 71.33 | AL75: =IF(Z75="是",COUNTIFS($Z$2:$Z$4650,"是",$AK$2:$AK$4650,">"&AK75)+1,"") -> 108 | AM75: =IF(Z75<>"是","非参评",IF(AND(AL75<=COUNTIF($Z$2:$Z$4650,"是")*0.2,AC75>MEDIAN(IF($Z$2:$Z$4650="是",$AC$2:$AC$4650))),"S",IF(AL75<=COUNTIF($Z$2:$Z$4650,"是")*0.5,"A",IF(AL75<=COUNTIF($Z$2:$Z$4650,"是")*0.8,"B","C")))) -> A | AN75: =IF(G75="","无数据",IF(G75<30,"MOB1-",IF(G75<90,"MOB1-3",IF(G75<180,"MOB3-6",IF(G75<365,"MOB6-12","MOB12+"))))) -> MOB12+
A76: 首贷 | B76: 管户金条-赛维斯职场 | C76: 704665 | D76: 张耀藩 | E76: 44721.577 | F76: 44721.577 | G76: 1433 | H76: 1433 | I76: 46154.813 | J76: 4105 | K76: 4511 | L76: 2185 | M76: 178356 | N76: 142268 | O76: 25 | P76: 44 | Q76: 2851000 | R76: 1457000 | S76: 4 | T76: 4 | U76: 217300 | V76: 10000 | W76: 3068300 | X76: =IF(OR(I76="",说明首页!$C$3-INT(I76)>7),"是","否") -> 否 | Y76: =IF(OR(O76="",O76<22),"是","否") -> 否 | Z76: =IF(AND(X76="否",Y76="否"),"是","否") -> 是 | AA76: =IF(OR(I76="",说明首页!$C$3-INT(I76)>=3),"是","否") -> 否 | AB76: =IFERROR(IF(L76>0,N76/L76,0),0) -> 65.111213 | AC76: =IFERROR(IF(J76>0,P76/J76*100,0),0) -> 1.0718636 | AD76: =IFERROR(IF(AND(P76<>"",P76>0),Q76/P76,0),0) -> 64795.455 | AE76: =IFERROR(IF(R76="",0,R76/10000),0) -> 145.7 | AF76: =IFERROR(IF(O76>0,N76/O76/60,0),0) -> 94.845333 | AG76: =IF(Z76="是",COUNTIFS($Z$2:$Z$4650,"是",$AB$2:$AB$4650,"<"&AB76)/COUNTIF($Z$2:$Z$4650,"是")*100,"") -> 3.2015066 | AH76: =IF(Z76="是",COUNTIFS($Z$2:$Z$4650,"是",$AC$2:$AC$4650,"<"&AC76)/COUNTIF($Z$2:$Z$4650,"是")*100,"") -> 68.173258 | AI76: =IF(Z76="是",COUNTIFS($Z$2:$Z$4650,"是",$AE$2:$AE$4650,"<"&AE76)/COUNTIF($Z$2:$Z$4650,"是")*100,"") -> 60.640301 | AJ76: =IF(Z76="是",COUNTIFS($Z$2:$Z$4650,"是",$AF$2:$AF$4650,"<"&AF76)/COUNTIF($Z$2:$Z$4650,"是")*100,"") -> 15.442561 | AK76: =IF(Z76="是",ROUND(AG76*0.15+AH76*0.45+AI76*0.2+AJ76*0.2,2),"") -> 46.37 | AL76: =IF(Z76="是",COUNTIFS($Z$2:$Z$4650,"是",$AK$2:$AK$4650,">"&AK76)+1,"") -> 288 | AM76: =IF(Z76<>"是","非参评",IF(AND(AL76<=COUNTIF($Z$2:$Z$4650,"是")*0.2,AC76>MEDIAN(IF($Z$2:$Z$4650="是",$AC$2:$AC$4650))),"S",IF(AL76<=COUNTIF($Z$2:$Z$4650,"是")*0.5,"A",IF(AL76<=COUNTIF($Z$2:$Z$4650,"是")*0.8,"B","C")))) -> B | AN76: =IF(G76="","无数据",IF(G76<30,"MOB1-",IF(G76<90,"MOB1-3",IF(G76<180,"MOB3-6",IF(G76<365,"MOB6-12","MOB12+"))))) -> MOB12+
A77: 首贷 | B77: 管户金条-翰锐曲靖职场 | C77: 705137 | D77: 罗雷 | E77: 44729.404 | F77: 44729.404 | G77: 1425 | H77: 1425 | I77: 46132.706 | J77: 1 | K77: 1 | L77: 1 | M77: 39 | N77: 39 | X77: =IF(OR(I77="",说明首页!$C$3-INT(I77)>7),"是","否") -> 否 | Y77: =IF(OR(O77="",O77<22),"是","否") -> 是 | Z77: =IF(AND(X77="否",Y77="否"),"是","否") -> 否 | AA77: =IF(OR(I77="",说明首页!$C$3-INT(I77)>=3),"是","否") -> 否 | AB77: =IFERROR(IF(L77>0,N77/L77,0),0) -> 39 | AC77: =IFERROR(IF(J77>0,P77/J77*100,0),0) -> 0 | AD77: =IFERROR(IF(AND(P77<>"",P77>0),Q77/P77,0),0) -> 0 | AE77: =IFERROR(IF(R77="",0,R77/10000),0) -> 0 | AF77: =IFERROR(IF(O77>0,N77/O77/60,0),0) -> 0 | AG77: =IF(Z77="是",COUNTIFS($Z$2:$Z$4650,"是",$AB$2:$AB$4650,"<"&AB77)/COUNTIF($Z$2:$Z$4650,"是")*100,"") | AH77: =IF(Z77="是",COUNTIFS($Z$2:$Z$4650,"是",$AC$2:$AC$4650,"<"&AC77)/COUNTIF($Z$2:$Z$4650,"是")*100,"") | AI77: =IF(Z77="是",COUNTIFS($Z$2:$Z$4650,"是",$AE$2:$AE$4650,"<"&AE77)/COUNTIF($Z$2:$Z$4650,"是")*100,"") | AJ77: =IF(Z77="是",COUNTIFS($Z$2:$Z$4650,"是",$AF$2:$AF$4650,"<"&AF77)/COUNTIF($Z$2:$Z$4650,"是")*100,"") | AK77: =IF(Z77="是",ROUND(AG77*0.15+AH77*0.45+AI77*0.2+AJ77*0.2,2),"") | AL77: =IF(Z77="是",COUNTIFS($Z$2:$Z$4650,"是",$AK$2:$AK$4650,">"&AK77)+1,"") | AM77: =IF(Z77<>"是","非参评",IF(AND(AL77<=COUNTIF($Z$2:$Z$4650,"是")*0.2,AC77>MEDIAN(IF($Z$2:$Z$4650="是",$AC$2:$AC$4650))),"S",IF(AL77<=COUNTIF($Z$2:$Z$4650,"是")*0.5,"A",IF(AL77<=COUNTIF($Z$2:$Z$4650,"是")*0.8,"B","C")))) -> 非参评 | AN77: =IF(G77="","无数据",IF(G77<30,"MOB1-",IF(G77<90,"MOB1-3",IF(G77<180,"MOB3-6",IF(G77<365,"MOB6-12","MOB12+"))))) -> MOB12+
A78: 首贷 | B78: 管户金条-毛毛虫职场 | C78: 706619 | D78: 柯伟 | E78: 44728.403 | F78: 44728.403 | G78: 1426 | H78: 1426 | I78: 46154.825 | J78: 4626 | K78: 5066 | L78: 1778 | M78: 192949 | N78: 144697 | O78: 22 | P78: 45 | Q78: 1805100 | R78: 1556800 | S78: 2 | T78: 2 | U78: 265000 | W78: 2070100 | X78: =IF(OR(I78="",说明首页!$C$3-INT(I78)>7),"是","否") -> 否 | Y78: =IF(OR(O78="",O78<22),"是","否") -> 否 | Z78: =IF(AND(X78="否",Y78="否"),"是","否") -> 是 | AA78: =IF(OR(I78="",说明首页!$C$3-INT(I78)>=3),"是","否") -> 否 | AB78: =IFERROR(IF(L78>0,N78/L78,0),0) -> 81.38189 | AC78: =IFERROR(IF(J78>0,P78/J78*100,0),0) -> 0.97276265 | AD78: =IFERROR(IF(AND(P78<>"",P78>0),Q78/P78,0),0) -> 40113.333 | AE78: =IFERROR(IF(R78="",0,R78/10000),0) -> 155.68 | AF78: =IFERROR(IF(O78>0,N78/O78/60,0),0) -> 109.61894 | AG78: =IF(Z78="是",COUNTIFS($Z$2:$Z$4650,"是",$AB$2:$AB$4650,"<"&AB78)/COUNTIF($Z$2:$Z$4650,"是")*100,"") -> 28.813559 | AH78: =IF(Z78="是",COUNTIFS($Z$2:$Z$4650,"是",$AC$2:$AC$4650,"<"&AC78)/COUNTIF($Z$2:$Z$4650,"是")*100,"") -> 58.380414 | AI78: =IF(Z78="是",COUNTIFS($Z$2:$Z$4650,"是",$AE$2:$AE$4650,"<"&AE78)/COUNTIF($Z$2:$Z$4650,"是")*100,"") -> 64.030132 | AJ78: =IF(Z78="是",COUNTIFS($Z$2:$Z$4650,"是",$AF$2:$AF$4650,"<"&AF78)/COUNTIF($Z$2:$Z$4650,"是")*100,"") -> 41.431262 | AK78: =IF(Z78="是",ROUND(AG78*0.15+AH78*0.45+AI78*0.2+AJ78*0.2,2),"") -> 51.69 | AL78: =IF(Z78="是",COUNTIFS($Z$2:$Z$4650,"是",$AK$2:$AK$4650,">"&AK78)+1,"") -> 246 | AM78: =IF(Z78<>"是","非参评",IF(AND(AL78<=COUNTIF($Z$2:$Z$4650,"是")*0.2,AC78>MEDIAN(IF($Z$2:$Z$4650="是",$AC$2:$AC$4650))),"S",IF(AL78<=COUNTIF($Z$2:$Z$4650,"是")*0.5,"A",IF(AL78<=COUNTIF($Z$2:$Z$4650,"是")*0.8,"B","C")))) -> A | AN78: =IF(G78="","无数据",IF(G78<30,"MOB1-",IF(G78<90,"MOB1-3",IF(G78<180,"MOB3-6",IF(G78<365,"MOB6-12","MOB12+"))))) -> MOB12+
A79: 首贷 | B79: 管户金条-毅航合肥职场 | C79: 706750 | D79: 吴乔瑞 | E79: 44732.44 | F79: 44732.44 | G79: 1422 | H79: 1422 | I79: 46154.863 | J79: 6221 | K79: 7328 | L79: 2415 | M79: 315509 | N79: 244879 | O79: 25 | P79: 51 | Q79: 1545000 | R79: 1343200 | S79: 3 | T79: 3 | U79: 33000 | V79: 30000 | W79: 1578000 | X79: =IF(OR(I79="",说明首页!$C$3-INT(I79)>7),"是","否") -> 否 | Y79: =IF(OR(O79="",O79<22),"是","否") -> 否 | Z79: =IF(AND(X79="否",Y79="否"),"是","否") -> 是 | AA79: =IF(OR(I79="",说明首页!$C$3-INT(I79)>=3),"是","否") -> 否 | AB79: =IFERROR(IF(L79>0,N79/L79,0),0) -> 101.39917 | AC79: =IFERROR(IF(J79>0,P79/J79*100,0),0) -> 0.81980389 | AD79: =IFERROR(IF(AND(P79<>"",P79>0),Q79/P79,0),0) -> 30294.118 | AE79: =IFERROR(IF(R79="",0,R79/10000),0) -> 134.32 | AF79: =IFERROR(IF(O79>0,N79/O79/60,0),0) -> 163.25267 | AG79: =IF(Z79="是",COUNTIFS($Z$2:$Z$4650,"是",$AB$2:$AB$4650,"<"&AB79)/COUNTIF($Z$2:$Z$4650,"是")*100,"") -> 80.79096 | AH79: =IF(Z79="是",COUNTIFS($Z$2:$Z$4650,"是",$AC$2:$AC$4650,"<"&AC79)/COUNTIF($Z$2:$Z$4650,"是")*100,"") -> 40.86629 | AI79: =IF(Z79="是",COUNTIFS($Z$2:$Z$4650,"是",$AE$2:$AE$4650,"<"&AE79)/COUNTIF($Z$2:$Z$4650,"是")*100,"") -> 55.555556 | AJ79: =IF(Z79="是",COUNTIFS($Z$2:$Z$4650,"是",$AF$2:$AF$4650,"<"&AF79)/COUNTIF($Z$2:$Z$4650,"是")*100,"") -> 98.493409 | AK79: =IF(Z79="是",ROUND(AG79*0.15+AH79*0.45+AI79*0.2+AJ79*0.2,2),"") -> 61.32 | AL79: =IF(Z79="是",COUNTIFS($Z$2:$Z$4650,"是",$AK$2:$AK$4650,">"&AK79)+1,"") -> 178 | AM79: =IF(Z79<>"是","非参评",IF(AND(AL79<=COUNTIF($Z$2:$Z$4650,"是")*0.2,AC79>MEDIAN(IF($Z$2:$Z$4650="是",$AC$2:$AC$4650))),"S",IF(AL79<=COUNTIF($Z$2:$Z$4650,"是")*0.5,"A",IF(AL79<=COUNTIF($Z$2:$Z$4650,"是")*0.8,"B","C")))) -> A | AN79: =IF(G79="","无数据",IF(G79<30,"MOB1-",IF(G79<90,"MOB1-3",IF(G79<180,"MOB3-6",IF(G79<365,"MOB6-12","MOB12+"))))) -> MOB12+
A80: 首贷 | B80: 管户金条-伽玛职场 | C80: 708051 | D80: 马佳 | E80: 44739.397 | F80: 44739.397 | G80: 1415 | H80: 1415 | I80: 46154.771 | J80: 381 | K80: 438 | L80: 134 | M80: 16490 | N80: 12015 | O80: 2 | P80: 3 | Q80: 305000 | R80: 305000 | S80: 0 | T80: 0 | W80: 305000 | X80: =IF(OR(I80="",说明首页!$C$3-INT(I80)>7),"是","否") -> 否 | Y80: =IF(OR(O80="",O80<22),"是","否") -> 是 | Z80: =IF(AND(X80="否",Y80="否"),"是","否") -> 否 | AA80: =IF(OR(I80="",说明首页!$C$3-INT(I80)>=3),"是","否") -> 否 | AB80: =IFERROR(IF(L80>0,N80/L80,0),0) -> 89.664179 | AC80: =IFERROR(IF(J80>0,P80/J80*100,0),0) -> 0.78740157 | AD80: =IFERROR(IF(AND(P80<>"",P80>0),Q80/P80,0),0) -> 101666.67 | AE80: =IFERROR(IF(R80="",0,R80/10000),0) -> 30.5 | AF80: =IFERROR(IF(O80>0,N80/O80/60,0),0) -> 100.125 | AG80: =IF(Z80="是",COUNTIFS($Z$2:$Z$4650,"是",$AB$2:$AB$4650,"<"&AB80)/COUNTIF($Z$2:$Z$4650,"是")*100,"") | AH80: =IF(Z80="是",COUNTIFS($Z$2:$Z$4650,"是",$AC$2:$AC$4650,"<"&AC80)/COUNTIF($Z$2:$Z$4650,"是")*100,"") | AI80: =IF(Z80="是",COUNTIFS($Z$2:$Z$4650,"是",$AE$2:$AE$4650,"<"&AE80)/COUNTIF($Z$2:$Z$4650,"是")*100,"") | AJ80: =IF(Z80="是",COUNTIFS($Z$2:$Z$4650,"是",$AF$2:$AF$4650,"<"&AF80)/COUNTIF($Z$2:$Z$4650,"是")*100,"") | AK80: =IF(Z80="是",ROUND(AG80*0.15+AH80*0.45+AI80*0.2+AJ80*0.2,2),"") | AL80: =IF(Z80="是",COUNTIFS($Z$2:$Z$4650,"是",$AK$2:$AK$4650,">"&AK80)+1,"") | AM80: =IF(Z80<>"是","非参评",IF(AND(AL80<=COUNTIF($Z$2:$Z$4650,"是")*0.2,AC80>MEDIAN(IF($Z$2:$Z$4650="是",$AC$2:$AC$4650))),"S",IF(AL80<=COUNTIF($Z$2:$Z$4650,"是")*0.5,"A",IF(AL80<=COUNTIF($Z$2:$Z$4650,"是")*0.8,"B","C")))) -> 非参评 | AN80: =IF(G80="","无数据",IF(G80<30,"MOB1-",IF(G80<90,"MOB1-3",IF(G80<180,"MOB3-6",IF(G80<365,"MOB6-12","MOB12+"))))) -> MOB12+
A81: 首贷 | B81: 管户金条-伽玛职场 | C81: 708054 | D81: 林蕊 | E81: 44739.395 | F81: 44739.395 | G81: 1415 | H81: 1415 | I81: 46154.793 | J81: 3584 | K81: 4440 | L81: 1747 | M81: 194485 | N81: 154233 | O81: 26 | P81: 46 | Q81: 2768100 | R81: 1463100 | S81: 3 | T81: 4 | U81: 27000 | W81: 2795100 | X81: =IF(OR(I81="",说明首页!$C$3-INT(I81)>7),"是","否") -> 否 | Y81: =IF(OR(O81="",O81<22),"是","否") -> 否 | Z81: =IF(AND(X81="否",Y81="否"),"是","否") -> 是 | AA81: =IF(OR(I81="",说明首页!$C$3-INT(I81)>=3),"是","否") -> 否 | AB81: =IFERROR(IF(L81>0,N81/L81,0),0) -> 88.284488 | AC81: =IFERROR(IF(J81>0,P81/J81*100,0),0) -> 1.2834821 | AD81: =IFERROR(IF(AND(P81<>"",P81>0),Q81/P81,0),0) -> 60176.087 | AE81: =IFERROR(IF(R81="",0,R81/10000),0) -> 146.31 | AF81: =IFERROR(IF(O81>0,N81/O81/60,0),0) -> 98.867308 | AG81: =IF(Z81="是",COUNTIFS($Z$2:$Z$4650,"是",$AB$2:$AB$4650,"<"&AB81)/COUNTIF($Z$2:$Z$4650,"是")*100,"") -> 47.834275 | AH81: =IF(Z81="是",COUNTIFS($Z$2:$Z$4650,"是",$AC$2:$AC$4650,"<"&AC81)/COUNTIF($Z$2:$Z$4650,"是")*100,"") -> 83.615819 | AI81: =IF(Z81="是",COUNTIFS($Z$2:$Z$4650,"是",$AE$2:$AE$4650,"<"&AE81)/COUNTIF($Z$2:$Z$4650,"是")*100,"") -> 60.828625 | AJ81: =IF(Z81="是",COUNTIFS($Z$2:$Z$4650,"是",$AF$2:$AF$4650,"<"&AF81)/COUNTIF($Z$2:$Z$4650,"是")*100,"") -> 21.845574 | AK81: =IF(Z81="是",ROUND(AG81*0.15+AH81*0.45+AI81*0.2+AJ81*0.2,2),"") -> 61.34 | AL81: =IF(Z81="是",COUNTIFS($Z$2:$Z$4650,"是",$AK$2:$AK$4650,">"&AK81)+1,"") -> 177 | AM81: =IF(Z81<>"是","非参评",IF(AND(AL81<=COUNTIF($Z$2:$Z$4650,"是")*0.2,AC81>MEDIAN(IF($Z$2:$Z$4650="是",$AC$2:$AC$4650))),"S",IF(AL81<=COUNTIF($Z$2:$Z$4650,"是")*0.5,"A",IF(AL81<=COUNTIF($Z$2:$Z$4650,"是")*0.8,"B","C")))) -> A | AN81: =IF(G81="","无数据",IF(G81<30,"MOB1-",IF(G81<90,"MOB1-3",IF(G81<180,"MOB3-6",IF(G81<365,"MOB6-12","MOB12+"))))) -> MOB12+
A82: 首贷 | B82: 管户金条-毅航合肥职场 | C82: 708616 | D82: 朱宝宝 | E82: 44739.428 | F82: 44739.428 | G82: 1415 | H82: 1415 | I82: 46154.855 | J82: 5673 | K82: 6205 | L82: 2247 | M82: 243803 | N82: 185521 | O82: 26 | P82: 72 | Q82: 3202300 | R82: 2420400 | S82: 6 | T82: 7 | U82: 101400 | V82: 89200 | W82: 3303700 | X82: =IF(OR(I82="",说明首页!$C$3-INT(I82)>7),"是","否") -> 否 | Y82: =IF(OR(O82="",O82<22),"是","否") -> 否 | Z82: =IF(AND(X82="否",Y82="否"),"是","否") -> 是 | AA82: =IF(OR(I82="",说明首页!$C$3-INT(I82)>=3),"是","否") -> 否 | AB82: =IFERROR(IF(L82>0,N82/L82,0),0) -> 82.563863 | AC82: =IFERROR(IF(J82>0,P82/J82*100,0),0) -> 1.2691698 | AD82: =IFERROR(IF(AND(P82<>"",P82>0),Q82/P82,0),0) -> 44476.389 | AE82: =IFERROR(IF(R82="",0,R82/10000),0) -> 242.04 | AF82: =IFERROR(IF(O82>0,N82/O82/60,0),0) -> 118.92372 | AG82: =IF(Z82="是",COUNTIFS($Z$2:$Z$4650,"是",$AB$2:$AB$4650,"<"&AB82)/COUNTIF($Z$2:$Z$4650,"是")*100,"") -> 32.20339 | AH82: =IF(Z82="是",COUNTIFS($Z$2:$Z$4650,"是",$AC$2:$AC$4650,"<"&AC82)/COUNTIF($Z$2:$Z$4650,"是")*100,"") -> 82.485876 | AI82: =IF(Z82="是",COUNTIFS($Z$2:$Z$4650,"是",$AE$2:$AE$4650,"<"&AE82)/COUNTIF($Z$2:$Z$4650,"是")*100,"") -> 83.804143 | AJ82: =IF(Z82="是",COUNTIFS($Z$2:$Z$4650,"是",$AF$2:$AF$4650,"<"&AF82)/COUNTIF($Z$2:$Z$4650,"是")*100,"") -> 63.841808 | AK82: =IF(Z82="是",ROUND(AG82*0.15+AH82*0.45+AI82*0.2+AJ82*0.2,2),"") -> 71.48 | AL82: =IF(Z82="是",COUNTIFS($Z$2:$Z$4650,"是",$AK$2:$AK$4650,">"&AK82)+1,"") -> 104 | AM82: =IF(Z82<>"是","非参评",IF(AND(AL82<=COUNTIF($Z$2:$Z$4650,"是")*0.2,AC82>MEDIAN(IF($Z$2:$Z$4650="是",$AC$2:$AC$4650))),"S",IF(AL82<=COUNTIF($Z$2:$Z$4650,"是")*0.5,"A",IF(AL82<=COUNTIF($Z$2:$Z$4650,"是")*0.8,"B","C")))) -> S | AN82: =IF(G82="","无数据",IF(G82<30,"MOB1-",IF(G82<90,"MOB1-3",IF(G82<180,"MOB3-6",IF(G82<365,"MOB6-12","MOB12+"))))) -> MOB12+
A83: 首贷 | B83: 管户金条-毅航合肥职场 | C83: 708666 | D83: 李敏 | E83: 44740.418 | F83: 44740.418 | G83: 1414 | H83: 1414 | I83: 46154.87 | J83: 5445 | K83: 6894 | L83: 2264 | M83: 314976 | N83: 248359 | O83: 29 | P83: 81 | Q83: 3787700 | R83: 3280400 | S83: 3 | T83: 3 | U83: 4100 | W83: 3791800 | X83: =IF(OR(I83="",说明首页!$C$3-INT(I83)>7),"是","否") -> 否 | Y83: =IF(OR(O83="",O83<22),"是","否") -> 否 | Z83: =IF(AND(X83="否",Y83="否"),"是","否") -> 是 | AA83: =IF(OR(I83="",说明首页!$C$3-INT(I83)>=3),"是","否") -> 否 | AB83: =IFERROR(IF(L83>0,N83/L83,0),0) -> 109.6992 | AC83: =IFERROR(IF(J83>0,P83/J83*100,0),0) -> 1.4876033 | AD83: =IFERROR(IF(AND(P83<>"",P83>0),Q83/P83,0),0) -> 46761.728 | AE83: =IFERROR(IF(R83="",0,R83/10000),0) -> 328.04 | AF83: =IFERROR(IF(O83>0,N83/O83/60,0),0) -> 142.73506 | AG83: =IF(Z83="是",COUNTIFS($Z$2:$Z$4650,"是",$AB$2:$AB$4650,"<"&AB83)/COUNTIF($Z$2:$Z$4650,"是")*100,"") -> 90.960452 | AH83: =IF(Z83="是",COUNTIFS($Z$2:$Z$4650,"是",$AC$2:$AC$4650,"<"&AC83)/COUNTIF($Z$2:$Z$4650,"是")*100,"") -> 91.148776 | AI83: =IF(Z83="是",COUNTIFS($Z$2:$Z$4650,"是",$AE$2:$AE$4650,"<"&AE83)/COUNTIF($Z$2:$Z$4650,"是")*100,"") -> 92.278719 | AJ83: =IF(Z83="是",COUNTIFS($Z$2:$Z$4650,"是",$AF$2:$AF$4650,"<"&AF83)/COUNTIF($Z$2:$Z$4650,"是")*100,"") -> 92.278719 | AK83: =IF(Z83="是",ROUND(AG83*0.15+AH83*0.45+AI83*0.2+AJ83*0.2,2),"") -> 91.57 | AL83: =IF(Z83="是",COUNTIFS($Z$2:$Z$4650,"是",$AK$2:$AK$4650,">"&AK83)+1,"") -> 14 | AM83: =IF(Z83<>"是","非参评",IF(AND(AL83<=COUNTIF($Z$2:$Z$4650,"是")*0.2,AC83>MEDIAN(IF($Z$2:$Z$4650="是",$AC$2:$AC$4650))),"S",IF(AL83<=COUNTIF($Z$2:$Z$4650,"是")*0.5,"A",IF(AL83<=COUNTIF($Z$2:$Z$4650,"是")*0.8,"B","C")))) -> S | AN83: =IF(G83="","无数据",IF(G83<30,"MOB1-",IF(G83<90,"MOB1-3",IF(G83<180,"MOB3-6",IF(G83<365,"MOB6-12","MOB12+"))))) -> MOB12+
A84: 首贷 | B84: 管户金条-毅航合肥职场 | C84: 708669 | D84: 糜楠 | E84: 44740.422 | F84: 44740.422 | G84: 1414 | H84: 1414 | I84: 46154.828 | J84: 7054 | K84: 8076 | L84: 2291 | M84: 293953 | N84: 200023 | O84: 28 | P84: 51 | Q84: 1431700 | R84: 994100 | S84: 3 | T84: 3 | U84: 66100 | V84: 65600 | W84: 1497800 | X84: =IF(OR(I84="",说明首页!$C$3-INT(I84)>7),"是","否") -> 否 | Y84: =IF(OR(O84="",O84<22),"是","否") -> 否 | Z84: =IF(AND(X84="否",Y84="否"),"是","否") -> 是 | AA84: =IF(OR(I84="",说明首页!$C$3-INT(I84)>=3),"是","否") -> 否 | AB84: =IFERROR(IF(L84>0,N84/L84,0),0) -> 87.308162 | AC84: =IFERROR(IF(J84>0,P84/J84*100,0),0) -> 0.72299405 | AD84: =IFERROR(IF(AND(P84<>"",P84>0),Q84/P84,0),0) -> 28072.549 | AE84: =IFERROR(IF(R84="",0,R84/10000),0) -> 99.41 | AF84: =IFERROR(IF(O84>0,N84/O84/60,0),0) -> 119.06131 | AG84: =IF(Z84="是",COUNTIFS($Z$2:$Z$4650,"是",$AB$2:$AB$4650,"<"&AB84)/COUNTIF($Z$2:$Z$4650,"是")*100,"") -> 44.821092 | AH84: =IF(Z84="是",COUNTIFS($Z$2:$Z$4650,"是",$AC$2:$AC$4650,"<"&AC84)/COUNTIF($Z$2:$Z$4650,"是")*100,"") -> 28.248588 | AI84: =IF(Z84="是",COUNTIFS($Z$2:$Z$4650,"是",$AE$2:$AE$4650,"<"&AE84)/COUNTIF($Z$2:$Z$4650,"是")*100,"") -> 42.372881 | AJ84: =IF(Z84="是",COUNTIFS($Z$2:$Z$4650,"是",$AF$2:$AF$4650,"<"&AF84)/COUNTIF($Z$2:$Z$4650,"是")*100,"") -> 64.218456 | AK84: =IF(Z84="是",ROUND(AG84*0.15+AH84*0.45+AI84*0.2+AJ84*0.2,2),"") -> 40.75 | AL84: =IF(Z84="是",COUNTIFS($Z$2:$Z$4650,"是",$AK$2:$AK$4650,">"&AK84)+1,"") -> 336 | AM84: =IF(Z84<>"是","非参评",IF(AND(AL84<=COUNTIF($Z$2:$Z$4650,"是")*0.2,AC84>MEDIAN(IF($Z$2:$Z$4650="是",$AC$2:$AC$4650))),"S",IF(AL84<=COUNTIF($Z$2:$Z$4650,"是")*0.5,"A",IF(AL84<=COUNTIF($Z$2:$Z$4650,"是")*0.8,"B","C")))) -> B | AN84: =IF(G84="","无数据",IF(G84<30,"MOB1-",IF(G84<90,"MOB1-3",IF(G84<180,"MOB3-6",IF(G84<365,"MOB6-12","MOB12+"))))) -> MOB12+
A85: 首贷 | B85: 管户金条-广达陕西职场 | C85: 712321 | D85: 冯丽丽 | E85: 45719.631 | F85: 45719.631 | G85: 435 | H85: 435 | I85: 46154.748 | J85: 3298 | K85: 4832 | L85: 1420 | M85: 167639 | N85: 116989 | O85: 25 | P85: 44 | Q85: 1574300 | R85: 1264000 | S85: 1 | T85: 1 | U85: 30000 | W85: 1604300 | X85: =IF(OR(I85="",说明首页!$C$3-INT(I85)>7),"是","否") -> 否 | Y85: =IF(OR(O85="",O85<22),"是","否") -> 否 | Z85: =IF(AND(X85="否",Y85="否"),"是","否") -> 是 | AA85: =IF(OR(I85="",说明首页!$C$3-INT(I85)>=3),"是","否") -> 否 | AB85: =IFERROR(IF(L85>0,N85/L85,0),0) -> 82.38662 | AC85: =IFERROR(IF(J85>0,P85/J85*100,0),0) -> 1.3341419 | AD85: =IFERROR(IF(AND(P85<>"",P85>0),Q85/P85,0),0) -> 35779.545 | AE85: =IFERROR(IF(R85="",0,R85/10000),0) -> 126.4 | AF85: =IFERROR(IF(O85>0,N85/O85/60,0),0) -> 77.992667 | AG85: =IF(Z85="是",COUNTIFS($Z$2:$Z$4650,"是",$AB$2:$AB$4650,"<"&AB85)/COUNTIF($Z$2:$Z$4650,"是")*100,"") -> 31.450094 | AH85: =IF(Z85="是",COUNTIFS($Z$2:$Z$4650,"是",$AC$2:$AC$4650,"<"&AC85)/COUNTIF($Z$2:$Z$4650,"是")*100,"") -> 85.875706 | AI85: =IF(Z85="是",COUNTIFS($Z$2:$Z$4650,"是",$AE$2:$AE$4650,"<"&AE85)/COUNTIF($Z$2:$Z$4650,"是")*100,"") -> 52.165725 | AJ85: =IF(Z85="是",COUNTIFS($Z$2:$Z$4650,"是",$AF$2:$AF$4650,"<"&AF85)/COUNTIF($Z$2:$Z$4650,"是")*100,"") -> 3.2015066 | AK85: =IF(Z85="是",ROUND(AG85*0.15+AH85*0.45+AI85*0.2+AJ85*0.2,2),"") -> 54.44 | AL85: =IF(Z85="是",COUNTIFS($Z$2:$Z$4650,"是",$AK$2:$AK$4650,">"&AK85)+1,"") -> 222 | AM85: =IF(Z85<>"是","非参评",IF(AND(AL85<=COUNTIF($Z$2:$Z$4650,"是")*0.2,AC85>MEDIAN(IF($Z$2:$Z$4650="是",$AC$2:$AC$4650))),"S",IF(AL85<=COUNTIF($Z$2:$Z$4650,"是")*0.5,"A",IF(AL85<=COUNTIF($Z$2:$Z$4650,"是")*0.8,"B","C")))) -> A | AN85: =IF(G85="","无数据",IF(G85<30,"MOB1-",IF(G85<90,"MOB1-3",IF(G85<180,"MOB3-6",IF(G85<365,"MOB6-12","MOB12+"))))) -> MOB12+
A86: 首贷 | B86: 管户金条-毅航合肥职场 | C86: 712843 | D86: 徐珊珊 | E86: 44760.462 | F86: 44760.462 | G86: 1394 | H86: 1394 | I86: 46154.83 | J86: 5035 | K86: 5652 | L86: 2073 | M86: 230199 | N86: 177038 | O86: 25 | P86: 61 | Q86: 2005600 | R86: 1733800 | S86: 4 | T86: 6 | U86: 25000 | W86: 2030600 | X86: =IF(OR(I86="",说明首页!$C$3-INT(I86)>7),"是","否") -> 否 | Y86: =IF(OR(O86="",O86<22),"是","否") -> 否 | Z86: =IF(AND(X86="否",Y86="否"),"是","否") -> 是 | AA86: =IF(OR(I86="",说明首页!$C$3-INT(I86)>=3),"是","否") -> 否 | AB86: =IFERROR(IF(L86>0,N86/L86,0),0) -> 85.401833 | AC86: =IFERROR(IF(J86>0,P86/J86*100,0),0) -> 1.2115194 | AD86: =IFERROR(IF(AND(P86<>"",P86>0),Q86/P86,0),0) -> 32878.689 | AE86: =IFERROR(IF(R86="",0,R86/10000),0) -> 173.38 | AF86: =IFERROR(IF(O86>0,N86/O86/60,0),0) -> 118.02533 | AG86: =IF(Z86="是",COUNTIFS($Z$2:$Z$4650,"是",$AB$2:$AB$4650,"<"&AB86)/COUNTIF($Z$2:$Z$4650,"是")*100,"") -> 40.301318 | AH86: =IF(Z86="是",COUNTIFS($Z$2:$Z$4650,"是",$AC$2:$AC$4650,"<"&AC86)/COUNTIF($Z$2:$Z$4650,"是")*100,"") -> 77.40113 | AI86: =IF(Z86="是",COUNTIFS($Z$2:$Z$4650,"是",$AE$2:$AE$4650,"<"&AE86)/COUNTIF($Z$2:$Z$4650,"是")*100,"") -> 70.244821 | AJ86: =IF(Z86="是",COUNTIFS($Z$2:$Z$4650,"是",$AF$2:$AF$4650,"<"&AF86)/COUNTIF($Z$2:$Z$4650,"是")*100,"") -> 61.958569 | AK86: =IF(Z86="是",ROUND(AG86*0.15+AH86*0.45+AI86*0.2+AJ86*0.2,2),"") -> 67.32 | AL86: =IF(Z86="是",COUNTIFS($Z$2:$Z$4650,"是",$AK$2:$AK$4650,">"&AK86)+1,"") -> 142 | AM86: =IF(Z86<>"是","非参评",IF(AND(AL86<=COUNTIF($Z$2:$Z$4650,"是")*0.2,AC86>MEDIAN(IF($Z$2:$Z$4650="是",$AC$2:$AC$4650))),"S",IF(AL86<=COUNTIF($Z$2:$Z$4650,"是")*0.5,"A",IF(AL86<=COUNTIF($Z$2:$Z$4650,"是")*0.8,"B","C")))) -> A | AN86: =IF(G86="","无数据",IF(G86<30,"MOB1-",IF(G86<90,"MOB1-3",IF(G86<180,"MOB3-6",IF(G86<365,"MOB6-12","MOB12+"))))) -> MOB12+
A87: 首贷 | B87: 管户金条-赛维斯职场 | C87: 715607 | D87: 李少青 | E87: 44792.622 | F87: 44792.622 | G87: 1362 | H87: 1362 | I87: 46154.785 | J87: 3652 | K87: 4862 | L87: 1639 | M87: 169128 | N87: 121266 | O87: 28 | P87: 27 | Q87: 1074100 | R87: 609800 | S87: 0 | T87: 0 | W87: 1074100 | X87: =IF(OR(I87="",说明首页!$C$3-INT(I87)>7),"是","否") -> 否 | Y87: =IF(OR(O87="",O87<22),"是","否") -> 否 | Z87: =IF(AND(X87="否",Y87="否"),"是","否") -> 是 | AA87: =IF(OR(I87="",说明首页!$C$3-INT(I87)>=3),"是","否") -> 否 | AB87: =IFERROR(IF(L87>0,N87/L87,0),0) -> 73.987797 | AC87: =IFERROR(IF(J87>0,P87/J87*100,0),0) -> 0.73932092 | AD87: =IFERROR(IF(AND(P87<>"",P87>0),Q87/P87,0),0) -> 39781.481 | AE87: =IFERROR(IF(R87="",0,R87/10000),0) -> 60.98 | AF87: =IFERROR(IF(O87>0,N87/O87/60,0),0) -> 72.182143 | AG87: =IF(Z87="是",COUNTIFS($Z$2:$Z$4650,"是",$AB$2:$AB$4650,"<"&AB87)/COUNTIF($Z$2:$Z$4650,"是")*100,"") -> 14.124294 | AH87: =IF(Z87="是",COUNTIFS($Z$2:$Z$4650,"是",$AC$2:$AC$4650,"<"&AC87)/COUNTIF($Z$2:$Z$4650,"是")*100,"") -> 31.450094 | AI87: =IF(Z87="是",COUNTIFS($Z$2:$Z$4650,"是",$AE$2:$AE$4650,"<"&AE87)/COUNTIF($Z$2:$Z$4650,"是")*100,"") -> 25.612053 | AJ87: =IF(Z87="是",COUNTIFS($Z$2:$Z$4650,"是",$AF$2:$AF$4650,"<"&AF87)/COUNTIF($Z$2:$Z$4650,"是")*100,"") -> 1.6949153 | AK87: =IF(Z87="是",ROUND(AG87*0.15+AH87*0.45+AI87*0.2+AJ87*0.2,2),"") -> 21.73 | AL87: =IF(Z87="是",COUNTIFS($Z$2:$Z$4650,"是",$AK$2:$AK$4650,">"&AK87)+1,"") -> 471 | AM87: =IF(Z87<>"是","非参评",IF(AND(AL87<=COUNTIF($Z$2:$Z$4650,"是")*0.2,AC87>MEDIAN(IF($Z$2:$Z$4650="是",$AC$2:$AC$4650))),"S",IF(AL87<=COUNTIF($Z$2:$Z$4650,"是")*0.5,"A",IF(AL87<=COUNTIF($Z$2:$Z$4650,"是")*0.8,"B","C")))) -> C | AN87: =IF(G87="","无数据",IF(G87<30,"MOB1-",IF(G87<90,"MOB1-3",IF(G87<180,"MOB3-6",IF(G87<365,"MOB6-12","MOB12+"))))) -> MOB12+
