Workbook

Sheet 说明首页
B1: 金条坐席SABC评级 · 数据口径与评级标准
B3: 数据截止日期 | C3: 2026-04-12 | D3: ← 更新数据时同步修改此单元格
B5: 一、数据口径
B6: 数据范围 | C6: 近30个自然日，截止日期见C3参数单元格
B7: 数据来源 | C7: CRM系统导出，每日T-1更新
B8: 底表结构 | C8: A-U列(21列)为原始数据，V列起为辅助公式列
B9: 更新方式 | C9: 粘贴新A-U列数据覆盖明细表，所有公式和汇总表自动重算
B10: 首贷/复贷 | C10: 由坐席类型字段(A列)直接判定，首贷和复贷分池独立评级
B11: 有效通话阈值 | C11: 单通通话时长≥30秒计为有效接通
B12: 转化率分母 | C12: 首贷暂用接通用户数(J列)，后续名单下发数到位后替换K列
B14: 二、参评条件
B15: 条件① 活跃度 | C15: 最近一次有效外呼距截止日不超过7天
B16: 条件② 出勤量 | C16: 近30天有效外呼天数(通话时长>30分钟)≥22天
B17: 参评判定 | C17: 同时满足①②标记为"是"，参与评级；否则标记"非参评"，不参与排名
B19: 三、评级权重
B20: 维度 | C20: 首贷权重 | D20: 复贷权重 | E20: 类型
B21: 个人转化率 / GMV | C21: 55% | D21: 40% | E21: 结果指标（核心）
B22: 件均金额 | C22: — | D22: 15% | E22: 结果指标
B23: 个人ATT | C23: 30% | D23: 30% | E23: 过程指标
B24: 日均有效拨打量 | C24: 15% | D24: 15% | E24: 过程指标
B25: 结果:过程 | C25: 55 : 45 | D25: 55 : 45
B27: 四、分级标准（百分位排名制+底线门槛）
B28: 等级 | C28: 排名范围 | D28: 底线门槛 | E28: 管理动作
B29: S | C29: 综合得分Top 20% | D29: 且结果指标>参评池中位值 | E29: 名单优先+话术萃取；不达底线降A，名额不递补
B30: A | C30: Top 20%-50% | D30: 无 | E30: 正常管理+常规培训
B31: B | C31: Top 50%-80% | D31: 无 | E31: 组长定向辅导+通关考核
B32: C | C32: Bottom 20% | D32: 无 | E32: 暂停优质名单+14天改善期
B34: 五、流失与预警定义
B35: 指标 | C35: 定义 | D35: 分母 | E35: 用途
B36: 有效在岗 | C36: 近30天外呼天数≥20天 | D36: — | E36: 司龄统计分母
B37: 流失（确认） | C37: 最近有效外呼距截止日>7天 | D37: 有效在岗人数 | E37: 已确认流失
B38: 预警（早期） | C38: 最近有效外呼距截止日≥3天 | D38: 有效在岗人数 | E38: 早期预警
B39: 司龄分段 | C39: MOB1-(<30天) | MOB1-3(30-89) | MOB3-6(90-179) | MOB6-12(180-364) | MOB12+(≥365) | D39: 基于210客户池在职天数
B41: 六、汇总表口径
B42: SABC占比 | C42: 各职场该等级人数 ÷ 全大盘参评总人数（非职场内部占比）
B43: 均值指标 | C43: ATT/转化率/GMV/件均/日均拨打量均仅统计参评坐席
B44: 得分计算 | C44: 百分位排名仅在参评人中做排名，非参评不进入排名池
B45: 职场范围 | C45: 剔除赛维斯机器人、零犀伽玛机器人（纯机器人职场）
B47: ⚠️ 待补充
B48: 名单下发数 | C48: 首贷转化率分母暂用接通用户数，后续名单数据到位后替换
B49: 质检合规 | C49: 暂不纳入评级，10%权重按比例分配至其他维度

Sheet 首贷评级明细
A1: 坐席类型 | B1: 职场名称 | C1: 坐席id | D1: 坐席名称 | E1: 210客户池首次外呼日期 | F1: 金条业务首次外呼日期 | G1: 210客户池在职天数 | H1: 金条业务线在职日期 | I1: 最近一次有效外呼时间 | J1: 接通用户数 | K1: 接通话单数 | L1: 有效接通数话单数 | M1: 近30天累计通时（秒） | N1: 近30天累计有效通时 | O1: 近30天外呼天数（通话时长>30分钟天数） | P1: 近30日累计转化首贷用户数 | Q1: 近30日累计转化首贷GMV | R1: 近30日累计转化复贷用户数 | S1: 近30日累计转化复贷订单数 | T1: 近30日累计转化复贷GMV | U1: 近30日累计转化GMV | V1: 超7天未上线 | W1: 外呼天数不足22天 | X1: 是否参评 | Y1: 连续3天未上线预警 | Z1: 个人ATT(秒) | AA1: 转化率% | AB1: 首贷件均(元) | AC1: 日均拨打量 | AD1: ATT得分 | AE1: 转化率得分 | AF1: 拨打量得分 | AG1: 综合得分 | AH1: 参评排名 | AI1: 等级 | AJ1: 司龄分段
A2: 首贷 | B2: 管户金条-赛维斯职场 | C2: 801583 | D2: 赛维斯小白账号36 | E2: 2026-02-10 11:31:08 | F2: 2026-02-10 11:31:08 | G2: 61 | H2: 61 | I2: 2026-04-09 12:25:38 | J2: 109 | K2: 110 | L2: 51 | M2: 9592 | N2: 8785 | O2: 3 | V2: =IF(OR(I2="",说明首页!$C$3-INT(I2)>7),"是","否") -> 否 | W2: =IF(OR(O2="",O2<22),"是","否") -> 是 | X2: =IF(AND(V2="否",W2="否"),"是","否") -> 否 | Y2: =IF(OR(I2="",说明首页!$C$3-INT(I2)>=3),"是","否") -> 是 | Z2: =IF(L2>0,N2/L2,0) -> 172.2549 | AA2: =IF(J2>0,P2/J2*100,0) -> 0 | AB2: =IF(AND(P2<>"",P2>0),Q2/P2,0) -> 0 | AC2: =IF(O2>0,L2/O2,0) -> 17 | AD2: =IF(X2="是",COUNTIFS($X$2:$X$5000,"是",$Z$2:$Z$5000,"<"&Z2)/COUNTIF($X$2:$X$5000,"是")*100,"") | AE2: =IF(X2="是",COUNTIFS($X$2:$X$5000,"是",$AA$2:$AA$5000,"<"&AA2)/COUNTIF($X$2:$X$5000,"是")*100,"") | AF2: =IF(X2="是",COUNTIFS($X$2:$X$5000,"是",$AC$2:$AC$5000,"<"&AC2)/COUNTIF($X$2:$X$5000,"是")*100,"") | AG2: =IF(X2="是",ROUND(AD2*0.3+AE2*0.55+AF2*0.15,2),"") | AH2: =IF(X2="是",COUNTIFS($X$2:$X$5000,"是",$AG$2:$AG$5000,">"&AG2)+1,"") | AI2: =IF(X2<>"是","非参评",IF(AND(AH2<=COUNTIF($X$2:$X$5000,"是")*0.2,AA2>MEDIAN(IF($X$2:$X$5000="是",$AA$2:$AA$5000))),"S",IF(AH2<=COUNTIF($X$2:$X$5000,"是")*0.5,"A",IF(AH2<=COUNTIF($X$2:$X$5000,"是")*0.8,"B","C")))) -> 非参评 | AJ2: =IF(G2="","无数据",IF(G2<30,"MOB1-",IF(G2<90,"MOB1-3",IF(G2<180,"MOB3-6",IF(G2<365,"MOB6-12","MOB12+"))))) -> MOB1-3
A3: 首贷 | B3: 管户金条-毅航合肥职场 | C3: 806906 | D3: 王鸳 | E3: 2026-04-03 10:32:29 | F3: 2026-04-03 10:32:29 | G3: 9 | H3: 9 | I3: 2026-04-03 18:15:53 | J3: 175 | K3: 175 | L3: 75 | M3: 7990 | N3: 6640 | O3: 1 | P3: 1 | Q3: 1000 | R3: 0 | S3: 0 | U3: 1000 | V3: =IF(OR(I3="",说明首页!$C$3-INT(I3)>7),"是","否") -> 是 | W3: =IF(OR(O3="",O3<22),"是","否") -> 是 | X3: =IF(AND(V3="否",W3="否"),"是","否") -> 否 | Y3: =IF(OR(I3="",说明首页!$C$3-INT(I3)>=3),"是","否") -> 是 | Z3: =IF(L3>0,N3/L3,0) -> 88.533333 | AA3: =IF(J3>0,P3/J3*100,0) -> 0.57142857 | AB3: =IF(AND(P3<>"",P3>0),Q3/P3,0) -> 1000 | AC3: =IF(O3>0,L3/O3,0) -> 75 | AD3: =IF(X3="是",COUNTIFS($X$2:$X$5000,"是",$Z$2:$Z$5000,"<"&Z3)/COUNTIF($X$2:$X$5000,"是")*100,"") | AE3: =IF(X3="是",COUNTIFS($X$2:$X$5000,"是",$AA$2:$AA$5000,"<"&AA3)/COUNTIF($X$2:$X$5000,"是")*100,"") | AF3: =IF(X3="是",COUNTIFS($X$2:$X$5000,"是",$AC$2:$AC$5000,"<"&AC3)/COUNTIF($X$2:$X$5000,"是")*100,"") | AG3: =IF(X3="是",ROUND(AD3*0.3+AE3*0.55+AF3*0.15,2),"") | AH3: =IF(X3="是",COUNTIFS($X$2:$X$5000,"是",$AG$2:$AG$5000,">"&AG3)+1,"") | AI3: =IF(X3<>"是","非参评",IF(AND(AH3<=COUNTIF($X$2:$X$5000,"是")*0.2,AA3>MEDIAN(IF($X$2:$X$5000="是",$AA$2:$AA$5000))),"S",IF(AH3<=COUNTIF($X$2:$X$5000,"是")*0.5,"A",IF(AH3<=COUNTIF($X$2:$X$5000,"是")*0.8,"B","C")))) -> 非参评 | AJ3: =IF(G3="","无数据",IF(G3<30,"MOB1-",IF(G3<90,"MOB1-3",IF(G3<180,"MOB3-6",IF(G3<365,"MOB6-12","MOB12+"))))) -> MOB1-
A4: 首贷 | B4: 管户金条-毛毛虫职场 | C4: 763245 | D4: 徐超迪 | E4: 2024-05-17 15:13:06 | F4: 2024-05-17 15:13:06 | G4: 695 | H4: 695 | I4: 2026-03-31 12:25:28 | J4: 527 | K4: 538 | L4: 256 | M4: 25065 | N4: 20655 | O4: 10 | P4: 5 | Q4: 14200 | R4: 0 | S4: 0 | U4: 14200 | V4: =IF(OR(I4="",说明首页!$C$3-INT(I4)>7),"是","否") -> 是 | W4: =IF(OR(O4="",O4<22),"是","否") -> 是 | X4: =IF(AND(V4="否",W4="否"),"是","否") -> 否 | Y4: =IF(OR(I4="",说明首页!$C$3-INT(I4)>=3),"是","否") -> 是 | Z4: =IF(L4>0,N4/L4,0) -> 80.683594 | AA4: =IF(J4>0,P4/J4*100,0) -> 0.9487666 | AB4: =IF(AND(P4<>"",P4>0),Q4/P4,0) -> 2840 | AC4: =IF(O4>0,L4/O4,0) -> 25.6 | AD4: =IF(X4="是",COUNTIFS($X$2:$X$5000,"是",$Z$2:$Z$5000,"<"&Z4)/COUNTIF($X$2:$X$5000,"是")*100,"") | AE4: =IF(X4="是",COUNTIFS($X$2:$X$5000,"是",$AA$2:$AA$5000,"<"&AA4)/COUNTIF($X$2:$X$5000,"是")*100,"") | AF4: =IF(X4="是",COUNTIFS($X$2:$X$5000,"是",$AC$2:$AC$5000,"<"&AC4)/COUNTIF($X$2:$X$5000,"是")*100,"") | AG4: =IF(X4="是",ROUND(AD4*0.3+AE4*0.55+AF4*0.15,2),"") | AH4: =IF(X4="是",COUNTIFS($X$2:$X$5000,"是",$AG$2:$AG$5000,">"&AG4)+1,"") | AI4: =IF(X4<>"是","非参评",IF(AND(AH4<=COUNTIF($X$2:$X$5000,"是")*0.2,AA4>MEDIAN(IF($X$2:$X$5000="是",$AA$2:$AA$5000))),"S",IF(AH4<=COUNTIF($X$2:$X$5000,"是")*0.5,"A",IF(AH4<=COUNTIF($X$2:$X$5000,"是")*0.8,"B","C")))) -> 非参评 | AJ4: =IF(G4="","无数据",IF(G4<30,"MOB1-",IF(G4<90,"MOB1-3",IF(G4<180,"MOB3-6",IF(G4<365,"MOB6-12","MOB12+"))))) -> MOB12+
A5: 首贷 | B5: 管户金条-毅航合肥职场 | C5: 804078 | D5: 丁孝帅 | E5: 2026-03-12 17:49:12 | F5: 2026-03-12 17:49:12 | G5: 31 | H5: 31 | I5: 2026-04-12 12:28:37 | J5: 3675 | K5: 4025 | L5: 1994 | M5: 186692 | N5: 154130 | O5: 25 | P5: 38 | Q5: 964000 | R5: 1 | S5: 1 | T5: 1500 | U5: 965500 | V5: =IF(OR(I5="",说明首页!$C$3-INT(I5)>7),"是","否") -> 否 | W5: =IF(OR(O5="",O5<22),"是","否") -> 否 | X5: =IF(AND(V5="否",W5="否"),"是","否") -> 是 | Y5: =IF(OR(I5="",说明首页!$C$3-INT(I5)>=3),"是","否") -> 否 | Z5: =IF(L5>0,N5/L5,0) -> 77.296891 | AA5: =IF(J5>0,P5/J5*100,0) -> 1.0340136 | AB5: =IF(AND(P5<>"",P5>0),Q5/P5,0) -> 25368.421 | AC5: =IF(O5>0,L5/O5,0) -> 79.76 | AD5: =IF(X5="是",COUNTIFS($X$2:$X$5000,"是",$Z$2:$Z$5000,"<"&Z5)/COUNTIF($X$2:$X$5000,"是")*100,"") -> 22.365591 | AE5: =IF(X5="是",COUNTIFS($X$2:$X$5000,"是",$AA$2:$AA$5000,"<"&AA5)/COUNTIF($X$2:$X$5000,"是")*100,"") -> 64.301075 | AF5: =IF(X5="是",COUNTIFS($X$2:$X$5000,"是",$AC$2:$AC$5000,"<"&AC5)/COUNTIF($X$2:$X$5000,"是")*100,"") -> 55.698925 | AG5: =IF(X5="是",ROUND(AD5*0.3+AE5*0.55+AF5*0.15,2),"") -> 50.43 | AH5: =IF(X5="是",COUNTIFS($X$2:$X$5000,"是",$AG$2:$AG$5000,">"&AG5)+1,"") -> 231 | AI5: =IF(X5<>"是","非参评",IF(AND(AH5<=COUNTIF($X$2:$X$5000,"是")*0.2,AA5>MEDIAN(IF($X$2:$X$5000="是",$AA$2:$AA$5000))),"S",IF(AH5<=COUNTIF($X$2:$X$5000,"是")*0.5,"A",IF(AH5<=COUNTIF($X$2:$X$5000,"是")*0.8,"B","C")))) -> A | AJ5: =IF(G5="","无数据",IF(G5<30,"MOB1-",IF(G5<90,"MOB1-3",IF(G5<180,"MOB3-6",IF(G5<365,"MOB6-12","MOB12+"))))) -> MOB1-3
A6: 首贷 | B6: 管户金条-毅航合肥职场 | C6: 803078 | D6: 赵莉 | E6: 2026-03-03 13:41:37 | F6: 2026-03-03 13:41:37 | G6: 40 | H6: 40 | I6: 2026-04-03 18:20:36 | J6: 465 | K6: 466 | L6: 156 | M6: 18042 | N6: 13499 | O6: 6 | P6: 2 | Q6: 2700 | R6: 0 | S6: 0 | U6: 2700 | V6: =IF(OR(I6="",说明首页!$C$3-INT(I6)>7),"是","否") -> 是 | W6: =IF(OR(O6="",O6<22),"是","否") -> 是 | X6: =IF(AND(V6="否",W6="否"),"是","否") -> 否 | Y6: =IF(OR(I6="",说明首页!$C$3-INT(I6)>=3),"是","否") -> 是 | Z6: =IF(L6>0,N6/L6,0) -> 86.532051 | AA6: =IF(J6>0,P6/J6*100,0) -> 0.43010753 | AB6: =IF(AND(P6<>"",P6>0),Q6/P6,0) -> 1350 | AC6: =IF(O6>0,L6/O6,0) -> 26 | AD6: =IF(X6="是",COUNTIFS($X$2:$X$5000,"是",$Z$2:$Z$5000,"<"&Z6)/COUNTIF($X$2:$X$5000,"是")*100,"") | AE6: =IF(X6="是",COUNTIFS($X$2:$X$5000,"是",$AA$2:$AA$5000,"<"&AA6)/COUNTIF($X$2:$X$5000,"是")*100,"") | AF6: =IF(X6="是",COUNTIFS($X$2:$X$5000,"是",$AC$2:$AC$5000,"<"&AC6)/COUNTIF($X$2:$X$5000,"是")*100,"") | AG6: =IF(X6="是",ROUND(AD6*0.3+AE6*0.55+AF6*0.15,2),"") | AH6: =IF(X6="是",COUNTIFS($X$2:$X$5000,"是",$AG$2:$AG$5000,">"&AG6)+1,"") | AI6: =IF(X6<>"是","非参评",IF(AND(AH6<=COUNTIF($X$2:$X$5000,"是")*0.2,AA6>MEDIAN(IF($X$2:$X$5000="是",$AA$2:$AA$5000))),"S",IF(AH6<=COUNTIF($X$2:$X$5000,"是")*0.5,"A",IF(AH6<=COUNTIF($X$2:$X$5000,"是")*0.8,"B","C")))) -> 非参评 | AJ6: =IF(G6="","无数据",IF(G6<30,"MOB1-",IF(G6<90,"MOB1-3",IF(G6<180,"MOB3-6",IF(G6<365,"MOB6-12","MOB12+"))))) -> MOB1-3
A7: 首贷 | B7: 管户金条-毅航合肥职场 | C7: 803624 | D7: 桑嘉文 | E7: 2026-03-07 16:23:50 | F7: 2026-03-07 16:23:50 | G7: 36 | H7: 36 | I7: 2026-04-03 18:14:01 | J7: 223 | K7: 225 | L7: 104 | M7: 10448 | N7: 8864 | O7: 3 | V7: =IF(OR(I7="",说明首页!$C$3-INT(I7)>7),"是","否") -> 是 | W7: =IF(OR(O7="",O7<22),"是","否") -> 是 | X7: =IF(AND(V7="否",W7="否"),"是","否") -> 否 | Y7: =IF(OR(I7="",说明首页!$C$3-INT(I7)>=3),"是","否") -> 是 | Z7: =IF(L7>0,N7/L7,0) -> 85.230769 | AA7: =IF(J7>0,P7/J7*100,0) -> 0 | AB7: =IF(AND(P7<>"",P7>0),Q7/P7,0) -> 0 | AC7: =IF(O7>0,L7/O7,0) -> 34.666667 | AD7: =IF(X7="是",COUNTIFS($X$2:$X$5000,"是",$Z$2:$Z$5000,"<"&Z7)/COUNTIF($X$2:$X$5000,"是")*100,"") | AE7: =IF(X7="是",COUNTIFS($X$2:$X$5000,"是",$AA$2:$AA$5000,"<"&AA7)/COUNTIF($X$2:$X$5000,"是")*100,"") | AF7: =IF(X7="是",COUNTIFS($X$2:$X$5000,"是",$AC$2:$AC$5000,"<"&AC7)/COUNTIF($X$2:$X$5000,"是")*100,"") | AG7: =IF(X7="是",ROUND(AD7*0.3+AE7*0.55+AF7*0.15,2),"") | AH7: =IF(X7="是",COUNTIFS($X$2:$X$5000,"是",$AG$2:$AG$5000,">"&AG7)+1,"") | AI7: =IF(X7<>"是","非参评",IF(AND(AH7<=COUNTIF($X$2:$X$5000,"是")*0.2,AA7>MEDIAN(IF($X$2:$X$5000="是",$AA$2:$AA$5000))),"S",IF(AH7<=COUNTIF($X$2:$X$5000,"是")*0.5,"A",IF(AH7<=COUNTIF($X$2:$X$5000,"是")*0.8,"B","C")))) -> 非参评 | AJ7: =IF(G7="","无数据",IF(G7<30,"MOB1-",IF(G7<90,"MOB1-3",IF(G7<180,"MOB3-6",IF(G7<365,"MOB6-12","MOB12+"))))) -> MOB1-3
A8: 首贷 | B8: 管户金条-博岳石家庄职场 | C8: 805113 | D8: 戴金瑞 | E8: 2026-03-30 09:38:07 | F8: 2026-03-30 09:38:07 | G8: 13 | H8: 13 | I8: 2026-03-31 14:41:10 | J8: 208 | K8: 214 | L8: 80 | M8: 6742 | N8: 4794 | O8: 2 | P8: 1 | Q8: 500 | R8: 0 | S8: 0 | U8: 500 | V8: =IF(OR(I8="",说明首页!$C$3-INT(I8)>7),"是","否") -> 是 | W8: =IF(OR(O8="",O8<22),"是","否") -> 是 | X8: =IF(AND(V8="否",W8="否"),"是","否") -> 否 | Y8: =IF(OR(I8="",说明首页!$C$3-INT(I8)>=3),"是","否") -> 是 | Z8: =IF(L8>0,N8/L8,0) -> 59.925 | AA8: =IF(J8>0,P8/J8*100,0) -> 0.48076923 | AB8: =IF(AND(P8<>"",P8>0),Q8/P8,0) -> 500 | AC8: =IF(O8>0,L8/O8,0) -> 40 | AD8: =IF(X8="是",COUNTIFS($X$2:$X$5000,"是",$Z$2:$Z$5000,"<"&Z8)/COUNTIF($X$2:$X$5000,"是")*100,"") | AE8: =IF(X8="是",COUNTIFS($X$2:$X$5000,"是",$AA$2:$AA$5000,"<"&AA8)/COUNTIF($X$2:$X$5000,"是")*100,"") | AF8: =IF(X8="是",COUNTIFS($X$2:$X$5000,"是",$AC$2:$AC$5000,"<"&AC8)/COUNTIF($X$2:$X$5000,"是")*100,"") | AG8: =IF(X8="是",ROUND(AD8*0.3+AE8*0.55+AF8*0.15,2),"") | AH8: =IF(X8="是",COUNTIFS($X$2:$X$5000,"是",$AG$2:$AG$5000,">"&AG8)+1,"") | AI8: =IF(X8<>"是","非参评",IF(AND(AH8<=COUNTIF($X$2:$X$5000,"是")*0.2,AA8>MEDIAN(IF($X$2:$X$5000="是",$AA$2:$AA$5000))),"S",IF(AH8<=COUNTIF($X$2:$X$5000,"是")*0.5,"A",IF(AH8<=COUNTIF($X$2:$X$5000,"是")*0.8,"B","C")))) -> 非参评 | AJ8: =IF(G8="","无数据",IF(G8<30,"MOB1-",IF(G8<90,"MOB1-3",IF(G8<180,"MOB3-6",IF(G8<365,"MOB6-12","MOB12+"))))) -> MOB1-
A9: 首贷 | B9: 管户金条-毅航合肥职场 | C9: 803615 | D9: 刘梦雪 | E9: 2026-03-09 13:49:19 | F9: 2026-03-09 13:49:19 | G9: 34 | H9: 34 | I9: 2026-04-03 18:26:23 | J9: 288 | K9: 291 | L9: 83 | M9: 9013 | N9: 5727 | O9: 1 | V9: =IF(OR(I9="",说明首页!$C$3-INT(I9)>7),"是","否") -> 是 | W9: =IF(OR(O9="",O9<22),"是","否") -> 是 | X9: =IF(AND(V9="否",W9="否"),"是","否") -> 否 | Y9: =IF(OR(I9="",说明首页!$C$3-INT(I9)>=3),"是","否") -> 是 | Z9: =IF(L9>0,N9/L9,0) -> 69 | AA9: =IF(J9>0,P9/J9*100,0) -> 0 | AB9: =IF(AND(P9<>"",P9>0),Q9/P9,0) -> 0 | AC9: =IF(O9>0,L9/O9,0) -> 83 | AD9: =IF(X9="是",COUNTIFS($X$2:$X$5000,"是",$Z$2:$Z$5000,"<"&Z9)/COUNTIF($X$2:$X$5000,"是")*100,"") | AE9: =IF(X9="是",COUNTIFS($X$2:$X$5000,"是",$AA$2:$AA$5000,"<"&AA9)/COUNTIF($X$2:$X$5000,"是")*100,"") | AF9: =IF(X9="是",COUNTIFS($X$2:$X$5000,"是",$AC$2:$AC$5000,"<"&AC9)/COUNTIF($X$2:$X$5000,"是")*100,"") | AG9: =IF(X9="是",ROUND(AD9*0.3+AE9*0.55+AF9*0.15,2),"") | AH9: =IF(X9="是",COUNTIFS($X$2:$X$5000,"是",$AG$2:$AG$5000,">"&AG9)+1,"") | AI9: =IF(X9<>"是","非参评",IF(AND(AH9<=COUNTIF($X$2:$X$5000,"是")*0.2,AA9>MEDIAN(IF($X$2:$X$5000="是",$AA$2:$AA$5000))),"S",IF(AH9<=COUNTIF($X$2:$X$5000,"是")*0.5,"A",IF(AH9<=COUNTIF($X$2:$X$5000,"是")*0.8,"B","C")))) -> 非参评 | AJ9: =IF(G9="","无数据",IF(G9<30,"MOB1-",IF(G9<90,"MOB1-3",IF(G9<180,"MOB3-6",IF(G9<365,"MOB6-12","MOB12+"))))) -> MOB1-3
A10: 首贷 | B10: 管户金条-伽玛职场 | C10: 731014 | D10: 刘敏 | E10: 2023-01-04 13:32:37 | F10: 2023-01-04 13:32:37 | G10: 1194 | H10: 1194 | I10: 2026-04-11 18:43:14 | J10: 3840 | K10: 5146 | L10: 1635 | M10: 191667 | N10: 142469 | O10: 23 | P10: 47 | Q10: 1934100 | R10: 2 | S10: 2 | T10: 139300 | U10: 2073400 | V10: =IF(OR(I10="",说明首页!$C$3-INT(I10)>7),"是","否") -> 否 | W10: =IF(OR(O10="",O10<22),"是","否") -> 否 | X10: =IF(AND(V10="否",W10="否"),"是","否") -> 是 | Y10: =IF(OR(I10="",说明首页!$C$3-INT(I10)>=3),"是","否") -> 否 | Z10: =IF(L10>0,N10/L10,0) -> 87.137003 | AA10: =IF(J10>0,P10/J10*100,0) -> 1.2239583 | AB10: =IF(AND(P10<>"",P10>0),Q10/P10,0) -> 41151.064 | AC10: =IF(O10>0,L10/O10,0) -> 71.086957 | AD10: =IF(X10="是",COUNTIFS($X$2:$X$5000,"是",$Z$2:$Z$5000,"<"&Z10)/COUNTIF($X$2:$X$5000,"是")*100,"") -> 47.956989 | AE10: =IF(X10="是",COUNTIFS($X$2:$X$5000,"是",$AA$2:$AA$5000,"<"&AA10)/COUNTIF($X$2:$X$5000,"是")*100,"") -> 77.204301 | AF10: =IF(X10="是",COUNTIFS($X$2:$X$5000,"是",$AC$2:$AC$5000,"<"&AC10)/COUNTIF($X$2:$X$5000,"是")*100,"") -> 29.032258 | AG10: =IF(X10="是",ROUND(AD10*0.3+AE10*0.55+AF10*0.15,2),"") -> 61.2 | AH10: =IF(X10="是",COUNTIFS($X$2:$X$5000,"是",$AG$2:$AG$5000,">"&AG10)+1,"") -> 146 | AI10: =IF(X10<>"是","非参评",IF(AND(AH10<=COUNTIF($X$2:$X$5000,"是")*0.2,AA10>MEDIAN(IF($X$2:$X$5000="是",$AA$2:$AA$5000))),"S",IF(AH10<=COUNTIF($X$2:$X$5000,"是")*0.5,"A",IF(AH10<=COUNTIF($X$2:$X$5000,"是")*0.8,"B","C")))) -> A | AJ10: =IF(G10="","无数据",IF(G10<30,"MOB1-",IF(G10<90,"MOB1-3",IF(G10<180,"MOB3-6",IF(G10<365,"MOB6-12","MOB12+"))))) -> MOB12+
A11: 首贷 | B11: 管户金条-博岳石家庄职场 | C11: 799886 | D11: 王昊哲 | E11: 2025-12-17 10:42:10 | F11: 2025-12-17 10:42:10 | G11: 116 | H11: 116 | J11: 1 | K11: 1 | L11: 0 | M11: 11 | V11: =IF(OR(I11="",说明首页!$C$3-INT(I11)>7),"是","否") -> #VALUE! | W11: =IF(OR(O11="",O11<22),"是","否") -> 是 | X11: =IF(AND(V11="否",W11="否"),"是","否") -> #VALUE! | Y11: =IF(OR(I11="",说明首页!$C$3-INT(I11)>=3),"是","否") -> #VALUE! | Z11: =IF(L11>0,N11/L11,0) -> 0 | AA11: =IF(J11>0,P11/J11*100,0) -> 0 | AB11: =IF(AND(P11<>"",P11>0),Q11/P11,0) -> 0 | AC11: =IF(O11>0,L11/O11,0) -> 0 | AD11: =IF(X11="是",COUNTIFS($X$2:$X$5000,"是",$Z$2:$Z$5000,"<"&Z11)/COUNTIF($X$2:$X$5000,"是")*100,"") -> #VALUE! | AE11: =IF(X11="是",COUNTIFS($X$2:$X$5000,"是",$AA$2:$AA$5000,"<"&AA11)/COUNTIF($X$2:$X$5000,"是")*100,"") -> #VALUE! | AF11: =IF(X11="是",COUNTIFS($X$2:$X$5000,"是",$AC$2:$AC$5000,"<"&AC11)/COUNTIF($X$2:$X$5000,"是")*100,"") -> #VALUE! | AG11: =IF(X11="是",ROUND(AD11*0.3+AE11*0.55+AF11*0.15,2),"") -> #VALUE! | AH11: =IF(X11="是",COUNTIFS($X$2:$X$5000,"是",$AG$2:$AG$5000,">"&AG11)+1,"") -> #VALUE! | AI11: =IF(X11<>"是","非参评",IF(AND(AH11<=COUNTIF($X$2:$X$5000,"是")*0.2,AA11>MEDIAN(IF($X$2:$X$5000="是",$AA$2:$AA$5000))),"S",IF(AH11<=COUNTIF($X$2:$X$5000,"是")*0.5,"A",IF(AH11<=COUNTIF($X$2:$X$5000,"是")*0.8,"B","C")))) -> #VALUE! | AJ11: =IF(G11="","无数据",IF(G11<30,"MOB1-",IF(G11<90,"MOB1-3",IF(G11<180,"MOB3-6",IF(G11<365,"MOB6-12","MOB12+"))))) -> MOB3-6
A12: 首贷 | B12: 管户金条-华啸职场 | C12: 804874 | D12: 蒋秀琳 | E12: 2026-03-25 11:36:28 | F12: 2026-03-25 11:36:28 | G12: 18 | H12: 18 | I12: 2026-03-27 14:33:12 | J12: 25 | K12: 28 | L12: 17 | M12: 1135 | N12: 988 | V12: =IF(OR(I12="",说明首页!$C$3-INT(I12)>7),"是","否") -> 是 | W12: =IF(OR(O12="",O12<22),"是","否") -> 是 | X12: =IF(AND(V12="否",W12="否"),"是","否") -> 否 | Y12: =IF(OR(I12="",说明首页!$C$3-INT(I12)>=3),"是","否") -> 是 | Z12: =IF(L12>0,N12/L12,0) -> 58.117647 | AA12: =IF(J12>0,P12/J12*100,0) -> 0 | AB12: =IF(AND(P12<>"",P12>0),Q12/P12,0) -> 0 | AC12: =IF(O12>0,L12/O12,0) -> 0 | AD12: =IF(X12="是",COUNTIFS($X$2:$X$5000,"是",$Z$2:$Z$5000,"<"&Z12)/COUNTIF($X$2:$X$5000,"是")*100,"") | AE12: =IF(X12="是",COUNTIFS($X$2:$X$5000,"是",$AA$2:$AA$5000,"<"&AA12)/COUNTIF($X$2:$X$5000,"是")*100,"") | AF12: =IF(X12="是",COUNTIFS($X$2:$X$5000,"是",$AC$2:$AC$5000,"<"&AC12)/COUNTIF($X$2:$X$5000,"是")*100,"") | AG12: =IF(X12="是",ROUND(AD12*0.3+AE12*0.55+AF12*0.15,2),"") | AH12: =IF(X12="是",COUNTIFS($X$2:$X$5000,"是",$AG$2:$AG$5000,">"&AG12)+1,"") | AI12: =IF(X12<>"是","非参评",IF(AND(AH12<=COUNTIF($X$2:$X$5000,"是")*0.2,AA12>MEDIAN(IF($X$2:$X$5000="是",$AA$2:$AA$5000))),"S",IF(AH12<=COUNTIF($X$2:$X$5000,"是")*0.5,"A",IF(AH12<=COUNTIF($X$2:$X$5000,"是")*0.8,"B","C")))) -> 非参评 | AJ12: =IF(G12="","无数据",IF(G12<30,"MOB1-",IF(G12<90,"MOB1-3",IF(G12<180,"MOB3-6",IF(G12<365,"MOB6-12","MOB12+"))))) -> MOB1-
A13: 首贷 | B13: 管户金条-毅航合肥职场 | C13: 799583 | D13: 张玉慧 | E13: 2025-12-12 10:03:31 | F13: 2025-12-12 10:03:31 | G13: 121 | H13: 121 | I13: 2026-04-12 18:05:52 | J13: 5950 | K13: 7343 | L13: 2332 | M13: 309883 | N13: 233186 | O13: 27 | P13: 40 | Q13: 2563500 | R13: 0 | S13: 0 | U13: 2563500 | V13: =IF(OR(I13="",说明首页!$C$3-INT(I13)>7),"是","否") -> 否 | W13: =IF(OR(O13="",O13<22),"是","否") -> 否 | X13: =IF(AND(V13="否",W13="否"),"是","否") -> 是 | Y13: =IF(OR(I13="",说明首页!$C$3-INT(I13)>=3),"是","否") -> 否 | Z13: =IF(L13>0,N13/L13,0) -> 99.993997 | AA13: =IF(J13>0,P13/J13*100,0) -> 0.67226891 | AB13: =IF(AND(P13<>"",P13>0),Q13/P13,0) -> 64087.5 | AC13: =IF(O13>0,L13/O13,0) -> 86.37037 | AD13: =IF(X13="是",COUNTIFS($X$2:$X$5000,"是",$Z$2:$Z$5000,"<"&Z13)/COUNTIF($X$2:$X$5000,"是")*100,"") -> 79.354839 | AE13: =IF(X13="是",COUNTIFS($X$2:$X$5000,"是",$AA$2:$AA$5000,"<"&AA13)/COUNTIF($X$2:$X$5000,"是")*100,"") -> 19.784946 | AF13: =IF(X13="是",COUNTIFS($X$2:$X$5000,"是",$AC$2:$AC$5000,"<"&AC13)/COUNTIF($X$2:$X$5000,"是")*100,"") -> 73.548387 | AG13: =IF(X13="是",ROUND(AD13*0.3+AE13*0.55+AF13*0.15,2),"") -> 45.72 | AH13: =IF(X13="是",COUNTIFS($X$2:$X$5000,"是",$AG$2:$AG$5000,">"&AG13)+1,"") -> 272 | AI13: =IF(X13<>"是","非参评",IF(AND(AH13<=COUNTIF($X$2:$X$5000,"是")*0.2,AA13>MEDIAN(IF($X$2:$X$5000="是",$AA$2:$AA$5000))),"S",IF(AH13<=COUNTIF($X$2:$X$5000,"是")*0.5,"A",IF(AH13<=COUNTIF($X$2:$X$5000,"是")*0.8,"B","C")))) -> B | AJ13: =IF(G13="","无数据",IF(G13<30,"MOB1-",IF(G13<90,"MOB1-3",IF(G13<180,"MOB3-6",IF(G13<365,"MOB6-12","MOB12+"))))) -> MOB3-6
A14: 首贷 | B14: 管户金条-毛毛虫职场 | C14: 785218 | D14: 姚永生 | E14: 2025-05-26 11:10:46 | F14: 2025-05-26 11:10:46 | G14: 321 | H14: 321 | I14: 2026-04-12 18:21:05 | J14: 4546 | K14: 4604 | L14: 1833 | M14: 213598 | N14: 171346 | O14: 24 | P14: 40 | Q14: 1129900 | R14: 1 | S14: 2 | T14: 1300 | U14: 1131200 | V14: =IF(OR(I14="",说明首页!$C$3-INT(I14)>7),"是","否") -> 否 | W14: =IF(OR(O14="",O14<22),"是","否") -> 否 | X14: =IF(AND(V14="否",W14="否"),"是","否") -> 是 | Y14: =IF(OR(I14="",说明首页!$C$3-INT(I14)>=3),"是","否") -> 否 | Z14: =IF(L14>0,N14/L14,0) -> 93.478451 | AA14: =IF(J14>0,P14/J14*100,0) -> 0.87989441 | AB14: =IF(AND(P14<>"",P14>0),Q14/P14,0) -> 28247.5 | AC14: =IF(O14>0,L14/O14,0) -> 76.375 | AD14: =IF(X14="是",COUNTIFS($X$2:$X$5000,"是",$Z$2:$Z$5000,"<"&Z14)/COUNTIF($X$2:$X$5000,"是")*100,"") -> 66.021505 | AE14: =IF(X14="是",COUNTIFS($X$2:$X$5000,"是",$AA$2:$AA$5000,"<"&AA14)/COUNTIF($X$2:$X$5000,"是")*100,"") -> 44.731183 | AF14: =IF(X14="是",COUNTIFS($X$2:$X$5000,"是",$AC$2:$AC$5000,"<"&AC14)/COUNTIF($X$2:$X$5000,"是")*100,"") -> 43.44086 | AG14: =IF(X14="是",ROUND(AD14*0.3+AE14*0.55+AF14*0.15,2),"") -> 50.92 | AH14: =IF(X14="是",COUNTIFS($X$2:$X$5000,"是",$AG$2:$AG$5000,">"&AG14)+1,"") -> 226 | AI14: =IF(X14<>"是","非参评",IF(AND(AH14<=COUNTIF($X$2:$X$5000,"是")*0.2,AA14>MEDIAN(IF($X$2:$X$5000="是",$AA$2:$AA$5000))),"S",IF(AH14<=COUNTIF($X$2:$X$5000,"是")*0.5,"A",IF(AH14<=COUNTIF($X$2:$X$5000,"是")*0.8,"B","C")))) -> A | AJ14: =IF(G14="","无数据",IF(G14<30,"MOB1-",IF(G14<90,"MOB1-3",IF(G14<180,"MOB3-6",IF(G14<365,"MOB6-12","MOB12+"))))) -> MOB6-12
A15: 首贷 | B15: 管户金条-毛毛虫职场 | C15: 804168 | D15: 方乔慧 | E15: 2026-03-12 18:27:13 | F15: 2026-03-12 18:27:13 | G15: 31 | H15: 31 | I15: 2026-04-11 17:00:02 | J15: 4605 | K15: 5785 | L15: 2054 | M15: 193354 | N15: 143864 | O15: 24 | P15: 40 | Q15: 1303600 | R15: 2 | S15: 2 | T15: 1700 | U15: 1305300 | V15: =IF(OR(I15="",说明首页!$C$3-INT(I15)>7),"是","否") -> 否 | W15: =IF(OR(O15="",O15<22),"是","否") -> 否 | X15: =IF(AND(V15="否",W15="否"),"是","否") -> 是 | Y15: =IF(OR(I15="",说明首页!$C$3-INT(I15)>=3),"是","否") -> 否 | Z15: =IF(L15>0,N15/L15,0) -> 70.040896 | AA15: =IF(J15>0,P15/J15*100,0) -> 0.86862106 | AB15: =IF(AND(P15<>"",P15>0),Q15/P15,0) -> 32590 | AC15: =IF(O15>0,L15/O15,0) -> 85.583333 | AD15: =IF(X15="是",COUNTIFS($X$2:$X$5000,"是",$Z$2:$Z$5000,"<"&Z15)/COUNTIF($X$2:$X$5000,"是")*100,"") -> 8.6021505 | AE15: =IF(X15="是",COUNTIFS($X$2:$X$5000,"是",$AA$2:$AA$5000,"<"&AA15)/COUNTIF($X$2:$X$5000,"是")*100,"") -> 43.44086 | AF15: =IF(X15="是",COUNTIFS($X$2:$X$5000,"是",$AC$2:$AC$5000,"<"&AC15)/COUNTIF($X$2:$X$5000,"是")*100,"") -> 71.182796 | AG15: =IF(X15="是",ROUND(AD15*0.3+AE15*0.55+AF15*0.15,2),"") -> 37.15 | AH15: =IF(X15="是",COUNTIFS($X$2:$X$5000,"是",$AG$2:$AG$5000,">"&AG15)+1,"") -> 322 | AI15: =IF(X15<>"是","非参评",IF(AND(AH15<=COUNTIF($X$2:$X$5000,"是")*0.2,AA15>MEDIAN(IF($X$2:$X$5000="是",$AA$2:$AA$5000))),"S",IF(AH15<=COUNTIF($X$2:$X$5000,"是")*0.5,"A",IF(AH15<=COUNTIF($X$2:$X$5000,"是")*0.8,"B","C")))) -> B | AJ15: =IF(G15="","无数据",IF(G15<30,"MOB1-",IF(G15<90,"MOB1-3",IF(G15<180,"MOB3-6",IF(G15<365,"MOB6-12","MOB12+"))))) -> MOB1-3
A16: 首贷 | B16: 管户金条-伽玛职场 | C16: 806835 | D16: 马鑫伟 | E16: 2026-04-02 10:34:16 | F16: 2026-04-02 10:34:16 | G16: 10 | H16: 10 | I16: 2026-04-12 18:27:48 | J16: 776 | K16: 969 | L16: 424 | M16: 50303 | N16: 42456 | O16: 7 | P16: 2 | Q16: 3000 | R16: 0 | S16: 0 | U16: 3000 | V16: =IF(OR(I16="",说明首页!$C$3-INT(I16)>7),"是","否") -> 否 | W16: =IF(OR(O16="",O16<22),"是","否") -> 是 | X16: =IF(AND(V16="否",W16="否"),"是","否") -> 否 | Y16: =IF(OR(I16="",说明首页!$C$3-INT(I16)>=3),"是","否") -> 否 | Z16: =IF(L16>0,N16/L16,0) -> 100.13208 | AA16: =IF(J16>0,P16/J16*100,0) -> 0.25773196 | AB16: =IF(AND(P16<>"",P16>0),Q16/P16,0) -> 1500 | AC16: =IF(O16>0,L16/O16,0) -> 60.571429 | AD16: =IF(X16="是",COUNTIFS($X$2:$X$5000,"是",$Z$2:$Z$5000,"<"&Z16)/COUNTIF($X$2:$X$5000,"是")*100,"") | AE16: =IF(X16="是",COUNTIFS($X$2:$X$5000,"是",$AA$2:$AA$5000,"<"&AA16)/COUNTIF($X$2:$X$5000,"是")*100,"") | AF16: =IF(X16="是",COUNTIFS($X$2:$X$5000,"是",$AC$2:$AC$5000,"<"&AC16)/COUNTIF($X$2:$X$5000,"是")*100,"") | AG16: =IF(X16="是",ROUND(AD16*0.3+AE16*0.55+AF16*0.15,2),"") | AH16: =IF(X16="是",COUNTIFS($X$2:$X$5000,"是",$AG$2:$AG$5000,">"&AG16)+1,"") | AI16: =IF(X16<>"是","非参评",IF(AND(AH16<=COUNTIF($X$2:$X$5000,"是")*0.2,AA16>MEDIAN(IF($X$2:$X$5000="是",$AA$2:$AA$5000))),"S",IF(AH16<=COUNTIF($X$2:$X$5000,"是")*0.5,"A",IF(AH16<=COUNTIF($X$2:$X$5000,"是")*0.8,"B","C")))) -> 非参评 | AJ16: =IF(G16="","无数据",IF(G16<30,"MOB1-",IF(G16<90,"MOB1-3",IF(G16<180,"MOB3-6",IF(G16<365,"MOB6-12","MOB12+"))))) -> MOB1-
A17: 首贷 | B17: 管户金条-人和职场 | C17: 795506 | D17: 代丽萍 | E17: 2025-10-14 12:19:34 | F17: 2025-10-14 12:19:34 | G17: 180 | H17: 180 | I17: 2026-04-11 17:59:06 | J17: 3060 | K17: 5364 | L17: 1296 | M17: 179734 | N17: 125313 | O17: 27 | P17: 31 | Q17: 1333300 | R17: 1 | S17: 1 | T17: 20000 | U17: 1353300 | V17: =IF(OR(I17="",说明首页!$C$3-INT(I17)>7),"是","否") -> 否 | W17: =IF(OR(O17="",O17<22),"是","否") -> 否 | X17: =IF(AND(V17="否",W17="否"),"是","否") -> 是 | Y17: =IF(OR(I17="",说明首页!$C$3-INT(I17)>=3),"是","否") -> 否 | Z17: =IF(L17>0,N17/L17,0) -> 96.69213 | AA17: =IF(J17>0,P17/J17*100,0) -> 1.0130719 | AB17: =IF(AND(P17<>"",P17>0),Q17/P17,0) -> 43009.677 | AC17: =IF(O17>0,L17/O17,0) -> 48 | AD17: =IF(X17="是",COUNTIFS($X$2:$X$5000,"是",$Z$2:$Z$5000,"<"&Z17)/COUNTIF($X$2:$X$5000,"是")*100,"") -> 73.11828 | AE17: =IF(X17="是",COUNTIFS($X$2:$X$5000,"是",$AA$2:$AA$5000,"<"&AA17)/COUNTIF($X$2:$X$5000,"是")*100,"") -> 62.365591 | AF17: =IF(X17="是",COUNTIFS($X$2:$X$5000,"是",$AC$2:$AC$5000,"<"&AC17)/COUNTIF($X$2:$X$5000,"是")*100,"") -> 1.9354839 | AG17: =IF(X17="是",ROUND(AD17*0.3+AE17*0.55+AF17*0.15,2),"") -> 56.53 | AH17: =IF(X17="是",COUNTIFS($X$2:$X$5000,"是",$AG$2:$AG$5000,">"&AG17)+1,"") -> 179 | AI17: =IF(X17<>"是","非参评",IF(AND(AH17<=COUNTIF($X$2:$X$5000,"是")*0.2,AA17>MEDIAN(IF($X$2:$X$5000="是",$AA$2:$AA$5000))),"S",IF(AH17<=COUNTIF($X$2:$X$5000,"是")*0.5,"A",IF(AH17<=COUNTIF($X$2:$X$5000,"是")*0.8,"B","C")))) -> A | AJ17: =IF(G17="","无数据",IF(G17<30,"MOB1-",IF(G17<90,"MOB1-3",IF(G17<180,"MOB3-6",IF(G17<365,"MOB6-12","MOB12+"))))) -> MOB6-12
A18: 首贷 | B18: 管户金条-赛维斯职场 | C18: 804459 | D18: 梁泽鹏 | E18: 2026-03-18 16:32:20 | F18: 2026-03-18 16:32:20 | G18: 25 | H18: 25 | I18: 2026-04-07 09:11:28 | J18: 984 | K18: 996 | L18: 492 | M18: 48358 | N18: 41558 | O18: 7 | P18: 3 | Q18: 4100 | R18: 0 | S18: 0 | U18: 4100 | V18: =IF(OR(I18="",说明首页!$C$3-INT(I18)>7),"是","否") -> 否 | W18: =IF(OR(O18="",O18<22),"是","否") -> 是 | X18: =IF(AND(V18="否",W18="否"),"是","否") -> 否 | Y18: =IF(OR(I18="",说明首页!$C$3-INT(I18)>=3),"是","否") -> 是 | Z18: =IF(L18>0,N18/L18,0) -> 84.46748 | AA18: =IF(J18>0,P18/J18*100,0) -> 0.30487805 | AB18: =IF(AND(P18<>"",P18>0),Q18/P18,0) -> 1366.6667 | AC18: =IF(O18>0,L18/O18,0) -> 70.285714 | AD18: =IF(X18="是",COUNTIFS($X$2:$X$5000,"是",$Z$2:$Z$5000,"<"&Z18)/COUNTIF($X$2:$X$5000,"是")*100,"") | AE18: =IF(X18="是",COUNTIFS($X$2:$X$5000,"是",$AA$2:$AA$5000,"<"&AA18)/COUNTIF($X$2:$X$5000,"是")*100,"") | AF18: =IF(X18="是",COUNTIFS($X$2:$X$5000,"是",$AC$2:$AC$5000,"<"&AC18)/COUNTIF($X$2:$X$5000,"是")*100,"") | AG18: =IF(X18="是",ROUND(AD18*0.3+AE18*0.55+AF18*0.15,2),"") | AH18: =IF(X18="是",COUNTIFS($X$2:$X$5000,"是",$AG$2:$AG$5000,">"&AG18)+1,"") | AI18: =IF(X18<>"是","非参评",IF(AND(AH18<=COUNTIF($X$2:$X$5000,"是")*0.2,AA18>MEDIAN(IF($X$2:$X$5000="是",$AA$2:$AA$5000))),"S",IF(AH18<=COUNTIF($X$2:$X$5000,"是")*0.5,"A",IF(AH18<=COUNTIF($X$2:$X$5000,"是")*0.8,"B","C")))) -> 非参评 | AJ18: =IF(G18="","无数据",IF(G18<30,"MOB1-",IF(G18<90,"MOB1-3",IF(G18<180,"MOB3-6",IF(G18<365,"MOB6-12","MOB12+"))))) -> MOB1-
A19: 首贷 | B19: 管户金条-翰锐曲靖职场 | C19: 804003 | D19: 孙叶琪 | E19: 2026-03-11 14:29:55 | F19: 2026-03-11 14:29:55 | G19: 32 | H19: 32 | I19: 2026-04-11 18:06:34 | J19: 4947 | K19: 5352 | L19: 2121 | M19: 221655 | N19: 172510 | O19: 26 | P19: 31 | Q19: 265400 | R19: 2 | S19: 2 | T19: 68800 | U19: 334200 | V19: =IF(OR(I19="",说明首页!$C$3-INT(I19)>7),"是","否") -> 否 | W19: =IF(OR(O19="",O19<22),"是","否") -> 否 | X19: =IF(AND(V19="否",W19="否"),"是","否") -> 是 | Y19: =IF(OR(I19="",说明首页!$C$3-INT(I19)>=3),"是","否") -> 否 | Z19: =IF(L19>0,N19/L19,0) -> 81.334276 | AA19: =IF(J19>0,P19/J19*100,0) -> 0.62664241 | AB19: =IF(AND(P19<>"",P19>0),Q19/P19,0) -> 8561.2903 | AC19: =IF(O19>0,L19/O19,0) -> 81.576923 | AD19: =IF(X19="是",COUNTIFS($X$2:$X$5000,"是",$Z$2:$Z$5000,"<"&Z19)/COUNTIF($X$2:$X$5000,"是")*100,"") -> 30.107527 | AE19: =IF(X19="是",COUNTIFS($X$2:$X$5000,"是",$AA$2:$AA$5000,"<"&AA19)/COUNTIF($X$2:$X$5000,"是")*100,"") -> 13.978495 | AF19: =IF(X19="是",COUNTIFS($X$2:$X$5000,"是",$AC$2:$AC$5000,"<"&AC19)/COUNTIF($X$2:$X$5000,"是")*100,"") -> 61.290323 | AG19: =IF(X19="是",ROUND(AD19*0.3+AE19*0.55+AF19*0.15,2),"") -> 25.91 | AH19: =IF(X19="是",COUNTIFS($X$2:$X$5000,"是",$AG$2:$AG$5000,">"&AG19)+1,"") -> 399 | AI19: =IF(X19<>"是","非参评",IF(AND(AH19<=COUNTIF($X$2:$X$5000,"是")*0.2,AA19>MEDIAN(IF($X$2:$X$5000="是",$AA$2:$AA$5000))),"S",IF(AH19<=COUNTIF($X$2:$X$5000,"是")*0.5,"A",IF(AH19<=COUNTIF($X$2:$X$5000,"是")*0.8,"B","C")))) -> C | AJ19: =IF(G19="","无数据",IF(G19<30,"MOB1-",IF(G19<90,"MOB1-3",IF(G19<180,"MOB3-6",IF(G19<365,"MOB6-12","MOB12+"))))) -> MOB1-3
A20: 首贷 | B20: 管户金条-毅航合肥职场 | C20: 769488 | D20: 刘壮 | E20: 2024-10-30 10:04:01 | F20: 2024-10-30 10:04:01 | G20: 529 | H20: 529 | I20: 2026-04-03 18:09:31 | J20: 292 | K20: 293 | L20: 138 | M20: 16761 | N20: 14435 | O20: 6 | P20: 1 | Q20: 12200 | R20: 0 | S20: 0 | U20: 12200 | V20: =IF(OR(I20="",说明首页!$C$3-INT(I20)>7),"是","否") -> 是 | W20: =IF(OR(O20="",O20<22),"是","否") -> 是 | X20: =IF(AND(V20="否",W20="否"),"是","否") -> 否 | Y20: =IF(OR(I20="",说明首页!$C$3-INT(I20)>=3),"是","否") -> 是 | Z20: =IF(L20>0,N20/L20,0) -> 104.60145 | AA20: =IF(J20>0,P20/J20*100,0) -> 0.34246575 | AB20: =IF(AND(P20<>"",P20>0),Q20/P20,0) -> 12200 | AC20: =IF(O20>0,L20/O20,0) -> 23 | AD20: =IF(X20="是",COUNTIFS($X$2:$X$5000,"是",$Z$2:$Z$5000,"<"&Z20)/COUNTIF($X$2:$X$5000,"是")*100,"") | AE20: =IF(X20="是",COUNTIFS($X$2:$X$5000,"是",$AA$2:$AA$5000,"<"&AA20)/COUNTIF($X$2:$X$5000,"是")*100,"") | AF20: =IF(X20="是",COUNTIFS($X$2:$X$5000,"是",$AC$2:$AC$5000,"<"&AC20)/COUNTIF($X$2:$X$5000,"是")*100,"") | AG20: =IF(X20="是",ROUND(AD20*0.3+AE20*0.55+AF20*0.15,2),"") | AH20: =IF(X20="是",COUNTIFS($X$2:$X$5000,"是",$AG$2:$AG$5000,">"&AG20)+1,"") | AI20: =IF(X20<>"是","非参评",IF(AND(AH20<=COUNTIF($X$2:$X$5000,"是")*0.2,AA20>MEDIAN(IF($X$2:$X$5000="是",$AA$2:$AA$5000))),"S",IF(AH20<=COUNTIF($X$2:$X$5000,"是")*0.5,"A",IF(AH20<=COUNTIF($X$2:$X$5000,"是")*0.8,"B","C")))) -> 非参评 | AJ20: =IF(G20="","无数据",IF(G20<30,"MOB1-",IF(G20<90,"MOB1-3",IF(G20<180,"MOB3-6",IF(G20<365,"MOB6-12","MOB12+"))))) -> MOB12+
A21: 首贷 | B21: 管户金条-毅航合肥职场 | C21: 784858 | D21: 张梦婷 | E21: 2025-05-19 09:55:39 | F21: 2025-05-19 09:55:39 | G21: 328 | H21: 328 | I21: 2026-04-03 19:11:52 | J21: 388 | K21: 391 | L21: 156 | M21: 17069 | N21: 13537 | O21: 5 | P21: 3 | Q21: 14800 | R21: 0 | S21: 0 | U21: 14800 | V21: =IF(OR(I21="",说明首页!$C$3-INT(I21)>7),"是","否") -> 是 | W21: =IF(OR(O21="",O21<22),"是","否") -> 是 | X21: =IF(AND(V21="否",W21="否"),"是","否") -> 否 | Y21: =IF(OR(I21="",说明首页!$C$3-INT(I21)>=3),"是","否") -> 是 | Z21: =IF(L21>0,N21/L21,0) -> 86.775641 | AA21: =IF(J21>0,P21/J21*100,0) -> 0.77319588 | AB21: =IF(AND(P21<>"",P21>0),Q21/P21,0) -> 4933.3333 | AC21: =IF(O21>0,L21/O21,0) -> 31.2 | AD21: =IF(X21="是",COUNTIFS($X$2:$X$5000,"是",$Z$2:$Z$5000,"<"&Z21)/COUNTIF($X$2:$X$5000,"是")*100,"") | AE21: =IF(X21="是",COUNTIFS($X$2:$X$5000,"是",$AA$2:$AA$5000,"<"&AA21)/COUNTIF($X$2:$X$5000,"是")*100,"") | AF21: =IF(X21="是",COUNTIFS($X$2:$X$5000,"是",$AC$2:$AC$5000,"<"&AC21)/COUNTIF($X$2:$X$5000,"是")*100,"") | AG21: =IF(X21="是",ROUND(AD21*0.3+AE21*0.55+AF21*0.15,2),"") | AH21: =IF(X21="是",COUNTIFS($X$2:$X$5000,"是",$AG$2:$AG$5000,">"&AG21)+1,"") | AI21: =IF(X21<>"是","非参评",IF(AND(AH21<=COUNTIF($X$2:$X$5000,"是")*0.2,AA21>MEDIAN(IF($X$2:$X$5000="是",$AA$2:$AA$5000))),"S",IF(AH21<=COUNTIF($X$2:$X$5000,"是")*0.5,"A",IF(AH21<=COUNTIF($X$2:$X$5000,"是")*0.8,"B","C")))) -> 非参评 | AJ21: =IF(G21="","无数据",IF(G21<30,"MOB1-",IF(G21<90,"MOB1-3",IF(G21<180,"MOB3-6",IF(G21<365,"MOB6-12","MOB12+"))))) -> MOB6-12
A22: 首贷 | B22: 管户金条-博岳石家庄职场 | C22: 794909 | D22: 郑文帅 | E22: 2025-09-30 10:11:36 | F22: 2025-09-30 10:11:36 | G22: 194 | H22: 194 | I22: 2026-04-11 19:30:25 | J22: 4880 | K22: 5950 | L22: 1588 | M22: 231534 | N22: 168835 | O22: 28 | P22: 85 | Q22: 904800 | R22: 7 | S22: 8 | T22: 38500 | U22: 943300 | V22: =IF(OR(I22="",说明首页!$C$3-INT(I22)>7),"是","否") -> 否 | W22: =IF(OR(O22="",O22<22),"是","否") -> 否 | X22: =IF(AND(V22="否",W22="否"),"是","否") -> 是 | Y22: =IF(OR(I22="",说明首页!$C$3-INT(I22)>=3),"是","否") -> 否 | Z22: =IF(L22>0,N22/L22,0) -> 106.31927 | AA22: =IF(J22>0,P22/J22*100,0) -> 1.7418033 | AB22: =IF(AND(P22<>"",P22>0),Q22/P22,0) -> 10644.706 | AC22: =IF(O22>0,L22/O22,0) -> 56.714286 | AD22: =IF(X22="是",COUNTIFS($X$2:$X$5000,"是",$Z$2:$Z$5000,"<"&Z22)/COUNTIF($X$2:$X$5000,"是")*100,"") -> 85.591398 | AE22: =IF(X22="是",COUNTIFS($X$2:$X$5000,"是",$AA$2:$AA$5000,"<"&AA22)/COUNTIF($X$2:$X$5000,"是")*100,"") -> 96.344086 | AF22: =IF(X22="是",COUNTIFS($X$2:$X$5000,"是",$AC$2:$AC$5000,"<"&AC22)/COUNTIF($X$2:$X$5000,"是")*100,"") -> 6.6666667 | AG22: =IF(X22="是",ROUND(AD22*0.3+AE22*0.55+AF22*0.15,2),"") -> 79.67 | AH22: =IF(X22="是",COUNTIFS($X$2:$X$5000,"是",$AG$2:$AG$5000,">"&AG22)+1,"") -> 40 | AI22: =IF(X22<>"是","非参评",IF(AND(AH22<=COUNTIF($X$2:$X$5000,"是")*0.2,AA22>MEDIAN(IF($X$2:$X$5000="是",$AA$2:$AA$5000))),"S",IF(AH22<=COUNTIF($X$2:$X$5000,"是")*0.5,"A",IF(AH22<=COUNTIF($X$2:$X$5000,"是")*0.8,"B","C")))) -> S | AJ22: =IF(G22="","无数据",IF(G22<30,"MOB1-",IF(G22<90,"MOB1-3",IF(G22<180,"MOB3-6",IF(G22<365,"MOB6-12","MOB12+"))))) -> MOB6-12
A23: 首贷 | B23: 管户金条-毛毛虫职场 | C23: 626597 | D23: 徐玉婷 | E23: 2025-09-29 10:11:31 | F23: 2025-09-29 10:11:31 | G23: 195 | H23: 195 | I23: 2026-04-11 18:05:13 | J23: 4612 | K23: 4987 | L23: 1825 | M23: 220100 | N23: 173156 | O23: 24 | P23: 43 | Q23: 952000 | R23: 3 | S23: 3 | T23: 6500 | U23: 958500 | V23: =IF(OR(I23="",说明首页!$C$3-INT(I23)>7),"是","否") -> 否 | W23: =IF(OR(O23="",O23<22),"是","否") -> 否 | X23: =IF(AND(V23="否",W23="否"),"是","否") -> 是 | Y23: =IF(OR(I23="",说明首页!$C$3-INT(I23)>=3),"是","否") -> 否 | Z23: =IF(L23>0,N23/L23,0) -> 94.88 | AA23: =IF(J23>0,P23/J23*100,0) -> 0.93235039 | AB23: =IF(AND(P23<>"",P23>0),Q23/P23,0) -> 22139.535 | AC23: =IF(O23>0,L23/O23,0) -> 76.041667 | AD23: =IF(X23="是",COUNTIFS($X$2:$X$5000,"是",$Z$2:$Z$5000,"<"&Z23)/COUNTIF($X$2:$X$5000,"是")*100,"") -> 69.032258 | AE23: =IF(X23="是",COUNTIFS($X$2:$X$5000,"是",$AA$2:$AA$5000,"<"&AA23)/COUNTIF($X$2:$X$5000,"是")*100,"") -> 50.752688 | AF23: =IF(X23="是",COUNTIFS($X$2:$X$5000,"是",$AC$2:$AC$5000,"<"&AC23)/COUNTIF($X$2:$X$5000,"是")*100,"") -> 42.150538 | AG23: =IF(X23="是",ROUND(AD23*0.3+AE23*0.55+AF23*0.15,2),"") -> 54.95 | AH23: =IF(X23="是",COUNTIFS($X$2:$X$5000,"是",$AG$2:$AG$5000,">"&AG23)+1,"") -> 194 | AI23: =IF(X23<>"是","非参评",IF(AND(AH23<=COUNTIF($X$2:$X$5000,"是")*0.2,AA23>MEDIAN(IF($X$2:$X$5000="是",$AA$2:$AA$5000))),"S",IF(AH23<=COUNTIF($X$2:$X$5000,"是")*0.5,"A",IF(AH23<=COUNTIF($X$2:$X$5000,"是")*0.8,"B","C")))) -> A | AJ23: =IF(G23="","无数据",IF(G23<30,"MOB1-",IF(G23<90,"MOB1-3",IF(G23<180,"MOB3-6",IF(G23<365,"MOB6-12","MOB12+"))))) -> MOB6-12
A24: 首贷 | B24: 管户金条-毛毛虫职场 | C24: 744767 | D24: 祝鹏飞 | E24: 2023-08-21 15:55:26 | F24: 2023-08-21 15:55:26 | G24: 965 | H24: 965 | I24: 2026-04-11 11:37:36 | J24: 1000 | K24: 1007 | L24: 443 | M24: 48512 | N24: 40057 | O24: 18 | P24: 10 | Q24: 193900 | R24: 0 | S24: 0 | U24: 193900 | V24: =IF(OR(I24="",说明首页!$C$3-INT(I24)>7),"是","否") -> 否 | W24: =IF(OR(O24="",O24<22),"是","否") -> 是 | X24: =IF(AND(V24="否",W24="否"),"是","否") -> 否 | Y24: =IF(OR(I24="",说明首页!$C$3-INT(I24)>=3),"是","否") -> 否 | Z24: =IF(L24>0,N24/L24,0) -> 90.422122 | AA24: =IF(J24>0,P24/J24*100,0) -> 1 | AB24: =IF(AND(P24<>"",P24>0),Q24/P24,0) -> 19390 | AC24: =IF(O24>0,L24/O24,0) -> 24.611111 | AD24: =IF(X24="是",COUNTIFS($X$2:$X$5000,"是",$Z$2:$Z$5000,"<"&Z24)/COUNTIF($X$2:$X$5000,"是")*100,"") | AE24: =IF(X24="是",COUNTIFS($X$2:$X$5000,"是",$AA$2:$AA$5000,"<"&AA24)/COUNTIF($X$2:$X$5000,"是")*100,"") | AF24: =IF(X24="是",COUNTIFS($X$2:$X$5000,"是",$AC$2:$AC$5000,"<"&AC24)/COUNTIF($X$2:$X$5000,"是")*100,"") | AG24: =IF(X24="是",ROUND(AD24*0.3+AE24*0.55+AF24*0.15,2),"") | AH24: =IF(X24="是",COUNTIFS($X$2:$X$5000,"是",$AG$2:$AG$5000,">"&AG24)+1,"") | AI24: =IF(X24<>"是","非参评",IF(AND(AH24<=COUNTIF($X$2:$X$5000,"是")*0.2,AA24>MEDIAN(IF($X$2:$X$5000="是",$AA$2:$AA$5000))),"S",IF(AH24<=COUNTIF($X$2:$X$5000,"是")*0.5,"A",IF(AH24<=COUNTIF($X$2:$X$5000,"是")*0.8,"B","C")))) -> 非参评 | AJ24: =IF(G24="","无数据",IF(G24<30,"MOB1-",IF(G24<90,"MOB1-3",IF(G24<180,"MOB3-6",IF(G24<365,"MOB6-12","MOB12+"))))) -> MOB12+
A25: 首贷 | B25: 管户金条-广达陕西职场 | C25: 753101 | D25: 高阳 | E25: 2026-03-19 09:33:24 | F25: 2026-03-19 09:33:24 | G25: 24 | H25: 24 | I25: 2026-03-20 10:54:44 | J25: 8 | K25: 12 | L25: 2 | M25: 200 | N25: 87 | V25: =IF(OR(I25="",说明首页!$C$3-INT(I25)>7),"是","否") -> 是 | W25: =IF(OR(O25="",O25<22),"是","否") -> 是 | X25: =IF(AND(V25="否",W25="否"),"是","否") -> 否 | Y25: =IF(OR(I25="",说明首页!$C$3-INT(I25)>=3),"是","否") -> 是 | Z25: =IF(L25>0,N25/L25,0) -> 43.5 | AA25: =IF(J25>0,P25/J25*100,0) -> 0 | AB25: =IF(AND(P25<>"",P25>0),Q25/P25,0) -> 0 | AC25: =IF(O25>0,L25/O25,0) -> 0 | AD25: =IF(X25="是",COUNTIFS($X$2:$X$5000,"是",$Z$2:$Z$5000,"<"&Z25)/COUNTIF($X$2:$X$5000,"是")*100,"") | AE25: =IF(X25="是",COUNTIFS($X$2:$X$5000,"是",$AA$2:$AA$5000,"<"&AA25)/COUNTIF($X$2:$X$5000,"是")*100,"") | AF25: =IF(X25="是",COUNTIFS($X$2:$X$5000,"是",$AC$2:$AC$5000,"<"&AC25)/COUNTIF($X$2:$X$5000,"是")*100,"") | AG25: =IF(X25="是",ROUND(AD25*0.3+AE25*0.55+AF25*0.15,2),"") | AH25: =IF(X25="是",COUNTIFS($X$2:$X$5000,"是",$AG$2:$AG$5000,">"&AG25)+1,"") | AI25: =IF(X25<>"是","非参评",IF(AND(AH25<=COUNTIF($X$2:$X$5000,"是")*0.2,AA25>MEDIAN(IF($X$2:$X$5000="是",$AA$2:$AA$5000))),"S",IF(AH25<=COUNTIF($X$2:$X$5000,"是")*0.5,"A",IF(AH25<=COUNTIF($X$2:$X$5000,"是")*0.8,"B","C")))) -> 非参评 | AJ25: =IF(G25="","无数据",IF(G25<30,"MOB1-",IF(G25<90,"MOB1-3",IF(G25<180,"MOB3-6",IF(G25<365,"MOB6-12","MOB12+"))))) -> MOB1-
A26: 首贷 | B26: 管户金条-博岳石家庄职场 | C26: 756714 | D26: 博岳5号 | E26: 2024-01-12 16:32:53 | F26: 2024-01-12 16:32:53 | G26: 821 | H26: 821 | I26: 2026-03-19 19:20:31 | J26: 71 | K26: 74 | L26: 24 | M26: 3966 | N26: 3298 | O26: 2 | V26: =IF(OR(I26="",说明首页!$C$3-INT(I26)>7),"是","否") -> 是 | W26: =IF(OR(O26="",O26<22),"是","否") -> 是 | X26: =IF(AND(V26="否",W26="否"),"是","否") -> 否 | Y26: =IF(OR(I26="",说明首页!$C$3-INT(I26)>=3),"是","否") -> 是 | Z26: =IF(L26>0,N26/L26,0) -> 137.41667 | AA26: =IF(J26>0,P26/J26*100,0) -> 0 | AB26: =IF(AND(P26<>"",P26>0),Q26/P26,0) -> 0 | AC26: =IF(O26>0,L26/O26,0) -> 12 | AD26: =IF(X26="是",COUNTIFS($X$2:$X$5000,"是",$Z$2:$Z$5000,"<"&Z26)/COUNTIF($X$2:$X$5000,"是")*100,"") | AE26: =IF(X26="是",COUNTIFS($X$2:$X$5000,"是",$AA$2:$AA$5000,"<"&AA26)/COUNTIF($X$2:$X$5000,"是")*100,"") | AF26: =IF(X26="是",COUNTIFS($X$2:$X$5000,"是",$AC$2:$AC$5000,"<"&AC26)/COUNTIF($X$2:$X$5000,"是")*100,"") | AG26: =IF(X26="是",ROUND(AD26*0.3+AE26*0.55+AF26*0.15,2),"") | AH26: =IF(X26="是",COUNTIFS($X$2:$X$5000,"是",$AG$2:$AG$5000,">"&AG26)+1,"") | AI26: =IF(X26<>"是","非参评",IF(AND(AH26<=COUNTIF($X$2:$X$5000,"是")*0.2,AA26>MEDIAN(IF($X$2:$X$5000="是",$AA$2:$AA$5000))),"S",IF(AH26<=COUNTIF($X$2:$X$5000,"是")*0.5,"A",IF(AH26<=COUNTIF($X$2:$X$5000,"是")*0.8,"B","C")))) -> 非参评 | AJ26: =IF(G26="","无数据",IF(G26<30,"MOB1-",IF(G26<90,"MOB1-3",IF(G26<180,"MOB3-6",IF(G26<365,"MOB6-12","MOB12+"))))) -> MOB12+
A27: 首贷 | B27: 管户金条-毅航合肥职场 | C27: 791030 | D27: 伯招财 | E27: 2025-08-25 09:27:55 | F27: 2025-08-25 09:27:55 | G27: 230 | H27: 230 | I27: 2026-03-31 15:23:24 | J27: 336 | K27: 338 | L27: 145 | M27: 17001 | N27: 14065 | O27: 6 | P27: 1 | Q27: 500 | R27: 0 | S27: 0 | U27: 500 | V27: =IF(OR(I27="",说明首页!$C$3-INT(I27)>7),"是","否") -> 是 | W27: =IF(OR(O27="",O27<22),"是","否") -> 是 | X27: =IF(AND(V27="否",W27="否"),"是","否") -> 否 | Y27: =IF(OR(I27="",说明首页!$C$3-INT(I27)>=3),"是","否") -> 是 | Z27: =IF(L27>0,N27/L27,0) -> 97 | AA27: =IF(J27>0,P27/J27*100,0) -> 0.29761905 | AB27: =IF(AND(P27<>"",P27>0),Q27/P27,0) -> 500 | AC27: =IF(O27>0,L27/O27,0) -> 24.166667 | AD27: =IF(X27="是",COUNTIFS($X$2:$X$5000,"是",$Z$2:$Z$5000,"<"&Z27)/COUNTIF($X$2:$X$5000,"是")*100,"") | AE27: =IF(X27="是",COUNTIFS($X$2:$X$5000,"是",$AA$2:$AA$5000,"<"&AA27)/COUNTIF($X$2:$X$5000,"是")*100,"") | AF27: =IF(X27="是",COUNTIFS($X$2:$X$5000,"是",$AC$2:$AC$5000,"<"&AC27)/COUNTIF($X$2:$X$5000,"是")*100,"") | AG27: =IF(X27="是",ROUND(AD27*0.3+AE27*0.55+AF27*0.15,2),"") | AH27: =IF(X27="是",COUNTIFS($X$2:$X$5000,"是",$AG$2:$AG$5000,">"&AG27)+1,"") | AI27: =IF(X27<>"是","非参评",IF(AND(AH27<=COUNTIF($X$2:$X$5000,"是")*0.2,AA27>MEDIAN(IF($X$2:$X$5000="是",$AA$2:$AA$5000))),"S",IF(AH27<=COUNTIF($X$2:$X$5000,"是")*0.5,"A",IF(AH27<=COUNTIF($X$2:$X$5000,"是")*0.8,"B","C")))) -> 非参评 | AJ27: =IF(G27="","无数据",IF(G27<30,"MOB1-",IF(G27<90,"MOB1-3",IF(G27<180,"MOB3-6",IF(G27<365,"MOB6-12","MOB12+"))))) -> MOB6-12
A28: 首贷 | B28: 管户金条-汇讯职场 | C28: 806913 | D28: 周文慧 | E28: 2026-04-03 14:41:22 | F28: 2026-04-03 14:41:22 | G28: 9 | H28: 9 | I28: 2026-04-11 18:57:51 | J28: 960 | K28: 1141 | L28: 447 | M28: 46447 | N28: 36413 | O28: 6 | P28: 2 | Q28: 1000 | R28: 0 | S28: 0 | U28: 1000 | V28: =IF(OR(I28="",说明首页!$C$3-INT(I28)>7),"是","否") -> 否 | W28: =IF(OR(O28="",O28<22),"是","否") -> 是 | X28: =IF(AND(V28="否",W28="否"),"是","否") -> 否 | Y28: =IF(OR(I28="",说明首页!$C$3-INT(I28)>=3),"是","否") -> 否 | Z28: =IF(L28>0,N28/L28,0) -> 81.46085 | AA28: =IF(J28>0,P28/J28*100,0) -> 0.20833333 | AB28: =IF(AND(P28<>"",P28>0),Q28/P28,0) -> 500 | AC28: =IF(O28>0,L28/O28,0) -> 74.5 | AD28: =IF(X28="是",COUNTIFS($X$2:$X$5000,"是",$Z$2:$Z$5000,"<"&Z28)/COUNTIF($X$2:$X$5000,"是")*100,"") | AE28: =IF(X28="是",COUNTIFS($X$2:$X$5000,"是",$AA$2:$AA$5000,"<"&AA28)/COUNTIF($X$2:$X$5000,"是")*100,"") | AF28: =IF(X28="是",COUNTIFS($X$2:$X$5000,"是",$AC$2:$AC$5000,"<"&AC28)/COUNTIF($X$2:$X$5000,"是")*100,"") | AG28: =IF(X28="是",ROUND(AD28*0.3+AE28*0.55+AF28*0.15,2),"") | AH28: =IF(X28="是",COUNTIFS($X$2:$X$5000,"是",$AG$2:$AG$5000,">"&AG28)+1,"") | AI28: =IF(X28<>"是","非参评",IF(AND(AH28<=COUNTIF($X$2:$X$5000,"是")*0.2,AA28>MEDIAN(IF($X$2:$X$5000="是",$AA$2:$AA$5000))),"S",IF(AH28<=COUNTIF($X$2:$X$5000,"是")*0.5,"A",IF(AH28<=COUNTIF($X$2:$X$5000,"是")*0.8,"B","C")))) -> 非参评 | AJ28: =IF(G28="","无数据",IF(G28<30,"MOB1-",IF(G28<90,"MOB1-3",IF(G28<180,"MOB3-6",IF(G28<365,"MOB6-12","MOB12+"))))) -> MOB1-
A29: 首贷 | B29: 管户金条-毛毛虫职场 | C29: 737825 | D29: 赵武 | E29: 2023-05-30 14:39:58 | F29: 2023-05-30 14:39:58 | G29: 1048 | H29: 1048 | I29: 2026-04-11 18:11:48 | J29: 3529 | K29: 4368 | L29: 929 | M29: 156296 | N29: 108385 | O29: 20 | P29: 47 | Q29: 3922000 | R29: 3 | S29: 3 | T29: 87400 | U29: 4009400 | V29: =IF(OR(I29="",说明首页!$C$3-INT(I29)>7),"是","否") -> 否 | W29: =IF(OR(O29="",O29<22),"是","否") -> 是 | X29: =IF(AND(V29="否",W29="否"),"是","否") -> 否 | Y29: =IF(OR(I29="",说明首页!$C$3-INT(I29)>=3),"是","否") -> 否 | Z29: =IF(L29>0,N29/L29,0) -> 116.66846 | AA29: =IF(J29>0,P29/J29*100,0) -> 1.331822 | AB29: =IF(AND(P29<>"",P29>0),Q29/P29,0) -> 83446.809 | AC29: =IF(O29>0,L29/O29,0) -> 46.45 | AD29: =IF(X29="是",COUNTIFS($X$2:$X$5000,"是",$Z$2:$Z$5000,"<"&Z29)/COUNTIF($X$2:$X$5000,"是")*100,"") | AE29: =IF(X29="是",COUNTIFS($X$2:$X$5000,"是",$AA$2:$AA$5000,"<"&AA29)/COUNTIF($X$2:$X$5000,"是")*100,"") | AF29: =IF(X29="是",COUNTIFS($X$2:$X$5000,"是",$AC$2:$AC$5000,"<"&AC29)/COUNTIF($X$2:$X$5000,"是")*100,"") | AG29: =IF(X29="是",ROUND(AD29*0.3+AE29*0.55+AF29*0.15,2),"") | AH29: =IF(X29="是",COUNTIFS($X$2:$X$5000,"是",$AG$2:$AG$5000,">"&AG29)+1,"") | AI29: =IF(X29<>"是","非参评",IF(AND(AH29<=COUNTIF($X$2:$X$5000,"是")*0.2,AA29>MEDIAN(IF($X$2:$X$5000="是",$AA$2:$AA$5000))),"S",IF(AH29<=COUNTIF($X$2:$X$5000,"是")*0.5,"A",IF(AH29<=COUNTIF($X$2:$X$5000,"是")*0.8,"B","C")))) -> 非参评 | AJ29: =IF(G29="","无数据",IF(G29<30,"MOB1-",IF(G29<90,"MOB1-3",IF(G29<180,"MOB3-6",IF(G29<365,"MOB6-12","MOB12+"))))) -> MOB12+
A30: 首贷 | B30: 管户金条-汇讯职场 | C30: 737825 | D30: 赵武 | E30: 2023-05-30 14:39:58 | F30: 2023-05-30 14:39:58 | G30: 1048 | H30: 1048 | I30: 2026-04-11 18:11:48 | J30: 3529 | K30: 4368 | L30: 929 | M30: 156296 | N30: 108385 | O30: 20 | P30: 47 | Q30: 3922000 | R30: 3 | S30: 3 | T30: 87400 | U30: 4009400 | V30: =IF(OR(I30="",说明首页!$C$3-INT(I30)>7),"是","否") -> 否 | W30: =IF(OR(O30="",O30<22),"是","否") -> 是 | X30: =IF(AND(V30="否",W30="否"),"是","否") -> 否 | Y30: =IF(OR(I30="",说明首页!$C$3-INT(I30)>=3),"是","否") -> 否 | Z30: =IF(L30>0,N30/L30,0) -> 116.66846 | AA30: =IF(J30>0,P30/J30*100,0) -> 1.331822 | AB30: =IF(AND(P30<>"",P30>0),Q30/P30,0) -> 83446.809 | AC30: =IF(O30>0,L30/O30,0) -> 46.45 | AD30: =IF(X30="是",COUNTIFS($X$2:$X$5000,"是",$Z$2:$Z$5000,"<"&Z30)/COUNTIF($X$2:$X$5000,"是")*100,"") | AE30: =IF(X30="是",COUNTIFS($X$2:$X$5000,"是",$AA$2:$AA$5000,"<"&AA30)/COUNTIF($X$2:$X$5000,"是")*100,"") | AF30: =IF(X30="是",COUNTIFS($X$2:$X$5000,"是",$AC$2:$AC$5000,"<"&AC30)/COUNTIF($X$2:$X$5000,"是")*100,"") | AG30: =IF(X30="是",ROUND(AD30*0.3+AE30*0.55+AF30*0.15,2),"") | AH30: =IF(X30="是",COUNTIFS($X$2:$X$5000,"是",$AG$2:$AG$5000,">"&AG30)+1,"") | AI30: =IF(X30<>"是","非参评",IF(AND(AH30<=COUNTIF($X$2:$X$5000,"是")*0.2,AA30>MEDIAN(IF($X$2:$X$5000="是",$AA$2:$AA$5000))),"S",IF(AH30<=COUNTIF($X$2:$X$5000,"是")*0.5,"A",IF(AH30<=COUNTIF($X$2:$X$5000,"是")*0.8,"B","C")))) -> 非参评 | AJ30: =IF(G30="","无数据",IF(G30<30,"MOB1-",IF(G30<90,"MOB1-3",IF(G30<180,"MOB3-6",IF(G30<365,"MOB6-12","MOB12+"))))) -> MOB12+
A31: 首贷 | B31: 管户金条-毛毛虫职场 | C31: 802049 | D31: 程明佳 | E31: 2026-01-22 17:24:06 | F31: 2026-01-22 17:24:06 | G31: 80 | H31: 80 | I31: 2026-03-29 14:56:38 | J31: 603 | K31: 697 | L31: 283 | M31: 27948 | N31: 22440 | O31: 9 | P31: 4 | Q31: 6500 | R31: 1 | S31: 1 | T31: 600 | U31: 7100 | V31: =IF(OR(I31="",说明首页!$C$3-INT(I31)>7),"是","否") -> 是 | W31: =IF(OR(O31="",O31<22),"是","否") -> 是 | X31: =IF(AND(V31="否",W31="否"),"是","否") -> 否 | Y31: =IF(OR(I31="",说明首页!$C$3-INT(I31)>=3),"是","否") -> 是 | Z31: =IF(L31>0,N31/L31,0) -> 79.293286 | AA31: =IF(J31>0,P31/J31*100,0) -> 0.66334992 | AB31: =IF(AND(P31<>"",P31>0),Q31/P31,0) -> 1625 | AC31: =IF(O31>0,L31/O31,0) -> 31.444444 | AD31: =IF(X31="是",COUNTIFS($X$2:$X$5000,"是",$Z$2:$Z$5000,"<"&Z31)/COUNTIF($X$2:$X$5000,"是")*100,"") | AE31: =IF(X31="是",COUNTIFS($X$2:$X$5000,"是",$AA$2:$AA$5000,"<"&AA31)/COUNTIF($X$2:$X$5000,"是")*100,"") | AF31: =IF(X31="是",COUNTIFS($X$2:$X$5000,"是",$AC$2:$AC$5000,"<"&AC31)/COUNTIF($X$2:$X$5000,"是")*100,"") | AG31: =IF(X31="是",ROUND(AD31*0.3+AE31*0.55+AF31*0.15,2),"") | AH31: =IF(X31="是",COUNTIFS($X$2:$X$5000,"是",$AG$2:$AG$5000,">"&AG31)+1,"") | AI31: =IF(X31<>"是","非参评",IF(AND(AH31<=COUNTIF($X$2:$X$5000,"是")*0.2,AA31>MEDIAN(IF($X$2:$X$5000="是",$AA$2:$AA$5000))),"S",IF(AH31<=COUNTIF($X$2:$X$5000,"是")*0.5,"A",IF(AH31<=COUNTIF($X$2:$X$5000,"是")*0.8,"B","C")))) -> 非参评 | AJ31: =IF(G31="","无数据",IF(G31<30,"MOB1-",IF(G31<90,"MOB1-3",IF(G31<180,"MOB3-6",IF(G31<365,"MOB6-12","MOB12+"))))) -> MOB1-3
A32: 首贷 | B32: 管户金条-伽玛职场 | C32: 796710 | D32: 闫雅婷 | E32: 2025-10-30 10:20:17 | F32: 2025-10-30 10:20:17 | G32: 164 | H32: 164 | I32: 2026-04-11 17:58:18 | J32: 5192 | K32: 5543 | L32: 1995 | M32: 224044 | N32: 169456 | O32: 26 | P32: 43 | Q32: 1117100 | R32: 3 | S32: 4 | T32: 85100 | U32: 1202200 | V32: =IF(OR(I32="",说明首页!$C$3-INT(I32)>7),"是","否") -> 否 | W32: =IF(OR(O32="",O32<22),"是","否") -> 否 | X32: =IF(AND(V32="否",W32="否"),"是","否") -> 是 | Y32: =IF(OR(I32="",说明首页!$C$3-INT(I32)>=3),"是","否") -> 否 | Z32: =IF(L32>0,N32/L32,0) -> 84.940351 | AA32: =IF(J32>0,P32/J32*100,0) -> 0.82819723 | AB32: =IF(AND(P32<>"",P32>0),Q32/P32,0) -> 25979.07 | AC32: =IF(O32>0,L32/O32,0) -> 76.730769 | AD32: =IF(X32="是",COUNTIFS($X$2:$X$5000,"是",$Z$2:$Z$5000,"<"&Z32)/COUNTIF($X$2:$X$5000,"是")*100,"") -> 40.860215 | AE32: =IF(X32="是",COUNTIFS($X$2:$X$5000,"是",$AA$2:$AA$5000,"<"&AA32)/COUNTIF($X$2:$X$5000,"是")*100,"") -> 38.27957 | AF32: =IF(X32="是",COUNTIFS($X$2:$X$5000,"是",$AC$2:$AC$5000,"<"&AC32)/COUNTIF($X$2:$X$5000,"是")*100,"") -> 44.731183 | AG32: =IF(X32="是",ROUND(AD32*0.3+AE32*0.55+AF32*0.15,2),"") -> 40.02 | AH32: =IF(X32="是",COUNTIFS($X$2:$X$5000,"是",$AG$2:$AG$5000,">"&AG32)+1,"") -> 310 | AI32: =IF(X32<>"是","非参评",IF(AND(AH32<=COUNTIF($X$2:$X$5000,"是")*0.2,AA32>MEDIAN(IF($X$2:$X$5000="是",$AA$2:$AA$5000))),"S",IF(AH32<=COUNTIF($X$2:$X$5000,"是")*0.5,"A",IF(AH32<=COUNTIF($X$2:$X$5000,"是")*0.8,"B","C")))) -> B | AJ32: =IF(G32="","无数据",IF(G32<30,"MOB1-",IF(G32<90,"MOB1-3",IF(G32<180,"MOB3-6",IF(G32<365,"MOB6-12","MOB12+"))))) -> MOB3-6
A33: 首贷 | B33: 管户金条-伽玛职场 | C33: 807027 | D33: 孙治坤 | E33: 2026-04-09 10:09:20 | F33: 2026-04-09 10:09:20 | G33: 3 | H33: 3 | I33: 2026-04-10 18:20:27 | J33: 186 | K33: 205 | L33: 112 | M33: 14312 | N33: 12966 | O33: 2 | P33: 1 | Q33: 7800 | R33: 0 | S33: 0 | U33: 7800 | V33: =IF(OR(I33="",说明首页!$C$3-INT(I33)>7),"是","否") -> 否 | W33: =IF(OR(O33="",O33<22),"是","否") -> 是 | X33: =IF(AND(V33="否",W33="否"),"是","否") -> 否 | Y33: =IF(OR(I33="",说明首页!$C$3-INT(I33)>=3),"是","否") -> 否 | Z33: =IF(L33>0,N33/L33,0) -> 115.76786 | AA33: =IF(J33>0,P33/J33*100,0) -> 0.53763441 | AB33: =IF(AND(P33<>"",P33>0),Q33/P33,0) -> 7800 | AC33: =IF(O33>0,L33/O33,0) -> 56 | AD33: =IF(X33="是",COUNTIFS($X$2:$X$5000,"是",$Z$2:$Z$5000,"<"&Z33)/COUNTIF($X$2:$X$5000,"是")*100,"") | AE33: =IF(X33="是",COUNTIFS($X$2:$X$5000,"是",$AA$2:$AA$5000,"<"&AA33)/COUNTIF($X$2:$X$5000,"是")*100,"") | AF33: =IF(X33="是",COUNTIFS($X$2:$X$5000,"是",$AC$2:$AC$5000,"<"&AC33)/COUNTIF($X$2:$X$5000,"是")*100,"") | AG33: =IF(X33="是",ROUND(AD33*0.3+AE33*0.55+AF33*0.15,2),"") | AH33: =IF(X33="是",COUNTIFS($X$2:$X$5000,"是",$AG$2:$AG$5000,">"&AG33)+1,"") | AI33: =IF(X33<>"是","非参评",IF(AND(AH33<=COUNTIF($X$2:$X$5000,"是")*0.2,AA33>MEDIAN(IF($X$2:$X$5000="是",$AA$2:$AA$5000))),"S",IF(AH33<=COUNTIF($X$2:$X$5000,"是")*0.5,"A",IF(AH33<=COUNTIF($X$2:$X$5000,"是")*0.8,"B","C")))) -> 非参评 | AJ33: =IF(G33="","无数据",IF(G33<30,"MOB1-",IF(G33<90,"MOB1-3",IF(G33<180,"MOB3-6",IF(G33<365,"MOB6-12","MOB12+"))))) -> MOB1-
A34: 首贷 | B34: 管户金条-博岳石家庄职场 | C34: 649680 | D34: 郭芳贤 | E34: 2021-04-22 10:15:19 | F34: 2021-04-22 10:15:19 | G34: 1816 | H34: 1816 | I34: 2026-03-26 16:33:36 | J34: 358 | K34: 395 | L34: 158 | M34: 18854 | N34: 15253 | O34: 8 | V34: =IF(OR(I34="",说明首页!$C$3-INT(I34)>7),"是","否") -> 是 | W34: =IF(OR(O34="",O34<22),"是","否") -> 是 | X34: =IF(AND(V34="否",W34="否"),"是","否") -> 否 | Y34: =IF(OR(I34="",说明首页!$C$3-INT(I34)>=3),"是","否") -> 是 | Z34: =IF(L34>0,N34/L34,0) -> 96.537975 | AA34: =IF(J34>0,P34/J34*100,0) -> 0 | AB34: =IF(AND(P34<>"",P34>0),Q34/P34,0) -> 0 | AC34: =IF(O34>0,L34/O34,0) -> 19.75 | AD34: =IF(X34="是",COUNTIFS($X$2:$X$5000,"是",$Z$2:$Z$5000,"<"&Z34)/COUNTIF($X$2:$X$5000,"是")*100,"") | AE34: =IF(X34="是",COUNTIFS($X$2:$X$5000,"是",$AA$2:$AA$5000,"<"&AA34)/COUNTIF($X$2:$X$5000,"是")*100,"") | AF34: =IF(X34="是",COUNTIFS($X$2:$X$5000,"是",$AC$2:$AC$5000,"<"&AC34)/COUNTIF($X$2:$X$5000,"是")*100,"") | AG34: =IF(X34="是",ROUND(AD34*0.3+AE34*0.55+AF34*0.15,2),"") | AH34: =IF(X34="是",COUNTIFS($X$2:$X$5000,"是",$AG$2:$AG$5000,">"&AG34)+1,"") | AI34: =IF(X34<>"是","非参评",IF(AND(AH34<=COUNTIF($X$2:$X$5000,"是")*0.2,AA34>MEDIAN(IF($X$2:$X$5000="是",$AA$2:$AA$5000))),"S",IF(AH34<=COUNTIF($X$2:$X$5000,"是")*0.5,"A",IF(AH34<=COUNTIF($X$2:$X$5000,"是")*0.8,"B","C")))) -> 非参评 | AJ34: =IF(G34="","无数据",IF(G34<30,"MOB1-",IF(G34<90,"MOB1-3",IF(G34<180,"MOB3-6",IF(G34<365,"MOB6-12","MOB12+"))))) -> MOB12+
A35: 首贷 | B35: 管户金条-毛毛虫职场 | C35: 782855 | D35: 欧阳梦婷 | E35: 2025-04-24 15:09:21 | F35: 2025-04-24 15:09:21 | G35: 353 | H35: 353 | J35: 0 | K35: 0 | L35: 0 | V35: =IF(OR(I35="",说明首页!$C$3-INT(I35)>7),"是","否") -> #VALUE! | W35: =IF(OR(O35="",O35<22),"是","否") -> 是 | X35: =IF(AND(V35="否",W35="否"),"是","否") -> #VALUE! | Y35: =IF(OR(I35="",说明首页!$C$3-INT(I35)>=3),"是","否") -> #VALUE! | Z35: =IF(L35>0,N35/L35,0) -> 0 | AA35: =IF(J35>0,P35/J35*100,0) -> 0 | AB35: =IF(AND(P35<>"",P35>0),Q35/P35,0) -> 0 | AC35: =IF(O35>0,L35/O35,0) -> 0 | AD35: =IF(X35="是",COUNTIFS($X$2:$X$5000,"是",$Z$2:$Z$5000,"<"&Z35)/COUNTIF($X$2:$X$5000,"是")*100,"") -> #VALUE! | AE35: =IF(X35="是",COUNTIFS($X$2:$X$5000,"是",$AA$2:$AA$5000,"<"&AA35)/COUNTIF($X$2:$X$5000,"是")*100,"") -> #VALUE! | AF35: =IF(X35="是",COUNTIFS($X$2:$X$5000,"是",$AC$2:$AC$5000,"<"&AC35)/COUNTIF($X$2:$X$5000,"是")*100,"") -> #VALUE! | AG35: =IF(X35="是",ROUND(AD35*0.3+AE35*0.55+AF35*0.15,2),"") -> #VALUE! | AH35: =IF(X35="是",COUNTIFS($X$2:$X$5000,"是",$AG$2:$AG$5000,">"&AG35)+1,"") -> #VALUE! | AI35: =IF(X35<>"是","非参评",IF(AND(AH35<=COUNTIF($X$2:$X$5000,"是")*0.2,AA35>MEDIAN(IF($X$2:$X$5000="是",$AA$2:$AA$5000))),"S",IF(AH35<=COUNTIF($X$2:$X$5000,"是")*0.5,"A",IF(AH35<=COUNTIF($X$2:$X$5000,"是")*0.8,"B","C")))) -> #VALUE! | AJ35: =IF(G35="","无数据",IF(G35<30,"MOB1-",IF(G35<90,"MOB1-3",IF(G35<180,"MOB3-6",IF(G35<365,"MOB6-12","MOB12+"))))) -> MOB6-12
A36: 首贷 | B36: 管户金条-毅航合肥职场 | C36: 731086 | D36: 马媛媛 | E36: 2023-01-05 09:55:45 | F36: 2023-01-05 09:55:45 | G36: 1193 | H36: 1193 | I36: 2026-04-12 12:19:44 | J36: 7358 | K36: 8270 | L36: 2196 | M36: 367186 | N36: 284110 | O36: 29 | P36: 118 | Q36: 6289400 | R36: 3 | S36: 5 | T36: 42500 | U36: 6331900 | V36: =IF(OR(I36="",说明首页!$C$3-INT(I36)>7),"是","否") -> 否 | W36: =IF(OR(O36="",O36<22),"是","否") -> 否 | X36: =IF(AND(V36="否",W36="否"),"是","否") -> 是 | Y36: =IF(OR(I36="",说明首页!$C$3-INT(I36)>=3),"是","否") -> 否 | Z36: =IF(L36>0,N36/L36,0) -> 129.37614 | AA36: =IF(J36>0,P36/J36*100,0) -> 1.6036967 | AB36: =IF(AND(P36<>"",P36>0),Q36/P36,0) -> 53300 | AC36: =IF(O36>0,L36/O36,0) -> 75.724138 | AD36: =IF(X36="是",COUNTIFS($X$2:$X$5000,"是",$Z$2:$Z$5000,"<"&Z36)/COUNTIF($X$2:$X$5000,"是")*100,"") -> 98.494624 | AE36: =IF(X36="是",COUNTIFS($X$2:$X$5000,"是",$AA$2:$AA$5000,"<"&AA36)/COUNTIF($X$2:$X$5000,"是")*100,"") -> 94.408602 | AF36: =IF(X36="是",COUNTIFS($X$2:$X$5000,"是",$AC$2:$AC$5000,"<"&AC36)/COUNTIF($X$2:$X$5000,"是")*100,"") -> 41.505376 | AG36: =IF(X36="是",ROUND(AD36*0.3+AE36*0.55+AF36*0.15,2),"") -> 87.7 | AH36: =IF(X36="是",COUNTIFS($X$2:$X$5000,"是",$AG$2:$AG$5000,">"&AG36)+1,"") -> 6 | AI36: =IF(X36<>"是","非参评",IF(AND(AH36<=COUNTIF($X$2:$X$5000,"是")*0.2,AA36>MEDIAN(IF($X$2:$X$5000="是",$AA$2:$AA$5000))),"S",IF(AH36<=COUNTIF($X$2:$X$5000,"是")*0.5,"A",IF(AH36<=COUNTIF($X$2:$X$5000,"是")*0.8,"B","C")))) -> S | AJ36: =IF(G36="","无数据",IF(G36<30,"MOB1-",IF(G36<90,"MOB1-3",IF(G36<180,"MOB3-6",IF(G36<365,"MOB6-12","MOB12+"))))) -> MOB12+
A37: 首贷 | B37: 管户金条-毛毛虫职场 | C37: 787604 | D37: 张明舟 | E37: 2025-06-25 09:33:33 | F37: 2025-06-25 09:33:33 | G37: 291 | H37: 291 | I37: 2026-03-31 18:54:07 | J37: 2703 | K37: 2998 | L37: 1453 | M37: 145448 | N37: 125159 | O37: 15 | P37: 29 | Q37: 257700 | R37: 1 | S37: 1 | T37: 500 | U37: 258200 | V37: =IF(OR(I37="",说明首页!$C$3-INT(I37)>7),"是","否") -> 是 | W37: =IF(OR(O37="",O37<22),"是","否") -> 是 | X37: =IF(AND(V37="否",W37="否"),"是","否") -> 否 | Y37: =IF(OR(I37="",说明首页!$C$3-INT(I37)>=3),"是","否") -> 是 | Z37: =IF(L37>0,N37/L37,0) -> 86.138334 | AA37: =IF(J37>0,P37/J37*100,0) -> 1.072882 | AB37: =IF(AND(P37<>"",P37>0),Q37/P37,0) -> 8886.2069 | AC37: =IF(O37>0,L37/O37,0) -> 96.866667 | AD37: =IF(X37="是",COUNTIFS($X$2:$X$5000,"是",$Z$2:$Z$5000,"<"&Z37)/COUNTIF($X$2:$X$5000,"是")*100,"") | AE37: =IF(X37="是",COUNTIFS($X$2:$X$5000,"是",$AA$2:$AA$5000,"<"&AA37)/COUNTIF($X$2:$X$5000,"是")*100,"") | AF37: =IF(X37="是",COUNTIFS($X$2:$X$5000,"是",$AC$2:$AC$5000,"<"&AC37)/COUNTIF($X$2:$X$5000,"是")*100,"") | AG37: =IF(X37="是",ROUND(AD37*0.3+AE37*0.55+AF37*0.15,2),"") | AH37: =IF(X37="是",COUNTIFS($X$2:$X$5000,"是",$AG$2:$AG$5000,">"&AG37)+1,"") | AI37: =IF(X37<>"是","非参评",IF(AND(AH37<=COUNTIF($X$2:$X$5000,"是")*0.2,AA37>MEDIAN(IF($X$2:$X$5000="是",$AA$2:$AA$5000))),"S",IF(AH37<=COUNTIF($X$2:$X$5000,"是")*0.5,"A",IF(AH37<=COUNTIF($X$2:$X$5000,"是")*0.8,"B","C")))) -> 非参评 | AJ37: =IF(G37="","无数据",IF(G37<30,"MOB1-",IF(G37<90,"MOB1-3",IF(G37<180,"MOB3-6",IF(G37<365,"MOB6-12","MOB12+"))))) -> MOB6-12
A38: 首贷 | B38: 管户金条-毛毛虫职场 | C38: 802197 | D38: 谢春霞 | E38: 2026-01-30 09:57:29 | F38: 2026-01-30 09:57:29 | G38: 72 | H38: 72 | I38: 2026-04-11 16:27:33 | J38: 4928 | K38: 5760 | L38: 2283 | M38: 225895 | N38: 176789 | O38: 23 | P38: 41 | Q38: 1069600 | R38: 3 | S38: 3 | T38: 40500 | U38: 1110100 | V38: =IF(OR(I38="",说明首页!$C$3-INT(I38)>7),"是","否") -> 否 | W38: =IF(OR(O38="",O38<22),"是","否") -> 否 | X38: =IF(AND(V38="否",W38="否"),"是","否") -> 是 | Y38: =IF(OR(I38="",说明首页!$C$3-INT(I38)>=3),"是","否") -> 否 | Z38: =IF(L38>0,N38/L38,0) -> 77.437144 | AA38: =IF(J38>0,P38/J38*100,0) -> 0.83198052 | AB38: =IF(AND(P38<>"",P38>0),Q38/P38,0) -> 26087.805 | AC38: =IF(O38>0,L38/O38,0) -> 99.26087 | AD38: =IF(X38="是",COUNTIFS($X$2:$X$5000,"是",$Z$2:$Z$5000,"<"&Z38)/COUNTIF($X$2:$X$5000,"是")*100,"") -> 22.795699 | AE38: =IF(X38="是",COUNTIFS($X$2:$X$5000,"是",$AA$2:$AA$5000,"<"&AA38)/COUNTIF($X$2:$X$5000,"是")*100,"") -> 38.924731 | AF38: =IF(X38="是",COUNTIFS($X$2:$X$5000,"是",$AC$2:$AC$5000,"<"&AC38)/COUNTIF($X$2:$X$5000,"是")*100,"") -> 95.268817 | AG38: =IF(X38="是",ROUND(AD38*0.3+AE38*0.55+AF38*0.15,2),"") -> 42.54 | AH38: =IF(X38="是",COUNTIFS($X$2:$X$5000,"是",$AG$2:$AG$5000,">"&AG38)+1,"") -> 291 | AI38: =IF(X38<>"是","非参评",IF(AND(AH38<=COUNTIF($X$2:$X$5000,"是")*0.2,AA38>MEDIAN(IF($X$2:$X$5000="是",$AA$2:$AA$5000))),"S",IF(AH38<=COUNTIF($X$2:$X$5000,"是")*0.5,"A",IF(AH38<=COUNTIF($X$2:$X$5000,"是")*0.8,"B","C")))) -> B | AJ38: =IF(G38="","无数据",IF(G38<30,"MOB1-",IF(G38<90,"MOB1-3",IF(G38<180,"MOB3-6",IF(G38<365,"MOB6-12","MOB12+"))))) -> MOB1-3
A39: 首贷 | B39: 管户金条-广达陕西职场 | C39: 716962 | D39: 郝千一 | E39: 2024-05-10 10:19:14 | F39: 2024-05-10 10:19:14 | G39: 702 | H39: 702 | I39: 2026-04-07 11:39:11 | J39: 195 | K39: 197 | L39: 77 | M39: 7778 | N39: 6261 | O39: 2 | P39: 1 | Q39: 3000 | R39: 1 | S39: 1 | T39: 33000 | U39: 36000 | V39: =IF(OR(I39="",说明首页!$C$3-INT(I39)>7),"是","否") -> 否 | W39: =IF(OR(O39="",O39<22),"是","否") -> 是 | X39: =IF(AND(V39="否",W39="否"),"是","否") -> 否 | Y39: =IF(OR(I39="",说明首页!$C$3-INT(I39)>=3),"是","否") -> 是 | Z39: =IF(L39>0,N39/L39,0) -> 81.311688 | AA39: =IF(J39>0,P39/J39*100,0) -> 0.51282051 | AB39: =IF(AND(P39<>"",P39>0),Q39/P39,0) -> 3000 | AC39: =IF(O39>0,L39/O39,0) -> 38.5 | AD39: =IF(X39="是",COUNTIFS($X$2:$X$5000,"是",$Z$2:$Z$5000,"<"&Z39)/COUNTIF($X$2:$X$5000,"是")*100,"") | AE39: =IF(X39="是",COUNTIFS($X$2:$X$5000,"是",$AA$2:$AA$5000,"<"&AA39)/COUNTIF($X$2:$X$5000,"是")*100,"") | AF39: =IF(X39="是",COUNTIFS($X$2:$X$5000,"是",$AC$2:$AC$5000,"<"&AC39)/COUNTIF($X$2:$X$5000,"是")*100,"") | AG39: =IF(X39="是",ROUND(AD39*0.3+AE39*0.55+AF39*0.15,2),"") | AH39: =IF(X39="是",COUNTIFS($X$2:$X$5000,"是",$AG$2:$AG$5000,">"&AG39)+1,"") | AI39: =IF(X39<>"是","非参评",IF(AND(AH39<=COUNTIF($X$2:$X$5000,"是")*0.2,AA39>MEDIAN(IF($X$2:$X$5000="是",$AA$2:$AA$5000))),"S",IF(AH39<=COUNTIF($X$2:$X$5000,"是")*0.5,"A",IF(AH39<=COUNTIF($X$2:$X$5000,"是")*0.8,"B","C")))) -> 非参评 | AJ39: =IF(G39="","无数据",IF(G39<30,"MOB1-",IF(G39<90,"MOB1-3",IF(G39<180,"MOB3-6",IF(G39<365,"MOB6-12","MOB12+"))))) -> MOB12+
A40: 首贷 | B40: 管户金条-毅航合肥职场 | C40: 804259 | D40: 赵梦晴 | E40: 2026-03-17 10:46:19 | F40: 2026-03-17 10:46:19 | G40: 26 | H40: 26 | I40: 2026-04-12 12:00:55 | J40: 2941 | K40: 3106 | L40: 1228 | M40: 120266 | N40: 95339 | O40: 20 | P40: 12 | Q40: 120200 | R40: 1 | S40: 1 | T40: 90000 | U40: 210200 | V40: =IF(OR(I40="",说明首页!$C$3-INT(I40)>7),"是","否") -> 否 | W40: =IF(OR(O40="",O40<22),"是","否") -> 是 | X40: =IF(AND(V40="否",W40="否"),"是","否") -> 否 | Y40: =IF(OR(I40="",说明首页!$C$3-INT(I40)>=3),"是","否") -> 否 | Z40: =IF(L40>0,N40/L40,0) -> 77.637622 | AA40: =IF(J40>0,P40/J40*100,0) -> 0.40802448 | AB40: =IF(AND(P40<>"",P40>0),Q40/P40,0) -> 10016.667 | AC40: =IF(O40>0,L40/O40,0) -> 61.4 | AD40: =IF(X40="是",COUNTIFS($X$2:$X$5000,"是",$Z$2:$Z$5000,"<"&Z40)/COUNTIF($X$2:$X$5000,"是")*100,"") | AE40: =IF(X40="是",COUNTIFS($X$2:$X$5000,"是",$AA$2:$AA$5000,"<"&AA40)/COUNTIF($X$2:$X$5000,"是")*100,"") | AF40: =IF(X40="是",COUNTIFS($X$2:$X$5000,"是",$AC$2:$AC$5000,"<"&AC40)/COUNTIF($X$2:$X$5000,"是")*100,"") | AG40: =IF(X40="是",ROUND(AD40*0.3+AE40*0.55+AF40*0.15,2),"") | AH40: =IF(X40="是",COUNTIFS($X$2:$X$5000,"是",$AG$2:$AG$5000,">"&AG40)+1,"") | AI40: =IF(X40<>"是","非参评",IF(AND(AH40<=COUNTIF($X$2:$X$5000,"是")*0.2,AA40>MEDIAN(IF($X$2:$X$5000="是",$AA$2:$AA$5000))),"S",IF(AH40<=COUNTIF($X$2:$X$5000,"是")*0.5,"A",IF(AH40<=COUNTIF($X$2:$X$5000,"是")*0.8,"B","C")))) -> 非参评 | AJ40: =IF(G40="","无数据",IF(G40<30,"MOB1-",IF(G40<90,"MOB1-3",IF(G40<180,"MOB3-6",IF(G40<365,"MOB6-12","MOB12+"))))) -> MOB1-
A41: 首贷 | B41: 管户金条-赛维斯职场 | C41: 803734 | D41: 陈丹敬 | E41: 2026-03-11 10:49:09 | F41: 2026-03-11 10:49:09 | G41: 32 | H41: 32 | I41: 2026-03-27 20:15:24 | J41: 2031 | K41: 2253 | L41: 951 | M41: 92554 | N41: 73375 | O41: 10 | P41: 15 | Q41: 466200 | R41: 0 | S41: 0 | U41: 466200 | V41: =IF(OR(I41="",说明首页!$C$3-INT(I41)>7),"是","否") -> 是 | W41: =IF(OR(O41="",O41<22),"是","否") -> 是 | X41: =IF(AND(V41="否",W41="否"),"是","否") -> 否 | Y41: =IF(OR(I41="",说明首页!$C$3-INT(I41)>=3),"是","否") -> 是 | Z41: =IF(L41>0,N41/L41,0) -> 77.155626 | AA41: =IF(J41>0,P41/J41*100,0) -> 0.73855244 | AB41: =IF(AND(P41<>"",P41>0),Q41/P41,0) -> 31080 | AC41: =IF(O41>0,L41/O41,0) -> 95.1 | AD41: =IF(X41="是",COUNTIFS($X$2:$X$5000,"是",$Z$2:$Z$5000,"<"&Z41)/COUNTIF($X$2:$X$5000,"是")*100,"") | AE41: =IF(X41="是",COUNTIFS($X$2:$X$5000,"是",$AA$2:$AA$5000,"<"&AA41)/COUNTIF($X$2:$X$5000,"是")*100,"") | AF41: =IF(X41="是",COUNTIFS($X$2:$X$5000,"是",$AC$2:$AC$5000,"<"&AC41)/COUNTIF($X$2:$X$5000,"是")*100,"") | AG41: =IF(X41="是",ROUND(AD41*0.3+AE41*0.55+AF41*0.15,2),"") | AH41: =IF(X41="是",COUNTIFS($X$2:$X$5000,"是",$AG$2:$AG$5000,">"&AG41)+1,"") | AI41: =IF(X41<>"是","非参评",IF(AND(AH41<=COUNTIF($X$2:$X$5000,"是")*0.2,AA41>MEDIAN(IF($X$2:$X$5000="是",$AA$2:$AA$5000))),"S",IF(AH41<=COUNTIF($X$2:$X$5000,"是")*0.5,"A",IF(AH41<=COUNTIF($X$2:$X$5000,"是")*0.8,"B","C")))) -> 非参评 | AJ41: =IF(G41="","无数据",IF(G41<30,"MOB1-",IF(G41<90,"MOB1-3",IF(G41<180,"MOB3-6",IF(G41<365,"MOB6-12","MOB12+"))))) -> MOB1-3
A42: 首贷 | B42: 管户金条-华啸职场 | C42: 800820 | D42: 肖全香 | E42: 2026-01-07 10:09:55 | F42: 2026-01-07 10:09:55 | G42: 95 | H42: 95 | I42: 2026-04-10 12:24:20 | J42: 234 | K42: 295 | L42: 83 | M42: 10249 | N42: 7066 | O42: 2 | V42: =IF(OR(I42="",说明首页!$C$3-INT(I42)>7),"是","否") -> 否 | W42: =IF(OR(O42="",O42<22),"是","否") -> 是 | X42: =IF(AND(V42="否",W42="否"),"是","否") -> 否 | Y42: =IF(OR(I42="",说明首页!$C$3-INT(I42)>=3),"是","否") -> 否 | Z42: =IF(L42>0,N42/L42,0) -> 85.13253 | AA42: =IF(J42>0,P42/J42*100,0) -> 0 | AB42: =IF(AND(P42<>"",P42>0),Q42/P42,0) -> 0 | AC42: =IF(O42>0,L42/O42,0) -> 41.5 | AD42: =IF(X42="是",COUNTIFS($X$2:$X$5000,"是",$Z$2:$Z$5000,"<"&Z42)/COUNTIF($X$2:$X$5000,"是")*100,"") | AE42: =IF(X42="是",COUNTIFS($X$2:$X$5000,"是",$AA$2:$AA$5000,"<"&AA42)/COUNTIF($X$2:$X$5000,"是")*100,"") | AF42: =IF(X42="是",COUNTIFS($X$2:$X$5000,"是",$AC$2:$AC$5000,"<"&AC42)/COUNTIF($X$2:$X$5000,"是")*100,"") | AG42: =IF(X42="是",ROUND(AD42*0.3+AE42*0.55+AF42*0.15,2),"") | AH42: =IF(X42="是",COUNTIFS($X$2:$X$5000,"是",$AG$2:$AG$5000,">"&AG42)+1,"") | AI42: =IF(X42<>"是","非参评",IF(AND(AH42<=COUNTIF($X$2:$X$5000,"是")*0.2,AA42>MEDIAN(IF($X$2:$X$5000="是",$AA$2:$AA$5000))),"S",IF(AH42<=COUNTIF($X$2:$X$5000,"是")*0.5,"A",IF(AH42<=COUNTIF($X$2:$X$5000,"是")*0.8,"B","C")))) -> 非参评 | AJ42: =IF(G42="","无数据",IF(G42<30,"MOB1-",IF(G42<90,"MOB1-3",IF(G42<180,"MOB3-6",IF(G42<365,"MOB6-12","MOB12+"))))) -> MOB3-6
A43: 首贷 | B43: 管户金条-毅航合肥职场 | C43: 803603 | D43: 张雨欣 | E43: 2026-03-09 14:03:58 | F43: 2026-03-09 14:03:58 | G43: 34 | H43: 34 | I43: 2026-04-03 17:49:33 | J43: 355 | K43: 355 | L43: 165 | M43: 15389 | N43: 12422 | O43: 5 | P43: 3 | Q43: 11400 | R43: 0 | S43: 0 | U43: 11400 | V43: =IF(OR(I43="",说明首页!$C$3-INT(I43)>7),"是","否") -> 是 | W43: =IF(OR(O43="",O43<22),"是","否") -> 是 | X43: =IF(AND(V43="否",W43="否"),"是","否") -> 否 | Y43: =IF(OR(I43="",说明首页!$C$3-INT(I43)>=3),"是","否") -> 是 | Z43: =IF(L43>0,N43/L43,0) -> 75.284848 | AA43: =IF(J43>0,P43/J43*100,0) -> 0.84507042 | AB43: =IF(AND(P43<>"",P43>0),Q43/P43,0) -> 3800 | AC43: =IF(O43>0,L43/O43,0) -> 33 | AD43: =IF(X43="是",COUNTIFS($X$2:$X$5000,"是",$Z$2:$Z$5000,"<"&Z43)/COUNTIF($X$2:$X$5000,"是")*100,"") | AE43: =IF(X43="是",COUNTIFS($X$2:$X$5000,"是",$AA$2:$AA$5000,"<"&AA43)/COUNTIF($X$2:$X$5000,"是")*100,"") | AF43: =IF(X43="是",COUNTIFS($X$2:$X$5000,"是",$AC$2:$AC$5000,"<"&AC43)/COUNTIF($X$2:$X$5000,"是")*100,"") | AG43: =IF(X43="是",ROUND(AD43*0.3+AE43*0.55+AF43*0.15,2),"") | AH43: =IF(X43="是",COUNTIFS($X$2:$X$5000,"是",$AG$2:$AG$5000,">"&AG43)+1,"") | AI43: =IF(X43<>"是","非参评",IF(AND(AH43<=COUNTIF($X$2:$X$5000,"是")*0.2,AA43>MEDIAN(IF($X$2:$X$5000="是",$AA$2:$AA$5000))),"S",IF(AH43<=COUNTIF($X$2:$X$5000,"是")*0.5,"A",IF(AH43<=COUNTIF($X$2:$X$5000,"是")*0.8,"B","C")))) -> 非参评 | AJ43: =IF(G43="","无数据",IF(G43<30,"MOB1-",IF(G43<90,"MOB1-3",IF(G43<180,"MOB3-6",IF(G43<365,"MOB6-12","MOB12+"))))) -> MOB1-3
A44: 首贷 | B44: 管户金条-毅航合肥职场 | C44: 777813 | D44: 肖便莉 | E44: 2025-02-13 14:13:31 | F44: 2025-02-13 14:13:31 | G44: 423 | H44: 423 | I44: 2026-04-03 18:25:39 | J44: 466 | K44: 476 | L44: 196 | M44: 19480 | N44: 15644 | O44: 7 | P44: 1 | Q44: 55500 | R44: 0 | S44: 0 | U44: 55500 | V44: =IF(OR(I44="",说明首页!$C$3-INT(I44)>7),"是","否") -> 是 | W44: =IF(OR(O44="",O44<22),"是","否") -> 是 | X44: =IF(AND(V44="否",W44="否"),"是","否") -> 否 | Y44: =IF(OR(I44="",说明首页!$C$3-INT(I44)>=3),"是","否") -> 是 | Z44: =IF(L44>0,N44/L44,0) -> 79.816327 | AA44: =IF(J44>0,P44/J44*100,0) -> 0.21459227 | AB44: =IF(AND(P44<>"",P44>0),Q44/P44,0) -> 55500 | AC44: =IF(O44>0,L44/O44,0) -> 28 | AD44: =IF(X44="是",COUNTIFS($X$2:$X$5000,"是",$Z$2:$Z$5000,"<"&Z44)/COUNTIF($X$2:$X$5000,"是")*100,"") | AE44: =IF(X44="是",COUNTIFS($X$2:$X$5000,"是",$AA$2:$AA$5000,"<"&AA44)/COUNTIF($X$2:$X$5000,"是")*100,"") | AF44: =IF(X44="是",COUNTIFS($X$2:$X$5000,"是",$AC$2:$AC$5000,"<"&AC44)/COUNTIF($X$2:$X$5000,"是")*100,"") | AG44: =IF(X44="是",ROUND(AD44*0.3+AE44*0.55+AF44*0.15,2),"") | AH44: =IF(X44="是",COUNTIFS($X$2:$X$5000,"是",$AG$2:$AG$5000,">"&AG44)+1,"") | AI44: =IF(X44<>"是","非参评",IF(AND(AH44<=COUNTIF($X$2:$X$5000,"是")*0.2,AA44>MEDIAN(IF($X$2:$X$5000="是",$AA$2:$AA$5000))),"S",IF(AH44<=COUNTIF($X$2:$X$5000,"是")*0.5,"A",IF(AH44<=COUNTIF($X$2:$X$5000,"是")*0.8,"B","C")))) -> 非参评 | AJ44: =IF(G44="","无数据",IF(G44<30,"MOB1-",IF(G44<90,"MOB1-3",IF(G44<180,"MOB3-6",IF(G44<365,"MOB6-12","MOB12+"))))) -> MOB12+
A45: 首贷 | B45: 管户金条-广达陕西职场 | C45: 669265 | D45: 潘长慧 | E45: 2021-08-12 09:42:02 | F45: 2021-08-12 09:42:02 | G45: 1704 | H45: 1704 | I45: 2026-04-12 18:59:07 | J45: 1129 | K45: 1476 | L45: 674 | M45: 75196 | N45: 62196 | O45: 10 | P45: 6 | Q45: 151800 | R45: 0 | S45: 0 | U45: 151800 | V45: =IF(OR(I45="",说明首页!$C$3-INT(I45)>7),"是","否") -> 否 | W45: =IF(OR(O45="",O45<22),"是","否") -> 是 | X45: =IF(AND(V45="否",W45="否"),"是","否") -> 否 | Y45: =IF(OR(I45="",说明首页!$C$3-INT(I45)>=3),"是","否") -> 否 | Z45: =IF(L45>0,N45/L45,0) -> 92.278932 | AA45: =IF(J45>0,P45/J45*100,0) -> 0.53144376 | AB45: =IF(AND(P45<>"",P45>0),Q45/P45,0) -> 25300 | AC45: =IF(O45>0,L45/O45,0) -> 67.4 | AD45: =IF(X45="是",COUNTIFS($X$2:$X$5000,"是",$Z$2:$Z$5000,"<"&Z45)/COUNTIF($X$2:$X$5000,"是")*100,"") | AE45: =IF(X45="是",COUNTIFS($X$2:$X$5000,"是",$AA$2:$AA$5000,"<"&AA45)/COUNTIF($X$2:$X$5000,"是")*100,"") | AF45: =IF(X45="是",COUNTIFS($X$2:$X$5000,"是",$AC$2:$AC$5000,"<"&AC45)/COUNTIF($X$2:$X$5000,"是")*100,"") | AG45: =IF(X45="是",ROUND(AD45*0.3+AE45*0.55+AF45*0.15,2),"") | AH45: =IF(X45="是",COUNTIFS($X$2:$X$5000,"是",$AG$2:$AG$5000,">"&AG45)+1,"") | AI45: =IF(X45<>"是","非参评",IF(AND(AH45<=COUNTIF($X$2:$X$5000,"是")*0.2,AA45>MEDIAN(IF($X$2:$X$5000="是",$AA$2:$AA$5000))),"S",IF(AH45<=COUNTIF($X$2:$X$5000,"是")*0.5,"A",IF(AH45<=COUNTIF($X$2:$X$5000,"是")*0.8,"B","C")))) -> 非参评 | AJ45: =IF(G45="","无数据",IF(G45<30,"MOB1-",IF(G45<90,"MOB1-3",IF(G45<180,"MOB3-6",IF(G45<365,"MOB6-12","MOB12+"))))) -> MOB12+
A46: 首贷 | B46: 管户金条-伽玛职场 | C46: 794464 | D46: 陈翠 | E46: 2025-09-25 17:30:42 | F46: 2025-09-25 17:30:42 | G46: 199 | H46: 199 | I46: 2026-04-11 19:43:57 | J46: 4724 | K46: 5327 | L46: 1889 | M46: 231132 | N46: 183418 | O46: 23 | P46: 23 | Q46: 497000 | R46: 0 | S46: 0 | U46: 497000 | V46: =IF(OR(I46="",说明首页!$C$3-INT(I46)>7),"是","否") -> 否 | W46: =IF(OR(O46="",O46<22),"是","否") -> 否 | X46: =IF(AND(V46="否",W46="否"),"是","否") -> 是 | Y46: =IF(OR(I46="",说明首页!$C$3-INT(I46)>=3),"是","否") -> 否 | Z46: =IF(L46>0,N46/L46,0) -> 97.097935 | AA46: =IF(J46>0,P46/J46*100,0) -> 0.48687553 | AB46: =IF(AND(P46<>"",P46>0),Q46/P46,0) -> 21608.696 | AC46: =IF(O46>0,L46/O46,0) -> 82.130435 | AD46: =IF(X46="是",COUNTIFS($X$2:$X$5000,"是",$Z$2:$Z$5000,"<"&Z46)/COUNTIF($X$2:$X$5000,"是")*100,"") -> 73.978495 | AE46: =IF(X46="是",COUNTIFS($X$2:$X$5000,"是",$AA$2:$AA$5000,"<"&AA46)/COUNTIF($X$2:$X$5000,"是")*100,"") -> 5.1612903 | AF46: =IF(X46="是",COUNTIFS($X$2:$X$5000,"是",$AC$2:$AC$5000,"<"&AC46)/COUNTIF($X$2:$X$5000,"是")*100,"") -> 62.795699 | AG46: =IF(X46="是",ROUND(AD46*0.3+AE46*0.55+AF46*0.15,2),"") -> 34.45 | AH46: =IF(X46="是",COUNTIFS($X$2:$X$5000,"是",$AG$2:$AG$5000,">"&AG46)+1,"") -> 335 | AI46: =IF(X46<>"是","非参评",IF(AND(AH46<=COUNTIF($X$2:$X$5000,"是")*0.2,AA46>MEDIAN(IF($X$2:$X$5000="是",$AA$2:$AA$5000))),"S",IF(AH46<=COUNTIF($X$2:$X$5000,"是")*0.5,"A",IF(AH46<=COUNTIF($X$2:$X$5000,"是")*0.8,"B","C")))) -> B | AJ46: =IF(G46="","无数据",IF(G46<30,"MOB1-",IF(G46<90,"MOB1-3",IF(G46<180,"MOB3-6",IF(G46<365,"MOB6-12","MOB12+"))))) -> MOB6-12
A47: 首贷 | B47: 管户金条-汇讯职场 | C47: 806905 | D47: 王涛 | E47: 2026-04-02 14:34:44 | F47: 2026-04-02 14:34:44 | G47: 10 | H47: 10 | I47: 2026-04-02 16:22:35 | J47: 40 | K47: 40 | L47: 11 | M47: 1302 | N47: 846 | V47: =IF(OR(I47="",说明首页!$C$3-INT(I47)>7),"是","否") -> 是 | W47: =IF(OR(O47="",O47<22),"是","否") -> 是 | X47: =IF(AND(V47="否",W47="否"),"是","否") -> 否 | Y47: =IF(OR(I47="",说明首页!$C$3-INT(I47)>=3),"是","否") -> 是 | Z47: =IF(L47>0,N47/L47,0) -> 76.909091 | AA47: =IF(J47>0,P47/J47*100,0) -> 0 | AB47: =IF(AND(P47<>"",P47>0),Q47/P47,0) -> 0 | AC47: =IF(O47>0,L47/O47,0) -> 0 | AD47: =IF(X47="是",COUNTIFS($X$2:$X$5000,"是",$Z$2:$Z$5000,"<"&Z47)/COUNTIF($X$2:$X$5000,"是")*100,"") | AE47: =IF(X47="是",COUNTIFS($X$2:$X$5000,"是",$AA$2:$AA$5000,"<"&AA47)/COUNTIF($X$2:$X$5000,"是")*100,"") | AF47: =IF(X47="是",COUNTIFS($X$2:$X$5000,"是",$AC$2:$AC$5000,"<"&AC47)/COUNTIF($X$2:$X$5000,"是")*100,"") | AG47: =IF(X47="是",ROUND(AD47*0.3+AE47*0.55+AF47*0.15,2),"") | AH47: =IF(X47="是",COUNTIFS($X$2:$X$5000,"是",$AG$2:$AG$5000,">"&AG47)+1,"") | AI47: =IF(X47<>"是","非参评",IF(AND(AH47<=COUNTIF($X$2:$X$5000,"是")*0.2,AA47>MEDIAN(IF($X$2:$X$5000="是",$AA$2:$AA$5000))),"S",IF(AH47<=COUNTIF($X$2:$X$5000,"是")*0.5,"A",IF(AH47<=COUNTIF($X$2:$X$5000,"是")*0.8,"B","C")))) -> 非参评 | AJ47: =IF(G47="","无数据",IF(G47<30,"MOB1-",IF(G47<90,"MOB1-3",IF(G47<180,"MOB3-6",IF(G47<365,"MOB6-12","MOB12+"))))) -> MOB1-
A48: 首贷 | B48: 管户金条-毛毛虫职场 | C48: 792879 | D48: 胡娟 | E48: 2025-09-17 09:49:38 | F48: 2025-09-17 09:49:38 | G48: 207 | H48: 207 | I48: 2026-04-12 20:31:45 | J48: 5482 | K48: 6781 | L48: 2311 | M48: 287953 | N48: 217533 | O48: 27 | P48: 100 | Q48: 4923600 | R48: 4 | S48: 5 | T48: 32000 | U48: 4955600 | V48: =IF(OR(I48="",说明首页!$C$3-INT(I48)>7),"是","否") -> 否 | W48: =IF(OR(O48="",O48<22),"是","否") -> 否 | X48: =IF(AND(V48="否",W48="否"),"是","否") -> 是 | Y48: =IF(OR(I48="",说明首页!$C$3-INT(I48)>=3),"是","否") -> 否 | Z48: =IF(L48>0,N48/L48,0) -> 94.129381 | AA48: =IF(J48>0,P48/J48*100,0) -> 1.8241518 | AB48: =IF(AND(P48<>"",P48>0),Q48/P48,0) -> 49236 | AC48: =IF(O48>0,L48/O48,0) -> 85.592593 | AD48: =IF(X48="是",COUNTIFS($X$2:$X$5000,"是",$Z$2:$Z$5000,"<"&Z48)/COUNTIF($X$2:$X$5000,"是")*100,"") -> 67.096774 | AE48: =IF(X48="是",COUNTIFS($X$2:$X$5000,"是",$AA$2:$AA$5000,"<"&AA48)/COUNTIF($X$2:$X$5000,"是")*100,"") -> 96.989247 | AF48: =IF(X48="是",COUNTIFS($X$2:$X$5000,"是",$AC$2:$AC$5000,"<"&AC48)/COUNTIF($X$2:$X$5000,"是")*100,"") -> 71.397849 | AG48: =IF(X48="是",ROUND(AD48*0.3+AE48*0.55+AF48*0.15,2),"") -> 84.18 | AH48: =IF(X48="是",COUNTIFS($X$2:$X$5000,"是",$AG$2:$AG$5000,">"&AG48)+1,"") -> 19 | AI48: =IF(X48<>"是","非参评",IF(AND(AH48<=COUNTIF($X$2:$X$5000,"是")*0.2,AA48>MEDIAN(IF($X$2:$X$5000="是",$AA$2:$AA$5000))),"S",IF(AH48<=COUNTIF($X$2:$X$5000,"是")*0.5,"A",IF(AH48<=COUNTIF($X$2:$X$5000,"是")*0.8,"B","C")))) -> S | AJ48: =IF(G48="","无数据",IF(G48<30,"MOB1-",IF(G48<90,"MOB1-3",IF(G48<180,"MOB3-6",IF(G48<365,"MOB6-12","MOB12+"))))) -> MOB6-12
A49: 首贷 | B49: 管户金条-汇讯职场 | C49: 803428 | D49: 周琼瑶 | E49: 2026-03-06 10:35:50 | F49: 2026-03-06 10:35:50 | G49: 37 | H49: 37 | I49: 2026-04-10 19:08:54 | J49: 3888 | K49: 4263 | L49: 1712 | M49: 202443 | N49: 166407 | O49: 22 | P49: 18 | Q49: 233200 | R49: 0 | S49: 0 | U49: 233200 | V49: =IF(OR(I49="",说明首页!$C$3-INT(I49)>7),"是","否") -> 否 | W49: =IF(OR(O49="",O49<22),"是","否") -> 否 | X49: =IF(AND(V49="否",W49="否"),"是","否") -> 是 | Y49: =IF(OR(I49="",说明首页!$C$3-INT(I49)>=3),"是","否") -> 否 | Z49: =IF(L49>0,N49/L49,0) -> 97.20035 | AA49: =IF(J49>0,P49/J49*100,0) -> 0.46296296 | AB49: =IF(AND(P49<>"",P49>0),Q49/P49,0) -> 12955.556 | AC49: =IF(O49>0,L49/O49,0) -> 77.818182 | AD49: =IF(X49="是",COUNTIFS($X$2:$X$5000,"是",$Z$2:$Z$5000,"<"&Z49)/COUNTIF($X$2:$X$5000,"是")*100,"") -> 74.408602 | AE49: =IF(X49="是",COUNTIFS($X$2:$X$5000,"是",$AA$2:$AA$5000,"<"&AA49)/COUNTIF($X$2:$X$5000,"是")*100,"") -> 3.8709677 | AF49: =IF(X49="是",COUNTIFS($X$2:$X$5000,"是",$AC$2:$AC$5000,"<"&AC49)/COUNTIF($X$2:$X$5000,"是")*100,"") -> 50.322581 | AG49: =IF(X49="是",ROUND(AD49*0.3+AE49*0.55+AF49*0.15,2),"") -> 32 | AH49: =IF(X49="是",COUNTIFS($X$2:$X$5000,"是",$AG$2:$AG$5000,">"&AG49)+1,"") -> 361 | AI49: =IF(X49<>"是","非参评",IF(AND(AH49<=COUNTIF($X$2:$X$5000,"是")*0.2,AA49>MEDIAN(IF($X$2:$X$5000="是",$AA$2:$AA$5000))),"S",IF(AH49<=COUNTIF($X$2:$X$5000,"是")*0.5,"A",IF(AH49<=COUNTIF($X$2:$X$5000,"是")*0.8,"B","C")))) -> B | AJ49: =IF(G49="","无数据",IF(G49<30,"MOB1-",IF(G49<90,"MOB1-3",IF(G49<180,"MOB3-6",IF(G49<365,"MOB6-12","MOB12+"))))) -> MOB1-3
A50: 首贷 | B50: 管户金条-赛维斯职场 | C50: 804561 | D50: 马龙姣 | E50: 2026-03-19 11:00:35 | F50: 2026-03-19 11:00:35 | G50: 24 | H50: 24 | I50: 2026-04-11 18:12:44 | J50: 1865 | K50: 2108 | L50: 847 | M50: 84926 | N50: 66828 | O50: 13 | P50: 11 | Q50: 75800 | R50: 0 | S50: 0 | U50: 75800 | V50: =IF(OR(I50="",说明首页!$C$3-INT(I50)>7),"是","否") -> 否 | W50: =IF(OR(O50="",O50<22),"是","否") -> 是 | X50: =IF(AND(V50="否",W50="否"),"是","否") -> 否 | Y50: =IF(OR(I50="",说明首页!$C$3-INT(I50)>=3),"是","否") -> 否 | Z50: =IF(L50>0,N50/L50,0) -> 78.899646 | AA50: =IF(J50>0,P50/J50*100,0) -> 0.58981233 | AB50: =IF(AND(P50<>"",P50>0),Q50/P50,0) -> 6890.9091 | AC50: =IF(O50>0,L50/O50,0) -> 65.153846 | AD50: =IF(X50="是",COUNTIFS($X$2:$X$5000,"是",$Z$2:$Z$5000,"<"&Z50)/COUNTIF($X$2:$X$5000,"是")*100,"") | AE50: =IF(X50="是",COUNTIFS($X$2:$X$5000,"是",$AA$2:$AA$5000,"<"&AA50)/COUNTIF($X$2:$X$5000,"是")*100,"") | AF50: =IF(X50="是",COUNTIFS($X$2:$X$5000,"是",$AC$2:$AC$5000,"<"&AC50)/COUNTIF($X$2:$X$5000,"是")*100,"") | AG50: =IF(X50="是",ROUND(AD50*0.3+AE50*0.55+AF50*0.15,2),"") | AH50: =IF(X50="是",COUNTIFS($X$2:$X$5000,"是",$AG$2:$AG$5000,">"&AG50)+1,"") | AI50: =IF(X50<>"是","非参评",IF(AND(AH50<=COUNTIF($X$2:$X$5000,"是")*0.2,AA50>MEDIAN(IF($X$2:$X$5000="是",$AA$2:$AA$5000))),"S",IF(AH50<=COUNTIF($X$2:$X$5000,"是")*0.5,"A",IF(AH50<=COUNTIF($X$2:$X$5000,"是")*0.8,"B","C")))) -> 非参评 | AJ50: =IF(G50="","无数据",IF(G50<30,"MOB1-",IF(G50<90,"MOB1-3",IF(G50<180,"MOB3-6",IF(G50<365,"MOB6-12","MOB12+"))))) -> MOB1-
A51: 首贷 | B51: 管户金条-汇讯职场 | C51: 805021 | D51: 付敏 | E51: 2026-03-26 17:00:28 | F51: 2026-03-26 17:00:28 | G51: 17 | H51: 17 | I51: 2026-04-12 18:22:18 | J51: 2104 | K51: 2376 | L51: 992 | M51: 100957 | N51: 78739 | O51: 12 | P51: 8 | Q51: 252400 | R51: 0 | S51: 0 | U51: 252400 | V51: =IF(OR(I51="",说明首页!$C$3-INT(I51)>7),"是","否") -> 否 | W51: =IF(OR(O51="",O51<22),"是","否") -> 是 | X51: =IF(AND(V51="否",W51="否"),"是","否") -> 否 | Y51: =IF(OR(I51="",说明首页!$C$3-INT(I51)>=3),"是","否") -> 否 | Z51: =IF(L51>0,N51/L51,0) -> 79.373992 | AA51: =IF(J51>0,P51/J51*100,0) -> 0.38022814 | AB51: =IF(AND(P51<>"",P51>0),Q51/P51,0) -> 31550 | AC51: =IF(O51>0,L51/O51,0) -> 82.666667 | AD51: =IF(X51="是",COUNTIFS($X$2:$X$5000,"是",$Z$2:$Z$5000,"<"&Z51)/COUNTIF($X$2:$X$5000,"是")*100,"") | AE51: =IF(X51="是",COUNTIFS($X$2:$X$5000,"是",$AA$2:$AA$5000,"<"&AA51)/COUNTIF($X$2:$X$5000,"是")*100,"") | AF51: =IF(X51="是",COUNTIFS($X$2:$X$5000,"是",$AC$2:$AC$5000,"<"&AC51)/COUNTIF($X$2:$X$5000,"是")*100,"") | AG51: =IF(X51="是",ROUND(AD51*0.3+AE51*0.55+AF51*0.15,2),"") | AH51: =IF(X51="是",COUNTIFS($X$2:$X$5000,"是",$AG$2:$AG$5000,">"&AG51)+1,"") | AI51: =IF(X51<>"是","非参评",IF(AND(AH51<=COUNTIF($X$2:$X$5000,"是")*0.2,AA51>MEDIAN(IF($X$2:$X$5000="是",$AA$2:$AA$5000))),"S",IF(AH51<=COUNTIF($X$2:$X$5000,"是")*0.5,"A",IF(AH51<=COUNTIF($X$2:$X$5000,"是")*0.8,"B","C")))) -> 非参评 | AJ51: =IF(G51="","无数据",IF(G51<30,"MOB1-",IF(G51<90,"MOB1-3",IF(G51<180,"MOB3-6",IF(G51<365,"MOB6-12","MOB12+"))))) -> MOB1-
A52: 首贷 | B52: 管户金条-毛毛虫职场 | C52: 606240 | D52: 万文娟 | E52: 2022-04-02 09:25:08 | F52: 2022-04-02 09:25:08 | G52: 1471 | H52: 1471 | I52: 2026-04-10 17:48:10 | J52: 3895 | K52: 4208 | L52: 1974 | M52: 210177 | N52: 174693 | O52: 24 | P52: 25 | Q52: 1528000 | R52: 2 | S52: 2 | T52: 1500 | U52: 1529500 | V52: =IF(OR(I52="",说明首页!$C$3-INT(I52)>7),"是","否") -> 否 | W52: =IF(OR(O52="",O52<22),"是","否") -> 否 | X52: =IF(AND(V52="否",W52="否"),"是","否") -> 是 | Y52: =IF(OR(I52="",说明首页!$C$3-INT(I52)>=3),"是","否") -> 否 | Z52: =IF(L52>0,N52/L52,0) -> 88.49696 | AA52: =IF(J52>0,P52/J52*100,0) -> 0.64184852 | AB52: =IF(AND(P52<>"",P52>0),Q52/P52,0) -> 61120 | AC52: =IF(O52>0,L52/O52,0) -> 82.25 | AD52: =IF(X52="是",COUNTIFS($X$2:$X$5000,"是",$Z$2:$Z$5000,"<"&Z52)/COUNTIF($X$2:$X$5000,"是")*100,"") -> 51.827957 | AE52: =IF(X52="是",COUNTIFS($X$2:$X$5000,"是",$AA$2:$AA$5000,"<"&AA52)/COUNTIF($X$2:$X$5000,"是")*100,"") -> 16.344086 | AF52: =IF(X52="是",COUNTIFS($X$2:$X$5000,"是",$AC$2:$AC$5000,"<"&AC52)/COUNTIF($X$2:$X$5000,"是")*100,"") -> 63.225806 | AG52: =IF(X52="是",ROUND(AD52*0.3+AE52*0.55+AF52*0.15,2),"") -> 34.02 | AH52: =IF(X52="是",COUNTIFS($X$2:$X$5000,"是",$AG$2:$AG$5000,">"&AG52)+1,"") -> 347 | AI52: =IF(X52<>"是","非参评",IF(AND(AH52<=COUNTIF($X$2:$X$5000,"是")*0.2,AA52>MEDIAN(IF($X$2:$X$5000="是",$AA$2:$AA$5000))),"S",IF(AH52<=COUNTIF($X$2:$X$5000,"是")*0.5,"A",IF(AH52<=COUNTIF($X$2:$X$5000,"是")*0.8,"B","C")))) -> B | AJ52: =IF(G52="","无数据",IF(G52<30,"MOB1-",IF(G52<90,"MOB1-3",IF(G52<180,"MOB3-6",IF(G52<365,"MOB6-12","MOB12+"))))) -> MOB12+
A53: 首贷 | B53: 管户金条-伽玛职场 | C53: 803994 | D53: 马雨慧 | E53: 2026-03-12 10:20:21 | F53: 2026-03-12 10:20:21 | G53: 31 | H53: 31 | I53: 2026-04-11 18:27:49 | J53: 4958 | K53: 5482 | L53: 1999 | M53: 201844 | N53: 154147 | O53: 24 | P53: 26 | Q53: 558600 | R53: 0 | S53: 0 | U53: 558600 | V53: =IF(OR(I53="",说明首页!$C$3-INT(I53)>7),"是","否") -> 否 | W53: =IF(OR(O53="",O53<22),"是","否") -> 否 | X53: =IF(AND(V53="否",W53="否"),"是","否") -> 是 | Y53: =IF(OR(I53="",说明首页!$C$3-INT(I53)>=3),"是","否") -> 否 | Z53: =IF(L53>0,N53/L53,0) -> 77.112056 | AA53: =IF(J53>0,P53/J53*100,0) -> 0.524405 | AB53: =IF(AND(P53<>"",P53>0),Q53/P53,0) -> 21484.615 | AC53: =IF(O53>0,L53/O53,0) -> 83.291667 | AD53: =IF(X53="是",COUNTIFS($X$2:$X$5000,"是",$Z$2:$Z$5000,"<"&Z53)/COUNTIF($X$2:$X$5000,"是")*100,"") -> 21.72043 | AE53: =IF(X53="是",COUNTIFS($X$2:$X$5000,"是",$AA$2:$AA$5000,"<"&AA53)/COUNTIF($X$2:$X$5000,"是")*100,"") -> 7.0967742 | AF53: =IF(X53="是",COUNTIFS($X$2:$X$5000,"是",$AC$2:$AC$5000,"<"&AC53)/COUNTIF($X$2:$X$5000,"是")*100,"") -> 64.516129 | AG53: =IF(X53="是",ROUND(AD53*0.3+AE53*0.55+AF53*0.15,2),"") -> 20.1 | AH53: =IF(X53="是",COUNTIFS($X$2:$X$5000,"是",$AG$2:$AG$5000,">"&AG53)+1,"") -> 426 | AI53: =IF(X53<>"是","非参评",IF(AND(AH53<=COUNTIF($X$2:$X$5000,"是")*0.2,AA53>MEDIAN(IF($X$2:$X$5000="是",$AA$2:$AA$5000))),"S",IF(AH53<=COUNTIF($X$2:$X$5000,"是")*0.5,"A",IF(AH53<=COUNTIF($X$2:$X$5000,"是")*0.8,"B","C")))) -> C | AJ53: =IF(G53="","无数据",IF(G53<30,"MOB1-",IF(G53<90,"MOB1-3",IF(G53<180,"MOB3-6",IF(G53<365,"MOB6-12","MOB12+"))))) -> MOB1-3
A54: 首贷 | B54: 管户金条-毅航合肥职场 | C54: 799586 | D54: 赵梦娇 | E54: 2025-12-12 14:13:44 | F54: 2025-12-12 14:13:44 | G54: 121 | H54: 121 | I54: 2026-04-12 12:28:30 | J54: 6018 | K54: 6771 | L54: 2090 | M54: 253541 | N54: 187154 | O54: 25 | P54: 53 | Q54: 1565200 | R54: 3 | S54: 5 | T54: 14000 | U54: 1579200 | V54: =IF(OR(I54="",说明首页!$C$3-INT(I54)>7),"是","否") -> 否 | W54: =IF(OR(O54="",O54<22),"是","否") -> 否 | X54: =IF(AND(V54="否",W54="否"),"是","否") -> 是 | Y54: =IF(OR(I54="",说明首页!$C$3-INT(I54)>=3),"是","否") -> 否 | Z54: =IF(L54>0,N54/L54,0) -> 89.547368 | AA54: =IF(J54>0,P54/J54*100,0) -> 0.88069126 | AB54: =IF(AND(P54<>"",P54>0),Q54/P54,0) -> 29532.075 | AC54: =IF(O54>0,L54/O54,0) -> 83.6 | AD54: =IF(X54="是",COUNTIFS($X$2:$X$5000,"是",$Z$2:$Z$5000,"<"&Z54)/COUNTIF($X$2:$X$5000,"是")*100,"") -> 54.623656 | AE54: =IF(X54="是",COUNTIFS($X$2:$X$5000,"是",$AA$2:$AA$5000,"<"&AA54)/COUNTIF($X$2:$X$5000,"是")*100,"") -> 45.16129 | AF54: =IF(X54="是",COUNTIFS($X$2:$X$5000,"是",$AC$2:$AC$5000,"<"&AC54)/COUNTIF($X$2:$X$5000,"是")*100,"") -> 65.376344 | AG54: =IF(X54="是",ROUND(AD54*0.3+AE54*0.55+AF54*0.15,2),"") -> 51.03 | AH54: =IF(X54="是",COUNTIFS($X$2:$X$5000,"是",$AG$2:$AG$5000,">"&AG54)+1,"") -> 223 | AI54: =IF(X54<>"是","非参评",IF(AND(AH54<=COUNTIF($X$2:$X$5000,"是")*0.2,AA54>MEDIAN(IF($X$2:$X$5000="是",$AA$2:$AA$5000))),"S",IF(AH54<=COUNTIF($X$2:$X$5000,"是")*0.5,"A",IF(AH54<=COUNTIF($X$2:$X$5000,"是")*0.8,"B","C")))) -> A | AJ54: =IF(G54="","无数据",IF(G54<30,"MOB1-",IF(G54<90,"MOB1-3",IF(G54<180,"MOB3-6",IF(G54<365,"MOB6-12","MOB12+"))))) -> MOB3-6
A55: 首贷 | B55: 管户金条-毛毛虫职场 | C55: 802198 | D55: 魏安静 | E55: 2026-01-30 09:50:34 | F55: 2026-01-30 09:50:34 | G55: 72 | H55: 72 | I55: 2026-04-11 16:46:02 | J55: 5036 | K55: 5671 | L55: 1747 | M55: 182080 | N55: 125447 | O55: 19 | P55: 37 | Q55: 1038100 | R55: 2 | S55: 3 | T55: 119800 | U55: 1157900 | V55: =IF(OR(I55="",说明首页!$C$3-INT(I55)>7),"是","否") -> 否 | W55: =IF(OR(O55="",O55<22),"是","否") -> 是 | X55: =IF(AND(V55="否",W55="否"),"是","否") -> 否 | Y55: =IF(OR(I55="",说明首页!$C$3-INT(I55)>=3),"是","否") -> 否 | Z55: =IF(L55>0,N55/L55,0) -> 71.807098 | AA55: =IF(J55>0,P55/J55*100,0) -> 0.73471009 | AB55: =IF(AND(P55<>"",P55>0),Q55/P55,0) -> 28056.757 | AC55: =IF(O55>0,L55/O55,0) -> 91.947368 | AD55: =IF(X55="是",COUNTIFS($X$2:$X$5000,"是",$Z$2:$Z$5000,"<"&Z55)/COUNTIF($X$2:$X$5000,"是")*100,"") | AE55: =IF(X55="是",COUNTIFS($X$2:$X$5000,"是",$AA$2:$AA$5000,"<"&AA55)/COUNTIF($X$2:$X$5000,"是")*100,"") | AF55: =IF(X55="是",COUNTIFS($X$2:$X$5000,"是",$AC$2:$AC$5000,"<"&AC55)/COUNTIF($X$2:$X$5000,"是")*100,"") | AG55: =IF(X55="是",ROUND(AD55*0.3+AE55*0.55+AF55*0.15,2),"") | AH55: =IF(X55="是",COUNTIFS($X$2:$X$5000,"是",$AG$2:$AG$5000,">"&AG55)+1,"") | AI55: =IF(X55<>"是","非参评",IF(AND(AH55<=COUNTIF($X$2:$X$5000,"是")*0.2,AA55>MEDIAN(IF($X$2:$X$5000="是",$AA$2:$AA$5000))),"S",IF(AH55<=COUNTIF($X$2:$X$5000,"是")*0.5,"A",IF(AH55<=COUNTIF($X$2:$X$5000,"是")*0.8,"B","C")))) -> 非参评 | AJ55: =IF(G55="","无数据",IF(G55<30,"MOB1-",IF(G55<90,"MOB1-3",IF(G55<180,"MOB3-6",IF(G55<365,"MOB6-12","MOB12+"))))) -> MOB1-3
A56: 首贷 | B56: 管户金条-毛毛虫职场 | C56: 737708 | D56: 杜湘剑 | E56: 2023-05-26 09:25:59 | F56: 2023-05-26 09:25:59 | G56: 1052 | H56: 1052 | I56: 2026-04-11 17:11:01 | J56: 3666 | K56: 3730 | L56: 1574 | M56: 206829 | N56: 177371 | O56: 23 | P56: 45 | Q56: 4346500 | R56: 1 | S56: 1 | T56: 6000 | U56: 4352500 | V56: =IF(OR(I56="",说明首页!$C$3-INT(I56)>7),"是","否") -> 否 | W56: =IF(OR(O56="",O56<22),"是","否") -> 否 | X56: =IF(AND(V56="否",W56="否"),"是","否") -> 是 | Y56: =IF(OR(I56="",说明首页!$C$3-INT(I56)>=3),"是","否") -> 否 | Z56: =IF(L56>0,N56/L56,0) -> 112.68806 | AA56: =IF(J56>0,P56/J56*100,0) -> 1.2274959 | AB56: =IF(AND(P56<>"",P56>0),Q56/P56,0) -> 96588.889 | AC56: =IF(O56>0,L56/O56,0) -> 68.434783 | AD56: =IF(X56="是",COUNTIFS($X$2:$X$5000,"是",$Z$2:$Z$5000,"<"&Z56)/COUNTIF($X$2:$X$5000,"是")*100,"") -> 91.827957 | AE56: =IF(X56="是",COUNTIFS($X$2:$X$5000,"是",$AA$2:$AA$5000,"<"&AA56)/COUNTIF($X$2:$X$5000,"是")*100,"") -> 78.064516 | AF56: =IF(X56="是",COUNTIFS($X$2:$X$5000,"是",$AC$2:$AC$5000,"<"&AC56)/COUNTIF($X$2:$X$5000,"是")*100,"") -> 23.010753 | AG56: =IF(X56="是",ROUND(AD56*0.3+AE56*0.55+AF56*0.15,2),"") -> 73.94 | AH56: =IF(X56="是",COUNTIFS($X$2:$X$5000,"是",$AG$2:$AG$5000,">"&AG56)+1,"") -> 73 | AI56: =IF(X56<>"是","非参评",IF(AND(AH56<=COUNTIF($X$2:$X$5000,"是")*0.2,AA56>MEDIAN(IF($X$2:$X$5000="是",$AA$2:$AA$5000))),"S",IF(AH56<=COUNTIF($X$2:$X$5000,"是")*0.5,"A",IF(AH56<=COUNTIF($X$2:$X$5000,"是")*0.8,"B","C")))) -> S | AJ56: =IF(G56="","无数据",IF(G56<30,"MOB1-",IF(G56<90,"MOB1-3",IF(G56<180,"MOB3-6",IF(G56<365,"MOB6-12","MOB12+"))))) -> MOB12+
A57: 首贷 | B57: 管户金条-毛毛虫职场 | C57: 769282 | D57: 谢婉琴 | E57: 2024-10-17 14:11:29 | F57: 2024-10-17 14:11:29 | G57: 542 | H57: 542 | I57: 2026-04-10 18:53:13 | J57: 1512 | K57: 1515 | L57: 498 | M57: 40790 | N57: 26672 | O57: 18 | P57: 8 | Q57: 33700 | R57: 2 | S57: 2 | T57: 12000 | U57: 45700 | V57: =IF(OR(I57="",说明首页!$C$3-INT(I57)>7),"是","否") -> 否 | W57: =IF(OR(O57="",O57<22),"是","否") -> 是 | X57: =IF(AND(V57="否",W57="否"),"是","否") -> 否 | Y57: =IF(OR(I57="",说明首页!$C$3-INT(I57)>=3),"是","否") -> 否 | Z57: =IF(L57>0,N57/L57,0) -> 53.558233 | AA57: =IF(J57>0,P57/J57*100,0) -> 0.52910053 | AB57: =IF(AND(P57<>"",P57>0),Q57/P57,0) -> 4212.5 | AC57: =IF(O57>0,L57/O57,0) -> 27.666667 | AD57: =IF(X57="是",COUNTIFS($X$2:$X$5000,"是",$Z$2:$Z$5000,"<"&Z57)/COUNTIF($X$2:$X$5000,"是")*100,"") | AE57: =IF(X57="是",COUNTIFS($X$2:$X$5000,"是",$AA$2:$AA$5000,"<"&AA57)/COUNTIF($X$2:$X$5000,"是")*100,"") | AF57: =IF(X57="是",COUNTIFS($X$2:$X$5000,"是",$AC$2:$AC$5000,"<"&AC57)/COUNTIF($X$2:$X$5000,"是")*100,"") | AG57: =IF(X57="是",ROUND(AD57*0.3+AE57*0.55+AF57*0.15,2),"") | AH57: =IF(X57="是",COUNTIFS($X$2:$X$5000,"是",$AG$2:$AG$5000,">"&AG57)+1,"") | AI57: =IF(X57<>"是","非参评",IF(AND(AH57<=COUNTIF($X$2:$X$5000,"是")*0.2,AA57>MEDIAN(IF($X$2:$X$5000="是",$AA$2:$AA$5000))),"S",IF(AH57<=COUNTIF($X$2:$X$5000,"是")*0.5,"A",IF(AH57<=COUNTIF($X$2:$X$5000,"是")*0.8,"B","C")))) -> 非参评 | AJ57: =IF(G57="","无数据",IF(G57<30,"MOB1-",IF(G57<90,"MOB1-3",IF(G57<180,"MOB3-6",IF(G57<365,"MOB6-12","MOB12+"))))) -> MOB12+
A58: 首贷 | B58: 管户金条-岐力职场 | C58: 789982 | D58: 王筱 | E58: 2026-04-10 11:08:58 | F58: 2026-04-10 11:08:58 | G58: 2 | H58: 2 | I58: 2026-04-10 17:13:52 | J58: 1 | K58: 1 | L58: 1 | M58: 371 | N58: 371 | V58: =IF(OR(I58="",说明首页!$C$3-INT(I58)>7),"是","否") -> 否 | W58: =IF(OR(O58="",O58<22),"是","否") -> 是 | X58: =IF(AND(V58="否",W58="否"),"是","否") -> 否 | Y58: =IF(OR(I58="",说明首页!$C$3-INT(I58)>=3),"是","否") -> 否 | Z58: =IF(L58>0,N58/L58,0) -> 371 | AA58: =IF(J58>0,P58/J58*100,0) -> 0 | AB58: =IF(AND(P58<>"",P58>0),Q58/P58,0) -> 0 | AC58: =IF(O58>0,L58/O58,0) -> 0 | AD58: =IF(X58="是",COUNTIFS($X$2:$X$5000,"是",$Z$2:$Z$5000,"<"&Z58)/COUNTIF($X$2:$X$5000,"是")*100,"") | AE58: =IF(X58="是",COUNTIFS($X$2:$X$5000,"是",$AA$2:$AA$5000,"<"&AA58)/COUNTIF($X$2:$X$5000,"是")*100,"") | AF58: =IF(X58="是",COUNTIFS($X$2:$X$5000,"是",$AC$2:$AC$5000,"<"&AC58)/COUNTIF($X$2:$X$5000,"是")*100,"") | AG58: =IF(X58="是",ROUND(AD58*0.3+AE58*0.55+AF58*0.15,2),"") | AH58: =IF(X58="是",COUNTIFS($X$2:$X$5000,"是",$AG$2:$AG$5000,">"&AG58)+1,"") | AI58: =IF(X58<>"是","非参评",IF(AND(AH58<=COUNTIF($X$2:$X$5000,"是")*0.2,AA58>MEDIAN(IF($X$2:$X$5000="是",$AA$2:$AA$5000))),"S",IF(AH58<=COUNTIF($X$2:$X$5000,"是")*0.5,"A",IF(AH58<=COUNTIF($X$2:$X$5000,"是")*0.8,"B","C")))) -> 非参评 | AJ58: =IF(G58="","无数据",IF(G58<30,"MOB1-",IF(G58<90,"MOB1-3",IF(G58<180,"MOB3-6",IF(G58<365,"MOB6-12","MOB12+"))))) -> MOB1-
A59: 首贷 | B59: 管户金条-毛毛虫职场 | C59: 802581 | D59: 鲁亮 | E59: 2026-02-03 09:35:33 | F59: 2026-02-03 09:35:33 | G59: 68 | H59: 68 | I59: 2026-04-12 15:22:01 | J59: 4475 | K59: 4599 | L59: 1665 | M59: 222441 | N59: 180372 | O59: 25 | P59: 32 | Q59: 850100 | R59: 4 | S59: 5 | T59: 70000 | U59: 920100 | V59: =IF(OR(I59="",说明首页!$C$3-INT(I59)>7),"是","否") -> 否 | W59: =IF(OR(O59="",O59<22),"是","否") -> 否 | X59: =IF(AND(V59="否",W59="否"),"是","否") -> 是 | Y59: =IF(OR(I59="",说明首页!$C$3-INT(I59)>=3),"是","否") -> 否 | Z59: =IF(L59>0,N59/L59,0) -> 108.33153 | AA59: =IF(J59>0,P59/J59*100,0) -> 0.7150838 | AB59: =IF(AND(P59<>"",P59>0),Q59/P59,0) -> 26565.625 | AC59: =IF(O59>0,L59/O59,0) -> 66.6 | AD59: =IF(X59="是",COUNTIFS($X$2:$X$5000,"是",$Z$2:$Z$5000,"<"&Z59)/COUNTIF($X$2:$X$5000,"是")*100,"") -> 87.311828 | AE59: =IF(X59="是",COUNTIFS($X$2:$X$5000,"是",$AA$2:$AA$5000,"<"&AA59)/COUNTIF($X$2:$X$5000,"是")*100,"") -> 24.301075 | AF59: =IF(X59="是",COUNTIFS($X$2:$X$5000,"是",$AC$2:$AC$5000,"<"&AC59)/COUNTIF($X$2:$X$5000,"是")*100,"") -> 19.139785 | AG59: =IF(X59="是",ROUND(AD59*0.3+AE59*0.55+AF59*0.15,2),"") -> 42.43 | AH59: =IF(X59="是",COUNTIFS($X$2:$X$5000,"是",$AG$2:$AG$5000,">"&AG59)+1,"") -> 293 | AI59: =IF(X59<>"是","非参评",IF(AND(AH59<=COUNTIF($X$2:$X$5000,"是")*0.2,AA59>MEDIAN(IF($X$2:$X$5000="是",$AA$2:$AA$5000))),"S",IF(AH59<=COUNTIF($X$2:$X$5000,"是")*0.5,"A",IF(AH59<=COUNTIF($X$2:$X$5000,"是")*0.8,"B","C")))) -> B | AJ59: =IF(G59="","无数据",IF(G59<30,"MOB1-",IF(G59<90,"MOB1-3",IF(G59<180,"MOB3-6",IF(G59<365,"MOB6-12","MOB12+"))))) -> MOB1-3
A60: 首贷 | B60: 管户金条-毛毛虫职场 | C60: 737707 | D60: 张云 | E60: 2023-05-25 18:04:05 | F60: 2023-05-25 18:04:05 | G60: 1053 | H60: 1053 | I60: 2026-04-11 16:10:51 | J60: 4508 | K60: 4898 | L60: 1399 | M60: 196516 | N60: 149384 | O60: 23 | P60: 32 | Q60: 1903800 | R60: 4 | S60: 5 | T60: 16700 | U60: 1920500 | V60: =IF(OR(I60="",说明首页!$C$3-INT(I60)>7),"是","否") -> 否 | W60: =IF(OR(O60="",O60<22),"是","否") -> 否 | X60: =IF(AND(V60="否",W60="否"),"是","否") -> 是 | Y60: =IF(OR(I60="",说明首页!$C$3-INT(I60)>=3),"是","否") -> 否 | Z60: =IF(L60>0,N60/L60,0) -> 106.77913 | AA60: =IF(J60>0,P60/J60*100,0) -> 0.70984916 | AB60: =IF(AND(P60<>"",P60>0),Q60/P60,0) -> 59493.75 | AC60: =IF(O60>0,L60/O60,0) -> 60.826087 | AD60: =IF(X60="是",COUNTIFS($X$2:$X$5000,"是",$Z$2:$Z$5000,"<"&Z60)/COUNTIF($X$2:$X$5000,"是")*100,"") -> 86.451613 | AE60: =IF(X60="是",COUNTIFS($X$2:$X$5000,"是",$AA$2:$AA$5000,"<"&AA60)/COUNTIF($X$2:$X$5000,"是")*100,"") -> 23.655914 | AF60: =IF(X60="是",COUNTIFS($X$2:$X$5000,"是",$AC$2:$AC$5000,"<"&AC60)/COUNTIF($X$2:$X$5000,"是")*100,"") -> 11.182796 | AG60: =IF(X60="是",ROUND(AD60*0.3+AE60*0.55+AF60*0.15,2),"") -> 40.62 | AH60: =IF(X60="是",COUNTIFS($X$2:$X$5000,"是",$AG$2:$AG$5000,">"&AG60)+1,"") -> 304 | AI60: =IF(X60<>"是","非参评",IF(AND(AH60<=COUNTIF($X$2:$X$5000,"是")*0.2,AA60>MEDIAN(IF($X$2:$X$5000="是",$AA$2:$AA$5000))),"S",IF(AH60<=COUNTIF($X$2:$X$5000,"是")*0.5,"A",IF(AH60<=COUNTIF($X$2:$X$5000,"是")*0.8,"B","C")))) -> B | AJ60: =IF(G60="","无数据",IF(G60<30,"MOB1-",IF(G60<90,"MOB1-3",IF(G60<180,"MOB3-6",IF(G60<365,"MOB6-12","MOB12+"))))) -> MOB12+
A61: 首贷 | B61: 管户金条-毛毛虫职场 | C61: 628715 | D61: 崔荣荣 | E61: 2022-08-03 09:52:56 | F61: 2022-08-03 09:52:56 | G61: 1348 | H61: 1348 | I61: 2026-04-11 18:17:40 | J61: 6050 | K61: 6840 | L61: 2048 | M61: 236916 | N61: 173408 | O61: 26 | P61: 51 | Q61: 2899500 | R61: 0 | S61: 0 | U61: 2899500 | V61: =IF(OR(I61="",说明首页!$C$3-INT(I61)>7),"是","否") -> 否 | W61: =IF(OR(O61="",O61<22),"是","否") -> 否 | X61: =IF(AND(V61="否",W61="否"),"是","否") -> 是 | Y61: =IF(OR(I61="",说明首页!$C$3-INT(I61)>=3),"是","否") -> 否 | Z61: =IF(L61>0,N61/L61,0) -> 84.671875 | AA61: =IF(J61>0,P61/J61*100,0) -> 0.84297521 | AB61: =IF(AND(P61<>"",P61>0),Q61/P61,0) -> 56852.941 | AC61: =IF(O61>0,L61/O61,0) -> 78.769231 | AD61: =IF(X61="是",COUNTIFS($X$2:$X$5000,"是",$Z$2:$Z$5000,"<"&Z61)/COUNTIF($X$2:$X$5000,"是")*100,"") -> 40.215054 | AE61: =IF(X61="是",COUNTIFS($X$2:$X$5000,"是",$AA$2:$AA$5000,"<"&AA61)/COUNTIF($X$2:$X$5000,"是")*100,"") -> 40.430108 | AF61: =IF(X61="是",COUNTIFS($X$2:$X$5000,"是",$AC$2:$AC$5000,"<"&AC61)/COUNTIF($X$2:$X$5000,"是")*100,"") -> 53.11828 | AG61: =IF(X61="是",ROUND(AD61*0.3+AE61*0.55+AF61*0.15,2),"") -> 42.27 | AH61: =IF(X61="是",COUNTIFS($X$2:$X$5000,"是",$AG$2:$AG$5000,">"&AG61)+1,"") -> 294 | AI61: =IF(X61<>"是","非参评",IF(AND(AH61<=COUNTIF($X$2:$X$5000,"是")*0.2,AA61>MEDIAN(IF($X$2:$X$5000="是",$AA$2:$AA$5000))),"S",IF(AH61<=COUNTIF($X$2:$X$5000,"是")*0.5,"A",IF(AH61<=COUNTIF($X$2:$X$5000,"是")*0.8,"B","C")))) -> B | AJ61: =IF(G61="","无数据",IF(G61<30,"MOB1-",IF(G61<90,"MOB1-3",IF(G61<180,"MOB3-6",IF(G61<365,"MOB6-12","MOB12+"))))) -> MOB12+
A62: 首贷 | B62: 管户金条-毅航合肥职场 | C62: 708616 | D62: 朱宝宝 | E62: 2022-06-27 10:16:10 | F62: 2022-06-27 10:16:10 | G62: 1385 | H62: 1385 | I62: 2026-04-12 11:37:08 | J62: 5839 | K62: 6424 | L62: 2319 | M62: 242518 | N62: 180576 | O62: 26 | P62: 57 | Q62: 3238300 | R62: 3 | S62: 5 | T62: 150000 | U62: 3388300 | V62: =IF(OR(I62="",说明首页!$C$3-INT(I62)>7),"是","否") -> 否 | W62: =IF(OR(O62="",O62<22),"是","否") -> 否 | X62: =IF(AND(V62="否",W62="否"),"是","否") -> 是 | Y62: =IF(OR(I62="",说明首页!$C$3-INT(I62)>=3),"是","否") -> 否 | Z62: =IF(L62>0,N62/L62,0) -> 77.868047 | AA62: =IF(J62>0,P62/J62*100,0) -> 0.97619455 | AB62: =IF(AND(P62<>"",P62>0),Q62/P62,0) -> 56812.281 | AC62: =IF(O62>0,L62/O62,0) -> 89.192308 | AD62: =IF(X62="是",COUNTIFS($X$2:$X$5000,"是",$Z$2:$Z$5000,"<"&Z62)/COUNTIF($X$2:$X$5000,"是")*100,"") -> 23.44086 | AE62: =IF(X62="是",COUNTIFS($X$2:$X$5000,"是",$AA$2:$AA$5000,"<"&AA62)/COUNTIF($X$2:$X$5000,"是")*100,"") -> 58.27957 | AF62: =IF(X62="是",COUNTIFS($X$2:$X$5000,"是",$AC$2:$AC$5000,"<"&AC62)/COUNTIF($X$2:$X$5000,"是")*100,"") -> 80.860215 | AG62: =IF(X62="是",ROUND(AD62*0.3+AE62*0.55+AF62*0.15,2),"") -> 51.22 | AH62: =IF(X62="是",COUNTIFS($X$2:$X$5000,"是",$AG$2:$AG$5000,">"&AG62)+1,"") -> 221 | AI62: =IF(X62<>"是","非参评",IF(AND(AH62<=COUNTIF($X$2:$X$5000,"是")*0.2,AA62>MEDIAN(IF($X$2:$X$5000="是",$AA$2:$AA$5000))),"S",IF(AH62<=COUNTIF($X$2:$X$5000,"是")*0.5,"A",IF(AH62<=COUNTIF($X$2:$X$5000,"是")*0.8,"B","C")))) -> A | AJ62: =IF(G62="","无数据",IF(G62<30,"MOB1-",IF(G62<90,"MOB1-3",IF(G62<180,"MOB3-6",IF(G62<365,"MOB6-12","MOB12+"))))) -> MOB12+
A63: 首贷 | B63: 管户金条-广达陕西职场 | C63: 804173 | D63: 陈楠楠 | E63: 2026-03-13 09:09:23 | F63: 2026-03-13 09:09:23 | G63: 30 | H63: 30 | I63: 2026-04-06 17:55:20 | J63: 3 | K63: 4 | L63: 1 | M63: 135 | N63: 76 | V63: =IF(OR(I63="",说明首页!$C$3-INT(I63)>7),"是","否") -> 否 | W63: =IF(OR(O63="",O63<22),"是","否") -> 是 | X63: =IF(AND(V63="否",W63="否"),"是","否") -> 否 | Y63: =IF(OR(I63="",说明首页!$C$3-INT(I63)>=3),"是","否") -> 是 | Z63: =IF(L63>0,N63/L63,0) -> 76 | AA63: =IF(J63>0,P63/J63*100,0) -> 0 | AB63: =IF(AND(P63<>"",P63>0),Q63/P63,0) -> 0 | AC63: =IF(O63>0,L63/O63,0) -> 0 | AD63: =IF(X63="是",COUNTIFS($X$2:$X$5000,"是",$Z$2:$Z$5000,"<"&Z63)/COUNTIF($X$2:$X$5000,"是")*100,"") | AE63: =IF(X63="是",COUNTIFS($X$2:$X$5000,"是",$AA$2:$AA$5000,"<"&AA63)/COUNTIF($X$2:$X$5000,"是")*100,"") | AF63: =IF(X63="是",COUNTIFS($X$2:$X$5000,"是",$AC$2:$AC$5000,"<"&AC63)/COUNTIF($X$2:$X$5000,"是")*100,"") | AG63: =IF(X63="是",ROUND(AD63*0.3+AE63*0.55+AF63*0.15,2),"") | AH63: =IF(X63="是",COUNTIFS($X$2:$X$5000,"是",$AG$2:$AG$5000,">"&AG63)+1,"") | AI63: =IF(X63<>"是","非参评",IF(AND(AH63<=COUNTIF($X$2:$X$5000,"是")*0.2,AA63>MEDIAN(IF($X$2:$X$5000="是",$AA$2:$AA$5000))),"S",IF(AH63<=COUNTIF($X$2:$X$5000,"是")*0.5,"A",IF(AH63<=COUNTIF($X$2:$X$5000,"是")*0.8,"B","C")))) -> 非参评 | AJ63: =IF(G63="","无数据",IF(G63<30,"MOB1-",IF(G63<90,"MOB1-3",IF(G63<180,"MOB3-6",IF(G63<365,"MOB6-12","MOB12+"))))) -> MOB1-3
A64: 首贷 | B64: 管户金条-伽玛职场 | C64: 804992 | D64: 朱廷廷 | E64: 2026-03-27 09:29:52 | F64: 2026-03-27 09:29:52 | G64: 16 | H64: 16 | I64: 2026-04-12 18:29:58 | J64: 2014 | K64: 2124 | L64: 941 | M64: 97570 | N64: 81120 | O64: 13 | P64: 9 | Q64: 98700 | R64: 0 | S64: 0 | U64: 98700 | V64: =IF(OR(I64="",说明首页!$C$3-INT(I64)>7),"是","否") -> 否 | W64: =IF(OR(O64="",O64<22),"是","否") -> 是 | X64: =IF(AND(V64="否",W64="否"),"是","否") -> 否 | Y64: =IF(OR(I64="",说明首页!$C$3-INT(I64)>=3),"是","否") -> 否 | Z64: =IF(L64>0,N64/L64,0) -> 86.206164 | AA64: =IF(J64>0,P64/J64*100,0) -> 0.4468719 | AB64: =IF(AND(P64<>"",P64>0),Q64/P64,0) -> 10966.667 | AC64: =IF(O64>0,L64/O64,0) -> 72.384615 | AD64: =IF(X64="是",COUNTIFS($X$2:$X$5000,"是",$Z$2:$Z$5000,"<"&Z64)/COUNTIF($X$2:$X$5000,"是")*100,"") | AE64: =IF(X64="是",COUNTIFS($X$2:$X$5000,"是",$AA$2:$AA$5000,"<"&AA64)/COUNTIF($X$2:$X$5000,"是")*100,"") | AF64: =IF(X64="是",COUNTIFS($X$2:$X$5000,"是",$AC$2:$AC$5000,"<"&AC64)/COUNTIF($X$2:$X$5000,"是")*100,"") | AG64: =IF(X64="是",ROUND(AD64*0.3+AE64*0.55+AF64*0.15,2),"") | AH64: =IF(X64="是",COUNTIFS($X$2:$X$5000,"是",$AG$2:$AG$5000,">"&AG64)+1,"") | AI64: =IF(X64<>"是","非参评",IF(AND(AH64<=COUNTIF($X$2:$X$5000,"是")*0.2,AA64>MEDIAN(IF($X$2:$X$5000="是",$AA$2:$AA$5000))),"S",IF(AH64<=COUNTIF($X$2:$X$5000,"是")*0.5,"A",IF(AH64<=COUNTIF($X$2:$X$5000,"是")*0.8,"B","C")))) -> 非参评 | AJ64: =IF(G64="","无数据",IF(G64<30,"MOB1-",IF(G64<90,"MOB1-3",IF(G64<180,"MOB3-6",IF(G64<365,"MOB6-12","MOB12+"))))) -> MOB1-
A65: 首贷 | B65: 管户金条-汇讯职场 | C65: 805024 | D65: 袁静 | E65: 2026-03-26 14:44:38 | F65: 2026-03-26 14:44:38 | G65: 17 | H65: 17 | I65: 2026-03-26 17:54:09 | J65: 77 | K65: 77 | L65: 26 | M65: 2287 | N65: 1707 | O65: 1 | P65: 1 | Q65: 500 | R65: 0 | S65: 0 | U65: 500 | V65: =IF(OR(I65="",说明首页!$C$3-INT(I65)>7),"是","否") -> 是 | W65: =IF(OR(O65="",O65<22),"是","否") -> 是 | X65: =IF(AND(V65="否",W65="否"),"是","否") -> 否 | Y65: =IF(OR(I65="",说明首页!$C$3-INT(I65)>=3),"是","否") -> 是 | Z65: =IF(L65>0,N65/L65,0) -> 65.653846 | AA65: =IF(J65>0,P65/J65*100,0) -> 1.2987013 | AB65: =IF(AND(P65<>"",P65>0),Q65/P65,0) -> 500 | AC65: =IF(O65>0,L65/O65,0) -> 26 | AD65: =IF(X65="是",COUNTIFS($X$2:$X$5000,"是",$Z$2:$Z$5000,"<"&Z65)/COUNTIF($X$2:$X$5000,"是")*100,"") | AE65: =IF(X65="是",COUNTIFS($X$2:$X$5000,"是",$AA$2:$AA$5000,"<"&AA65)/COUNTIF($X$2:$X$5000,"是")*100,"") | AF65: =IF(X65="是",COUNTIFS($X$2:$X$5000,"是",$AC$2:$AC$5000,"<"&AC65)/COUNTIF($X$2:$X$5000,"是")*100,"") | AG65: =IF(X65="是",ROUND(AD65*0.3+AE65*0.55+AF65*0.15,2),"") | AH65: =IF(X65="是",COUNTIFS($X$2:$X$5000,"是",$AG$2:$AG$5000,">"&AG65)+1,"") | AI65: =IF(X65<>"是","非参评",IF(AND(AH65<=COUNTIF($X$2:$X$5000,"是")*0.2,AA65>MEDIAN(IF($X$2:$X$5000="是",$AA$2:$AA$5000))),"S",IF(AH65<=COUNTIF($X$2:$X$5000,"是")*0.5,"A",IF(AH65<=COUNTIF($X$2:$X$5000,"是")*0.8,"B","C")))) -> 非参评 | AJ65: =IF(G65="","无数据",IF(G65<30,"MOB1-",IF(G65<90,"MOB1-3",IF(G65<180,"MOB3-6",IF(G65<365,"MOB6-12","MOB12+"))))) -> MOB1-
A66: 首贷 | B66: 管户金条-毅航合肥职场 | C66: 786392 | D66: 刘巧巧 | E66: 2026-03-02 09:54:02 | F66: 2025-06-11 14:19:10 | G66: 41 | H66: 305 | I66: 2026-04-03 19:12:42 | J66: 4764 | K66: 5382 | L66: 1332 | M66: 197532 | N66: 140808 | O66: 20 | P66: 34 | Q66: 777000 | R66: 1 | S66: 1 | T66: 500 | U66: 777500 | V66: =IF(OR(I66="",说明首页!$C$3-INT(I66)>7),"是","否") -> 是 | W66: =IF(OR(O66="",O66<22),"是","否") -> 是 | X66: =IF(AND(V66="否",W66="否"),"是","否") -> 否 | Y66: =IF(OR(I66="",说明首页!$C$3-INT(I66)>=3),"是","否") -> 是 | Z66: =IF(L66>0,N66/L66,0) -> 105.71171 | AA66: =IF(J66>0,P66/J66*100,0) -> 0.71368598 | AB66: =IF(AND(P66<>"",P66>0),Q66/P66,0) -> 22852.941 | AC66: =IF(O66>0,L66/O66,0) -> 66.6 | AD66: =IF(X66="是",COUNTIFS($X$2:$X$5000,"是",$Z$2:$Z$5000,"<"&Z66)/COUNTIF($X$2:$X$5000,"是")*100,"") | AE66: =IF(X66="是",COUNTIFS($X$2:$X$5000,"是",$AA$2:$AA$5000,"<"&AA66)/COUNTIF($X$2:$X$5000,"是")*100,"") | AF66: =IF(X66="是",COUNTIFS($X$2:$X$5000,"是",$AC$2:$AC$5000,"<"&AC66)/COUNTIF($X$2:$X$5000,"是")*100,"") | AG66: =IF(X66="是",ROUND(AD66*0.3+AE66*0.55+AF66*0.15,2),"") | AH66: =IF(X66="是",COUNTIFS($X$2:$X$5000,"是",$AG$2:$AG$5000,">"&AG66)+1,"") | AI66: =IF(X66<>"是","非参评",IF(AND(AH66<=COUNTIF($X$2:$X$5000,"是")*0.2,AA66>MEDIAN(IF($X$2:$X$5000="是",$AA$2:$AA$5000))),"S",IF(AH66<=COUNTIF($X$2:$X$5000,"是")*0.5,"A",IF(AH66<=COUNTIF($X$2:$X$5000,"是")*0.8,"B","C")))) -> 非参评 | AJ66: =IF(G66="","无数据",IF(G66<30,"MOB1-",IF(G66<90,"MOB1-3",IF(G66<180,"MOB3-6",IF(G66<365,"MOB6-12","MOB12+"))))) -> MOB1-3
A67: 首贷 | B67: 管户金条-毅航合肥职场 | C67: 774750 | D67: 李帅 | E67: 2024-12-27 15:21:16 | F67: 2024-12-27 15:21:16 | G67: 471 | H67: 471 | I67: 2026-04-12 12:24:39 | J67: 6404 | K67: 7079 | L67: 1982 | M67: 212246 | N67: 140340 | O67: 25 | P67: 45 | Q67: 2528900 | R67: 3 | S67: 3 | T67: 11200 | U67: 2540100 | V67: =IF(OR(I67="",说明首页!$C$3-INT(I67)>7),"是","否") -> 否 | W67: =IF(OR(O67="",O67<22),"是","否") -> 否 | X67: =IF(AND(V67="否",W67="否"),"是","否") -> 是 | Y67: =IF(OR(I67="",说明首页!$C$3-INT(I67)>=3),"是","否") -> 否 | Z67: =IF(L67>0,N67/L67,0) -> 70.807265 | AA67: =IF(J67>0,P67/J67*100,0) -> 0.70268582 | AB67: =IF(AND(P67<>"",P67>0),Q67/P67,0) -> 56197.778 | AC67: =IF(O67>0,L67/O67,0) -> 79.28 | AD67: =IF(X67="是",COUNTIFS($X$2:$X$5000,"是",$Z$2:$Z$5000,"<"&Z67)/COUNTIF($X$2:$X$5000,"是")*100,"") -> 9.8924731 | AE67: =IF(X67="是",COUNTIFS($X$2:$X$5000,"是",$AA$2:$AA$5000,"<"&AA67)/COUNTIF($X$2:$X$5000,"是")*100,"") -> 22.795699 | AF67: =IF(X67="是",COUNTIFS($X$2:$X$5000,"是",$AC$2:$AC$5000,"<"&AC67)/COUNTIF($X$2:$X$5000,"是")*100,"") -> 53.978495 | AG67: =IF(X67="是",ROUND(AD67*0.3+AE67*0.55+AF67*0.15,2),"") -> 23.6 | AH67: =IF(X67="是",COUNTIFS($X$2:$X$5000,"是",$AG$2:$AG$5000,">"&AG67)+1,"") -> 413 | AI67: =IF(X67<>"是","非参评",IF(AND(AH67<=COUNTIF($X$2:$X$5000,"是")*0.2,AA67>MEDIAN(IF($X$2:$X$5000="是",$AA$2:$AA$5000))),"S",IF(AH67<=COUNTIF($X$2:$X$5000,"是")*0.5,"A",IF(AH67<=COUNTIF($X$2:$X$5000,"是")*0.8,"B","C")))) -> C | AJ67: =IF(G67="","无数据",IF(G67<30,"MOB1-",IF(G67<90,"MOB1-3",IF(G67<180,"MOB3-6",IF(G67<365,"MOB6-12","MOB12+"))))) -> MOB12+
A68: 首贷 | B68: 管户金条-翰锐曲靖职场 | C68: 795990 | D68: 袁江霞 | E68: 2025-10-21 16:35:38 | F68: 2025-10-21 16:35:38 | G68: 173 | H68: 173 | I68: 2026-04-11 18:22:19 | J68: 1507 | K68: 1726 | L68: 693 | M68: 55724 | N68: 40331 | O68: 8 | P68: 9 | Q68: 378600 | R68: 1 | S68: 1 | T68: 1200 | U68: 379800 | V68: =IF(OR(I68="",说明首页!$C$3-INT(I68)>7),"是","否") -> 否 | W68: =IF(OR(O68="",O68<22),"是","否") -> 是 | X68: =IF(AND(V68="否",W68="否"),"是","否") -> 否 | Y68: =IF(OR(I68="",说明首页!$C$3-INT(I68)>=3),"是","否") -> 否 | Z68: =IF(L68>0,N68/L68,0) -> 58.197691 | AA68: =IF(J68>0,P68/J68*100,0) -> 0.59721301 | AB68: =IF(AND(P68<>"",P68>0),Q68/P68,0) -> 42066.667 | AC68: =IF(O68>0,L68/O68,0) -> 86.625 | AD68: =IF(X68="是",COUNTIFS($X$2:$X$5000,"是",$Z$2:$Z$5000,"<"&Z68)/COUNTIF($X$2:$X$5000,"是")*100,"") | AE68: =IF(X68="是",COUNTIFS($X$2:$X$5000,"是",$AA$2:$AA$5000,"<"&AA68)/COUNTIF($X$2:$X$5000,"是")*100,"") | AF68: =IF(X68="是",COUNTIFS($X$2:$X$5000,"是",$AC$2:$AC$5000,"<"&AC68)/COUNTIF($X$2:$X$5000,"是")*100,"") | AG68: =IF(X68="是",ROUND(AD68*0.3+AE68*0.55+AF68*0.15,2),"") | AH68: =IF(X68="是",COUNTIFS($X$2:$X$5000,"是",$AG$2:$AG$5000,">"&AG68)+1,"") | AI68: =IF(X68<>"是","非参评",IF(AND(AH68<=COUNTIF($X$2:$X$5000,"是")*0.2,AA68>MEDIAN(IF($X$2:$X$5000="是",$AA$2:$AA$5000))),"S",IF(AH68<=COUNTIF($X$2:$X$5000,"是")*0.5,"A",IF(AH68<=COUNTIF($X$2:$X$5000,"是")*0.8,"B","C")))) -> 非参评 | AJ68: =IF(G68="","无数据",IF(G68<30,"MOB1-",IF(G68<90,"MOB1-3",IF(G68<180,"MOB3-6",IF(G68<365,"MOB6-12","MOB12+"))))) -> MOB3-6
A69: 首贷 | B69: 管户金条-毛毛虫职场 | C69: 783668 | D69: 朱舒杭 | E69: 2025-04-30 16:29:58 | F69: 2025-04-30 16:29:58 | G69: 347 | H69: 347 | I69: 2026-04-03 19:03:03 | J69: 4520 | K69: 5114 | L69: 2013 | M69: 188748 | N69: 139146 | O69: 20 | P69: 30 | Q69: 873700 | R69: 1 | S69: 1 | T69: 1000 | U69: 874700 | V69: =IF(OR(I69="",说明首页!$C$3-INT(I69)>7),"是","否") -> 是 | W69: =IF(OR(O69="",O69<22),"是","否") -> 是 | X69: =IF(AND(V69="否",W69="否"),"是","否") -> 否 | Y69: =IF(OR(I69="",说明首页!$C$3-INT(I69)>=3),"是","否") -> 是 | Z69: =IF(L69>0,N69/L69,0) -> 69.123696 | AA69: =IF(J69>0,P69/J69*100,0) -> 0.66371681 | AB69: =IF(AND(P69<>"",P69>0),Q69/P69,0) -> 29123.333 | AC69: =IF(O69>0,L69/O69,0) -> 100.65 | AD69: =IF(X69="是",COUNTIFS($X$2:$X$5000,"是",$Z$2:$Z$5000,"<"&Z69)/COUNTIF($X$2:$X$5000,"是")*100,"") | AE69: =IF(X69="是",COUNTIFS($X$2:$X$5000,"是",$AA$2:$AA$5000,"<"&AA69)/COUNTIF($X$2:$X$5000,"是")*100,"") | AF69: =IF(X69="是",COUNTIFS($X$2:$X$5000,"是",$AC$2:$AC$5000,"<"&AC69)/COUNTIF($X$2:$X$5000,"是")*100,"") | AG69: =IF(X69="是",ROUND(AD69*0.3+AE69*0.55+AF69*0.15,2),"") | AH69: =IF(X69="是",COUNTIFS($X$2:$X$5000,"是",$AG$2:$AG$5000,">"&AG69)+1,"") | AI69: =IF(X69<>"是","非参评",IF(AND(AH69<=COUNTIF($X$2:$X$5000,"是")*0.2,AA69>MEDIAN(IF($X$2:$X$5000="是",$AA$2:$AA$5000))),"S",IF(AH69<=COUNTIF($X$2:$X$5000,"是")*0.5,"A",IF(AH69<=COUNTIF($X$2:$X$5000,"是")*0.8,"B","C")))) -> 非参评 | AJ69: =IF(G69="","无数据",IF(G69<30,"MOB1-",IF(G69<90,"MOB1-3",IF(G69<180,"MOB3-6",IF(G69<365,"MOB6-12","MOB12+"))))) -> MOB6-12
A70: 首贷 | B70: 管户金条-岐力职场 | C70: 789402 | D70: 汤润雨 | E70: 2025-07-09 11:47:53 | F70: 2025-07-09 11:47:53 | G70: 277 | H70: 277 | I70: 2026-04-07 17:32:46 | J70: 1687 | K70: 2426 | L70: 939 | M70: 100008 | N70: 78058 | O70: 18 | P70: 13 | Q70: 302100 | R70: 1 | S70: 2 | T70: 7000 | U70: 309100 | V70: =IF(OR(I70="",说明首页!$C$3-INT(I70)>7),"是","否") -> 否 | W70: =IF(OR(O70="",O70<22),"是","否") -> 是 | X70: =IF(AND(V70="否",W70="否"),"是","否") -> 否 | Y70: =IF(OR(I70="",说明首页!$C$3-INT(I70)>=3),"是","否") -> 是 | Z70: =IF(L70>0,N70/L70,0) -> 83.12886 | AA70: =IF(J70>0,P70/J70*100,0) -> 0.7705987 | AB70: =IF(AND(P70<>"",P70>0),Q70/P70,0) -> 23238.462 | AC70: =IF(O70>0,L70/O70,0) -> 52.166667 | AD70: =IF(X70="是",COUNTIFS($X$2:$X$5000,"是",$Z$2:$Z$5000,"<"&Z70)/COUNTIF($X$2:$X$5000,"是")*100,"") | AE70: =IF(X70="是",COUNTIFS($X$2:$X$5000,"是",$AA$2:$AA$5000,"<"&AA70)/COUNTIF($X$2:$X$5000,"是")*100,"") | AF70: =IF(X70="是",COUNTIFS($X$2:$X$5000,"是",$AC$2:$AC$5000,"<"&AC70)/COUNTIF($X$2:$X$5000,"是")*100,"") | AG70: =IF(X70="是",ROUND(AD70*0.3+AE70*0.55+AF70*0.15,2),"") | AH70: =IF(X70="是",COUNTIFS($X$2:$X$5000,"是",$AG$2:$AG$5000,">"&AG70)+1,"") | AI70: =IF(X70<>"是","非参评",IF(AND(AH70<=COUNTIF($X$2:$X$5000,"是")*0.2,AA70>MEDIAN(IF($X$2:$X$5000="是",$AA$2:$AA$5000))),"S",IF(AH70<=COUNTIF($X$2:$X$5000,"是")*0.5,"A",IF(AH70<=COUNTIF($X$2:$X$5000,"是")*0.8,"B","C")))) -> 非参评 | AJ70: =IF(G70="","无数据",IF(G70<30,"MOB1-",IF(G70<90,"MOB1-3",IF(G70<180,"MOB3-6",IF(G70<365,"MOB6-12","MOB12+"))))) -> MOB6-12
A71: 首贷 | B71: 管户金条-博岳石家庄职场 | C71: 801102 | D71: 席佳旺 | E71: 2026-01-09 10:13:59 | F71: 2026-01-09 10:13:59 | G71: 93 | H71: 93 | I71: 2026-04-12 17:59:04 | J71: 3694 | K71: 4914 | L71: 1842 | M71: 204485 | N71: 158756 | O71: 27 | P71: 36 | Q71: 3835700 | R71: 3 | S71: 4 | T71: 52000 | U71: 3887700 | V71: =IF(OR(I71="",说明首页!$C$3-INT(I71)>7),"是","否") -> 否 | W71: =IF(OR(O71="",O71<22),"是","否") -> 否 | X71: =IF(AND(V71="否",W71="否"),"是","否") -> 是 | Y71: =IF(OR(I71="",说明首页!$C$3-INT(I71)>=3),"是","否") -> 否 | Z71: =IF(L71>0,N71/L71,0) -> 86.186754 | AA71: =IF(J71>0,P71/J71*100,0) -> 0.97455333 | AB71: =IF(AND(P71<>"",P71>0),Q71/P71,0) -> 106547.22 | AC71: =IF(O71>0,L71/O71,0) -> 68.222222 | AD71: =IF(X71="是",COUNTIFS($X$2:$X$5000,"是",$Z$2:$Z$5000,"<"&Z71)/COUNTIF($X$2:$X$5000,"是")*100,"") -> 43.44086 | AE71: =IF(X71="是",COUNTIFS($X$2:$X$5000,"是",$AA$2:$AA$5000,"<"&AA71)/COUNTIF($X$2:$X$5000,"是")*100,"") -> 57.634409 | AF71: =IF(X71="是",COUNTIFS($X$2:$X$5000,"是",$AC$2:$AC$5000,"<"&AC71)/COUNTIF($X$2:$X$5000,"是")*100,"") -> 22.365591 | AG71: =IF(X71="是",ROUND(AD71*0.3+AE71*0.55+AF71*0.15,2),"") -> 48.09 | AH71: =IF(X71="是",COUNTIFS($X$2:$X$5000,"是",$AG$2:$AG$5000,">"&AG71)+1,"") -> 248 | AI71: =IF(X71<>"是","非参评",IF(AND(AH71<=COUNTIF($X$2:$X$5000,"是")*0.2,AA71>MEDIAN(IF($X$2:$X$5000="是",$AA$2:$AA$5000))),"S",IF(AH71<=COUNTIF($X$2:$X$5000,"是")*0.5,"A",IF(AH71<=COUNTIF($X$2:$X$5000,"是")*0.8,"B","C")))) -> B | AJ71: =IF(G71="","无数据",IF(G71<30,"MOB1-",IF(G71<90,"MOB1-3",IF(G71<180,"MOB3-6",IF(G71<365,"MOB6-12","MOB12+"))))) -> MOB3-6
A72: 首贷 | B72: 管户金条-毅航合肥职场 | C72: 739397 | D72: 朱虹珂 | E72: 2023-06-20 14:56:59 | F72: 2023-06-20 14:56:59 | G72: 1027 | H72: 1027 | I72: 2026-04-03 17:50:12 | J72: 403 | K72: 406 | L72: 132 | M72: 17012 | N72: 12585 | O72: 5 | P72: 3 | Q72: 8500 | R72: 0 | S72: 0 | U72: 8500 | V72: =IF(OR(I72="",说明首页!$C$3-INT(I72)>7),"是","否") -> 是 | W72: =IF(OR(O72="",O72<22),"是","否") -> 是 | X72: =IF(AND(V72="否",W72="否"),"是","否") -> 否 | Y72: =IF(OR(I72="",说明首页!$C$3-INT(I72)>=3),"是","否") -> 是 | Z72: =IF(L72>0,N72/L72,0) -> 95.340909 | AA72: =IF(J72>0,P72/J72*100,0) -> 0.74441687 | AB72: =IF(AND(P72<>"",P72>0),Q72/P72,0) -> 2833.3333 | AC72: =IF(O72>0,L72/O72,0) -> 26.4 | AD72: =IF(X72="是",COUNTIFS($X$2:$X$5000,"是",$Z$2:$Z$5000,"<"&Z72)/COUNTIF($X$2:$X$5000,"是")*100,"") | AE72: =IF(X72="是",COUNTIFS($X$2:$X$5000,"是",$AA$2:$AA$5000,"<"&AA72)/COUNTIF($X$2:$X$5000,"是")*100,"") | AF72: =IF(X72="是",COUNTIFS($X$2:$X$5000,"是",$AC$2:$AC$5000,"<"&AC72)/COUNTIF($X$2:$X$5000,"是")*100,"") | AG72: =IF(X72="是",ROUND(AD72*0.3+AE72*0.55+AF72*0.15,2),"") | AH72: =IF(X72="是",COUNTIFS($X$2:$X$5000,"是",$AG$2:$AG$5000,">"&AG72)+1,"") | AI72: =IF(X72<>"是","非参评",IF(AND(AH72<=COUNTIF($X$2:$X$5000,"是")*0.2,AA72>MEDIAN(IF($X$2:$X$5000="是",$AA$2:$AA$5000))),"S",IF(AH72<=COUNTIF($X$2:$X$5000,"是")*0.5,"A",IF(AH72<=COUNTIF($X$2:$X$5000,"是")*0.8,"B","C")))) -> 非参评 | AJ72: =IF(G72="","无数据",IF(G72<30,"MOB1-",IF(G72<90,"MOB1-3",IF(G72<180,"MOB3-6",IF(G72<365,"MOB6-12","MOB12+"))))) -> MOB12+
A73: 首贷 | B73: 管户金条-毅航合肥职场 | C73: 780695 | D73: 代楠楠 | E73: 2025-03-10 13:38:27 | F73: 2025-03-10 13:38:27 | G73: 398 | H73: 398 | I73: 2026-04-03 17:43:41 | J73: 284 | K73: 284 | L73: 115 | M73: 15431 | N73: 13075 | O73: 5 | P73: 2 | Q73: 3000 | R73: 0 | S73: 0 | U73: 3000 | V73: =IF(OR(I73="",说明首页!$C$3-INT(I73)>7),"是","否") -> 是 | W73: =IF(OR(O73="",O73<22),"是","否") -> 是 | X73: =IF(AND(V73="否",W73="否"),"是","否") -> 否 | Y73: =IF(OR(I73="",说明首页!$C$3-INT(I73)>=3),"是","否") -> 是 | Z73: =IF(L73>0,N73/L73,0) -> 113.69565 | AA73: =IF(J73>0,P73/J73*100,0) -> 0.70422535 | AB73: =IF(AND(P73<>"",P73>0),Q73/P73,0) -> 1500 | AC73: =IF(O73>0,L73/O73,0) -> 23 | AD73: =IF(X73="是",COUNTIFS($X$2:$X$5000,"是",$Z$2:$Z$5000,"<"&Z73)/COUNTIF($X$2:$X$5000,"是")*100,"") | AE73: =IF(X73="是",COUNTIFS($X$2:$X$5000,"是",$AA$2:$AA$5000,"<"&AA73)/COUNTIF($X$2:$X$5000,"是")*100,"") | AF73: =IF(X73="是",COUNTIFS($X$2:$X$5000,"是",$AC$2:$AC$5000,"<"&AC73)/COUNTIF($X$2:$X$5000,"是")*100,"") | AG73: =IF(X73="是",ROUND(AD73*0.3+AE73*0.55+AF73*0.15,2),"") | AH73: =IF(X73="是",COUNTIFS($X$2:$X$5000,"是",$AG$2:$AG$5000,">"&AG73)+1,"") | AI73: =IF(X73<>"是","非参评",IF(AND(AH73<=COUNTIF($X$2:$X$5000,"是")*0.2,AA73>MEDIAN(IF($X$2:$X$5000="是",$AA$2:$AA$5000))),"S",IF(AH73<=COUNTIF($X$2:$X$5000,"是")*0.5,"A",IF(AH73<=COUNTIF($X$2:$X$5000,"是")*0.8,"B","C")))) -> 非参评 | AJ73: =IF(G73="","无数据",IF(G73<30,"MOB1-",IF(G73<90,"MOB1-3",IF(G73<180,"MOB3-6",IF(G73<365,"MOB6-12","MOB12+"))))) -> MOB12+
A74: 首贷 | B74: 管户金条-广达陕西职场 | C74: 795764 | D74: 秘瑞婷 | E74: 2026-03-24 10:48:02 | F74: 2026-03-24 10:48:02 | G74: 19 | H74: 19 | I74: 2026-04-10 17:44:32 | J74: 10 | K74: 10 | L74: 8 | M74: 749 | N74: 735 | V74: =IF(OR(I74="",说明首页!$C$3-INT(I74)>7),"是","否") -> 否 | W74: =IF(OR(O74="",O74<22),"是","否") -> 是 | X74: =IF(AND(V74="否",W74="否"),"是","否") -> 否 | Y74: =IF(OR(I74="",说明首页!$C$3-INT(I74)>=3),"是","否") -> 否 | Z74: =IF(L74>0,N74/L74,0) -> 91.875 | AA74: =IF(J74>0,P74/J74*100,0) -> 0 | AB74: =IF(AND(P74<>"",P74>0),Q74/P74,0) -> 0 | AC74: =IF(O74>0,L74/O74,0) -> 0 | AD74: =IF(X74="是",COUNTIFS($X$2:$X$5000,"是",$Z$2:$Z$5000,"<"&Z74)/COUNTIF($X$2:$X$5000,"是")*100,"") | AE74: =IF(X74="是",COUNTIFS($X$2:$X$5000,"是",$AA$2:$AA$5000,"<"&AA74)/COUNTIF($X$2:$X$5000,"是")*100,"") | AF74: =IF(X74="是",COUNTIFS($X$2:$X$5000,"是",$AC$2:$AC$5000,"<"&AC74)/COUNTIF($X$2:$X$5000,"是")*100,"") | AG74: =IF(X74="是",ROUND(AD74*0.3+AE74*0.55+AF74*0.15,2),"") | AH74: =IF(X74="是",COUNTIFS($X$2:$X$5000,"是",$AG$2:$AG$5000,">"&AG74)+1,"") | AI74: =IF(X74<>"是","非参评",IF(AND(AH74<=COUNTIF($X$2:$X$5000,"是")*0.2,AA74>MEDIAN(IF($X$2:$X$5000="是",$AA$2:$AA$5000))),"S",IF(AH74<=COUNTIF($X$2:$X$5000,"是")*0.5,"A",IF(AH74<=COUNTIF($X$2:$X$5000,"是")*0.8,"B","C")))) -> 非参评 | AJ74: =IF(G74="","无数据",IF(G74<30,"MOB1-",IF(G74<90,"MOB1-3",IF(G74<180,"MOB3-6",IF(G74<365,"MOB6-12","MOB12+"))))) -> MOB1-
A75: 首贷 | B75: 管户金条-毅航合肥职场 | C75: 799989 | D75: 王杰 | E75: 2025-12-19 11:39:36 | F75: 2025-12-19 11:39:36 | G75: 114 | H75: 114 | I75: 2026-04-03 17:52:08 | J75: 363 | K75: 368 | L75: 158 | M75: 17750 | N75: 14437 | O75: 5 | P75: 1 | Q75: 1000 | R75: 0 | S75: 0 | U75: 1000 | V75: =IF(OR(I75="",说明首页!$C$3-INT(I75)>7),"是","否") -> 是 | W75: =IF(OR(O75="",O75<22),"是","否") -> 是 | X75: =IF(AND(V75="否",W75="否"),"是","否") -> 否 | Y75: =IF(OR(I75="",说明首页!$C$3-INT(I75)>=3),"是","否") -> 是 | Z75: =IF(L75>0,N75/L75,0) -> 91.373418 | AA75: =IF(J75>0,P75/J75*100,0) -> 0.27548209 | AB75: =IF(AND(P75<>"",P75>0),Q75/P75,0) -> 1000 | AC75: =IF(O75>0,L75/O75,0) -> 31.6 | AD75: =IF(X75="是",COUNTIFS($X$2:$X$5000,"是",$Z$2:$Z$5000,"<"&Z75)/COUNTIF($X$2:$X$5000,"是")*100,"") | AE75: =IF(X75="是",COUNTIFS($X$2:$X$5000,"是",$AA$2:$AA$5000,"<"&AA75)/COUNTIF($X$2:$X$5000,"是")*100,"") | AF75: =IF(X75="是",COUNTIFS($X$2:$X$5000,"是",$AC$2:$AC$5000,"<"&AC75)/COUNTIF($X$2:$X$5000,"是")*100,"") | AG75: =IF(X75="是",ROUND(AD75*0.3+AE75*0.55+AF75*0.15,2),"") | AH75: =IF(X75="是",COUNTIFS($X$2:$X$5000,"是",$AG$2:$AG$5000,">"&AG75)+1,"") | AI75: =IF(X75<>"是","非参评",IF(AND(AH75<=COUNTIF($X$2:$X$5000,"是")*0.2,AA75>MEDIAN(IF($X$2:$X$5000="是",$AA$2:$AA$5000))),"S",IF(AH75<=COUNTIF($X$2:$X$5000,"是")*0.5,"A",IF(AH75<=COUNTIF($X$2:$X$5000,"是")*0.8,"B","C")))) -> 非参评 | AJ75: =IF(G75="","无数据",IF(G75<30,"MOB1-",IF(G75<90,"MOB1-3",IF(G75<180,"MOB3-6",IF(G75<365,"MOB6-12","MOB12+"))))) -> MOB3-6
A76: 首贷 | B76: 管户金条-博岳石家庄职场 | C76: 804808 | D76: 黄佳奕 | E76: 2026-03-25 11:41:44 | F76: 2026-03-25 11:41:44 | G76: 18 | H76: 18 | I76: 2026-03-25 17:05:48 | J76: 29 | K76: 29 | L76: 2 | M76: 546 | N76: 173 | V76: =IF(OR(I76="",说明首页!$C$3-INT(I76)>7),"是","否") -> 是 | W76: =IF(OR(O76="",O76<22),"是","否") -> 是 | X76: =IF(AND(V76="否",W76="否"),"是","否") -> 否 | Y76: =IF(OR(I76="",说明首页!$C$3-INT(I76)>=3),"是","否") -> 是 | Z76: =IF(L76>0,N76/L76,0) -> 86.5 | AA76: =IF(J76>0,P76/J76*100,0) -> 0 | AB76: =IF(AND(P76<>"",P76>0),Q76/P76,0) -> 0 | AC76: =IF(O76>0,L76/O76,0) -> 0 | AD76: =IF(X76="是",COUNTIFS($X$2:$X$5000,"是",$Z$2:$Z$5000,"<"&Z76)/COUNTIF($X$2:$X$5000,"是")*100,"") | AE76: =IF(X76="是",COUNTIFS($X$2:$X$5000,"是",$AA$2:$AA$5000,"<"&AA76)/COUNTIF($X$2:$X$5000,"是")*100,"") | AF76: =IF(X76="是",COUNTIFS($X$2:$X$5000,"是",$AC$2:$AC$5000,"<"&AC76)/COUNTIF($X$2:$X$5000,"是")*100,"") | AG76: =IF(X76="是",ROUND(AD76*0.3+AE76*0.55+AF76*0.15,2),"") | AH76: =IF(X76="是",COUNTIFS($X$2:$X$5000,"是",$AG$2:$AG$5000,">"&AG76)+1,"") | AI76: =IF(X76<>"是","非参评",IF(AND(AH76<=COUNTIF($X$2:$X$5000,"是")*0.2,AA76>MEDIAN(IF($X$2:$X$5000="是",$AA$2:$AA$5000))),"S",IF(AH76<=COUNTIF($X$2:$X$5000,"是")*0.5,"A",IF(AH76<=COUNTIF($X$2:$X$5000,"是")*0.8,"B","C")))) -> 非参评 | AJ76: =IF(G76="","无数据",IF(G76<30,"MOB1-",IF(G76<90,"MOB1-3",IF(G76<180,"MOB3-6",IF(G76<365,"MOB6-12","MOB12+"))))) -> MOB1-
A77: 首贷 | B77: 管户金条-毅航合肥职场 | C77: 781302 | D77: 陈志伟 | E77: 2025-03-21 14:16:36 | F77: 2025-03-21 14:16:36 | G77: 387 | H77: 387 | I77: 2026-04-12 11:48:49 | J77: 4215 | K77: 4976 | L77: 1368 | M77: 226818 | N77: 173610 | O77: 26 | P77: 87 | Q77: 4495600 | R77: 3 | S77: 5 | T77: 41000 | U77: 4536600 | V77: =IF(OR(I77="",说明首页!$C$3-INT(I77)>7),"是","否") -> 否 | W77: =IF(OR(O77="",O77<22),"是","否") -> 否 | X77: =IF(AND(V77="否",W77="否"),"是","否") -> 是 | Y77: =IF(OR(I77="",说明首页!$C$3-INT(I77)>=3),"是","否") -> 否 | Z77: =IF(L77>0,N77/L77,0) -> 126.90789 | AA77: =IF(J77>0,P77/J77*100,0) -> 2.0640569 | AB77: =IF(AND(P77<>"",P77>0),Q77/P77,0) -> 51673.563 | AC77: =IF(O77>0,L77/O77,0) -> 52.615385 | AD77: =IF(X77="是",COUNTIFS($X$2:$X$5000,"是",$Z$2:$Z$5000,"<"&Z77)/COUNTIF($X$2:$X$5000,"是")*100,"") -> 98.064516 | AE77: =IF(X77="是",COUNTIFS($X$2:$X$5000,"是",$AA$2:$AA$5000,"<"&AA77)/COUNTIF($X$2:$X$5000,"是")*100,"") -> 98.709677 | AF77: =IF(X77="是",COUNTIFS($X$2:$X$5000,"是",$AC$2:$AC$5000,"<"&AC77)/COUNTIF($X$2:$X$5000,"是")*100,"") -> 3.655914 | AG77: =IF(X77="是",ROUND(AD77*0.3+AE77*0.55+AF77*0.15,2),"") -> 84.26 | AH77: =IF(X77="是",COUNTIFS($X$2:$X$5000,"是",$AG$2:$AG$5000,">"&AG77)+1,"") -> 18 | AI77: =IF(X77<>"是","非参评",IF(AND(AH77<=COUNTIF($X$2:$X$5000,"是")*0.2,AA77>MEDIAN(IF($X$2:$X$5000="是",$AA$2:$AA$5000))),"S",IF(AH77<=COUNTIF($X$2:$X$5000,"是")*0.5,"A",IF(AH77<=COUNTIF($X$2:$X$5000,"是")*0.8,"B","C")))) -> S | AJ77: =IF(G77="","无数据",IF(G77<30,"MOB1-",IF(G77<90,"MOB1-3",IF(G77<180,"MOB3-6",IF(G77<365,"MOB6-12","MOB12+"))))) -> MOB12+
A78: 首贷 | B78: 管户金条-翰锐曲靖职场 | C78: 803998 | D78: 范绍富 | E78: 2026-03-11 09:37:43 | F78: 2026-03-11 09:37:43 | G78: 32 | H78: 32 | I78: 2026-03-13 17:04:57 | J78: 121 | K78: 121 | L78: 50 | M78: 4206 | N78: 2997 | O78: 1 | V78: =IF(OR(I78="",说明首页!$C$3-INT(I78)>7),"是","否") -> 是 | W78: =IF(OR(O78="",O78<22),"是","否") -> 是 | X78: =IF(AND(V78="否",W78="否"),"是","否") -> 否 | Y78: =IF(OR(I78="",说明首页!$C$3-INT(I78)>=3),"是","否") -> 是 | Z78: =IF(L78>0,N78/L78,0) -> 59.94 | AA78: =IF(J78>0,P78/J78*100,0) -> 0 | AB78: =IF(AND(P78<>"",P78>0),Q78/P78,0) -> 0 | AC78: =IF(O78>0,L78/O78,0) -> 50 | AD78: =IF(X78="是",COUNTIFS($X$2:$X$5000,"是",$Z$2:$Z$5000,"<"&Z78)/COUNTIF($X$2:$X$5000,"是")*100,"") | AE78: =IF(X78="是",COUNTIFS($X$2:$X$5000,"是",$AA$2:$AA$5000,"<"&AA78)/COUNTIF($X$2:$X$5000,"是")*100,"") | AF78: =IF(X78="是",COUNTIFS($X$2:$X$5000,"是",$AC$2:$AC$5000,"<"&AC78)/COUNTIF($X$2:$X$5000,"是")*100,"") | AG78: =IF(X78="是",ROUND(AD78*0.3+AE78*0.55+AF78*0.15,2),"") | AH78: =IF(X78="是",COUNTIFS($X$2:$X$5000,"是",$AG$2:$AG$5000,">"&AG78)+1,"") | AI78: =IF(X78<>"是","非参评",IF(AND(AH78<=COUNTIF($X$2:$X$5000,"是")*0.2,AA78>MEDIAN(IF($X$2:$X$5000="是",$AA$2:$AA$5000))),"S",IF(AH78<=COUNTIF($X$2:$X$5000,"是")*0.5,"A",IF(AH78<=COUNTIF($X$2:$X$5000,"是")*0.8,"B","C")))) -> 非参评 | AJ78: =IF(G78="","无数据",IF(G78<30,"MOB1-",IF(G78<90,"MOB1-3",IF(G78<180,"MOB3-6",IF(G78<365,"MOB6-12","MOB12+"))))) -> MOB1-3
A79: 首贷 | B79: 管户金条-赛维斯职场 | C79: 806165 | D79: 安丛飞 | E79: 2026-04-01 10:24:30 | F79: 2026-04-01 10:24:30 | G79: 11 | H79: 11 | I79: 2026-04-11 18:38:13 | J79: 1623 | K79: 1799 | L79: 762 | M79: 70205 | N79: 54419 | O79: 10 | P79: 9 | Q79: 132100 | R79: 1 | S79: 1 | T79: 39700 | U79: 171800 | V79: =IF(OR(I79="",说明首页!$C$3-INT(I79)>7),"是","否") -> 否 | W79: =IF(OR(O79="",O79<22),"是","否") -> 是 | X79: =IF(AND(V79="否",W79="否"),"是","否") -> 否 | Y79: =IF(OR(I79="",说明首页!$C$3-INT(I79)>=3),"是","否") -> 否 | Z79: =IF(L79>0,N79/L79,0) -> 71.41601 | AA79: =IF(J79>0,P79/J79*100,0) -> 0.55452865 | AB79: =IF(AND(P79<>"",P79>0),Q79/P79,0) -> 14677.778 | AC79: =IF(O79>0,L79/O79,0) -> 76.2 | AD79: =IF(X79="是",COUNTIFS($X$2:$X$5000,"是",$Z$2:$Z$5000,"<"&Z79)/COUNTIF($X$2:$X$5000,"是")*100,"") | AE79: =IF(X79="是",COUNTIFS($X$2:$X$5000,"是",$AA$2:$AA$5000,"<"&AA79)/COUNTIF($X$2:$X$5000,"是")*100,"") | AF79: =IF(X79="是",COUNTIFS($X$2:$X$5000,"是",$AC$2:$AC$5000,"<"&AC79)/COUNTIF($X$2:$X$5000,"是")*100,"") | AG79: =IF(X79="是",ROUND(AD79*0.3+AE79*0.55+AF79*0.15,2),"") | AH79: =IF(X79="是",COUNTIFS($X$2:$X$5000,"是",$AG$2:$AG$5000,">"&AG79)+1,"") | AI79: =IF(X79<>"是","非参评",IF(AND(AH79<=COUNTIF($X$2:$X$5000,"是")*0.2,AA79>MEDIAN(IF($X$2:$X$5000="是",$AA$2:$AA$5000))),"S",IF(AH79<=COUNTIF($X$2:$X$5000,"是")*0.5,"A",IF(AH79<=COUNTIF($X$2:$X$5000,"是")*0.8,"B","C")))) -> 非参评 | AJ79: =IF(G79="","无数据",IF(G79<30,"MOB1-",IF(G79<90,"MOB1-3",IF(G79<180,"MOB3-6",IF(G79<365,"MOB6-12","MOB12+"))))) -> MOB1-
A80: 首贷 | B80: 管户金条-毛毛虫职场 | C80: 743996 | D80: 贾代周 | E80: 2023-08-09 10:20:27 | F80: 2023-08-09 10:20:27 | G80: 977 | H80: 977 | I80: 2026-04-11 16:38:42 | J80: 5533 | K80: 6222 | L80: 2141 | M80: 230254 | N80: 176905 | O80: 24 | P80: 55 | Q80: 1721400 | R80: 3 | S80: 3 | T80: 104500 | U80: 1825900 | V80: =IF(OR(I80="",说明首页!$C$3-INT(I80)>7),"是","否") -> 否 | W80: =IF(OR(O80="",O80<22),"是","否") -> 否 | X80: =IF(AND(V80="否",W80="否"),"是","否") -> 是 | Y80: =IF(OR(I80="",说明首页!$C$3-INT(I80)>=3),"是","否") -> 否 | Z80: =IF(L80>0,N80/L80,0) -> 82.627277 | AA80: =IF(J80>0,P80/J80*100,0) -> 0.99403579 | AB80: =IF(AND(P80<>"",P80>0),Q80/P80,0) -> 31298.182 | AC80: =IF(O80>0,L80/O80,0) -> 89.208333 | AD80: =IF(X80="是",COUNTIFS($X$2:$X$5000,"是",$Z$2:$Z$5000,"<"&Z80)/COUNTIF($X$2:$X$5000,"是")*100,"") -> 33.548387 | AE80: =IF(X80="是",COUNTIFS($X$2:$X$5000,"是",$AA$2:$AA$5000,"<"&AA80)/COUNTIF($X$2:$X$5000,"是")*100,"") -> 60.215054 | AF80: =IF(X80="是",COUNTIFS($X$2:$X$5000,"是",$AC$2:$AC$5000,"<"&AC80)/COUNTIF($X$2:$X$5000,"是")*100,"") -> 81.290323 | AG80: =IF(X80="是",ROUND(AD80*0.3+AE80*0.55+AF80*0.15,2),"") -> 55.38 | AH80: =IF(X80="是",COUNTIFS($X$2:$X$5000,"是",$AG$2:$AG$5000,">"&AG80)+1,"") -> 189 | AI80: =IF(X80<>"是","非参评",IF(AND(AH80<=COUNTIF($X$2:$X$5000,"是")*0.2,AA80>MEDIAN(IF($X$2:$X$5000="是",$AA$2:$AA$5000))),"S",IF(AH80<=COUNTIF($X$2:$X$5000,"是")*0.5,"A",IF(AH80<=COUNTIF($X$2:$X$5000,"是")*0.8,"B","C")))) -> A | AJ80: =IF(G80="","无数据",IF(G80<30,"MOB1-",IF(G80<90,"MOB1-3",IF(G80<180,"MOB3-6",IF(G80<365,"MOB6-12","MOB12+"))))) -> MOB12+
A81: 首贷 | B81: 管户金条-汇讯职场 | C81: 768537 | D81: 江洪渝 | E81: 2024-09-25 14:03:37 | F81: 2024-09-25 14:03:37 | G81: 564 | H81: 564 | I81: 2026-04-11 18:27:51 | J81: 5331 | K81: 6663 | L81: 1459 | M81: 213044 | N81: 144236 | O81: 23 | P81: 50 | Q81: 2446200 | R81: 3 | S81: 6 | T81: 61700 | U81: 2507900 | V81: =IF(OR(I81="",说明首页!$C$3-INT(I81)>7),"是","否") -> 否 | W81: =IF(OR(O81="",O81<22),"是","否") -> 否 | X81: =IF(AND(V81="否",W81="否"),"是","否") -> 是 | Y81: =IF(OR(I81="",说明首页!$C$3-INT(I81)>=3),"是","否") -> 否 | Z81: =IF(L81>0,N81/L81,0) -> 98.859493 | AA81: =IF(J81>0,P81/J81*100,0) -> 0.93791034 | AB81: =IF(AND(P81<>"",P81>0),Q81/P81,0) -> 48924 | AC81: =IF(O81>0,L81/O81,0) -> 63.434783 | AD81: =IF(X81="是",COUNTIFS($X$2:$X$5000,"是",$Z$2:$Z$5000,"<"&Z81)/COUNTIF($X$2:$X$5000,"是")*100,"") -> 77.204301 | AE81: =IF(X81="是",COUNTIFS($X$2:$X$5000,"是",$AA$2:$AA$5000,"<"&AA81)/COUNTIF($X$2:$X$5000,"是")*100,"") -> 51.827957 | AF81: =IF(X81="是",COUNTIFS($X$2:$X$5000,"是",$AC$2:$AC$5000,"<"&AC81)/COUNTIF($X$2:$X$5000,"是")*100,"") -> 14.193548 | AG81: =IF(X81="是",ROUND(AD81*0.3+AE81*0.55+AF81*0.15,2),"") -> 53.8 | AH81: =IF(X81="是",COUNTIFS($X$2:$X$5000,"是",$AG$2:$AG$5000,">"&AG81)+1,"") -> 203 | AI81: =IF(X81<>"是","非参评",IF(AND(AH81<=COUNTIF($X$2:$X$5000,"是")*0.2,AA81>MEDIAN(IF($X$2:$X$5000="是",$AA$2:$AA$5000))),"S",IF(AH81<=COUNTIF($X$2:$X$5000,"是")*0.5,"A",IF(AH81<=COUNTIF($X$2:$X$5000,"是")*0.8,"B","C")))) -> A | AJ81: =IF(G81="","无数据",IF(G81<30,"MOB1-",IF(G81<90,"MOB1-3",IF(G81<180,"MOB3-6",IF(G81<365,"MOB6-12","MOB12+"))))) -> MOB12+
A82: 首贷 | B82: 管户金条-毅航合肥职场 | C82: 798867 | D82: 孙陕陕 | E82: 2025-12-05 10:03:13 | F82: 2025-12-05 10:03:13 | G82: 128 | H82: 128 | I82: 2026-04-12 18:49:06 | J82: 5148 | K82: 5982 | L82: 2258 | M82: 301150 | N82: 241748 | O82: 26 | P82: 84 | Q82: 5272800 | R82: 5 | S82: 6 | T82: 59700 | U82: 5332500 | V82: =IF(OR(I82="",说明首页!$C$3-INT(I82)>7),"是","否") -> 否 | W82: =IF(OR(O82="",O82<22),"是","否") -> 否 | X82: =IF(AND(V82="否",W82="否"),"是","否") -> 是 | Y82: =IF(OR(I82="",说明首页!$C$3-INT(I82)>=3),"是","否") -> 否 | Z82: =IF(L82>0,N82/L82,0) -> 107.06289 | AA82: =IF(J82>0,P82/J82*100,0) -> 1.6317016 | AB82: =IF(AND(P82<>"",P82>0),Q82/P82,0) -> 62771.429 | AC82: =IF(O82>0,L82/O82,0) -> 86.846154 | AD82: =IF(X82="是",COUNTIFS($X$2:$X$5000,"是",$Z$2:$Z$5000,"<"&Z82)/COUNTIF($X$2:$X$5000,"是")*100,"") -> 86.666667 | AE82: =IF(X82="是",COUNTIFS($X$2:$X$5000,"是",$AA$2:$AA$5000,"<"&AA82)/COUNTIF($X$2:$X$5000,"是")*100,"") -> 94.83871 | AF82: =IF(X82="是",COUNTIFS($X$2:$X$5000,"是",$AC$2:$AC$5000,"<"&AC82)/COUNTIF($X$2:$X$5000,"是")*100,"") -> 75.268817 | AG82: =IF(X82="是",ROUND(AD82*0.3+AE82*0.55+AF82*0.15,2),"") -> 89.45 | AH82: =IF(X82="是",COUNTIFS($X$2:$X$5000,"是",$AG$2:$AG$5000,">"&AG82)+1,"") -> 5 | AI82: =IF(X82<>"是","非参评",IF(AND(AH82<=COUNTIF($X$2:$X$5000,"是")*0.2,AA82>MEDIAN(IF($X$2:$X$5000="是",$AA$2:$AA$5000))),"S",IF(AH82<=COUNTIF($X$2:$X$5000,"是")*0.5,"A",IF(AH82<=COUNTIF($X$2:$X$5000,"是")*0.8,"B","C")))) -> S | AJ82: =IF(G82="","无数据",IF(G82<30,"MOB1-",IF(G82<90,"MOB1-3",IF(G82<180,"MOB3-6",IF(G82<365,"MOB6-12","MOB12+"))))) -> MOB3-6
A83: 首贷 | B83: 管户金条-毅航合肥职场 | C83: 731091 | D83: 马书芹 | E83: 2023-01-05 09:55:52 | F83: 2023-01-05 09:55:52 | G83: 1193 | H83: 1193 | I83: 2026-04-12 20:33:32 | J83: 7629 | K83: 9011 | L83: 2074 | M83: 285950 | N83: 186128 | O83: 29 | P83: 98 | Q83: 5275200 | R83: 8 | S83: 10 | T83: 271700 | U83: 5546900 | V83: =IF(OR(I83="",说明首页!$C$3-INT(I83)>7),"是","否") -> 否 | W83: =IF(OR(O83="",O83<22),"是","否") -> 否 | X83: =IF(AND(V83="否",W83="否"),"是","否") -> 是 | Y83: =IF(OR(I83="",说明首页!$C$3-INT(I83)>=3),"是","否") -> 否 | Z83: =IF(L83>0,N83/L83,0) -> 89.743491 | AA83: =IF(J83>0,P83/J83*100,0) -> 1.284572 | AB83: =IF(AND(P83<>"",P83>0),Q83/P83,0) -> 53828.571 | AC83: =IF(O83>0,L83/O83,0) -> 71.517241 | AD83: =IF(X83="是",COUNTIFS($X$2:$X$5000,"是",$Z$2:$Z$5000,"<"&Z83)/COUNTIF($X$2:$X$5000,"是")*100,"") -> 55.913978 | AE83: =IF(X83="是",COUNTIFS($X$2:$X$5000,"是",$AA$2:$AA$5000,"<"&AA83)/COUNTIF($X$2:$X$5000,"是")*100,"") -> 82.580645 | AF83: =IF(X83="是",COUNTIFS($X$2:$X$5000,"是",$AC$2:$AC$5000,"<"&AC83)/COUNTIF($X$2:$X$5000,"是")*100,"") -> 29.892473 | AG83: =IF(X83="是",ROUND(AD83*0.3+AE83*0.55+AF83*0.15,2),"") -> 66.68 | AH83: =IF(X83="是",COUNTIFS($X$2:$X$5000,"是",$AG$2:$AG$5000,">"&AG83)+1,"") -> 112 | AI83: =IF(X83<>"是","非参评",IF(AND(AH83<=COUNTIF($X$2:$X$5000,"是")*0.2,AA83>MEDIAN(IF($X$2:$X$5000="是",$AA$2:$AA$5000))),"S",IF(AH83<=COUNTIF($X$2:$X$5000,"是")*0.5,"A",IF(AH83<=COUNTIF($X$2:$X$5000,"是")*0.8,"B","C")))) -> A | AJ83: =IF(G83="","无数据",IF(G83<30,"MOB1-",IF(G83<90,"MOB1-3",IF(G83<180,"MOB3-6",IF(G83<365,"MOB6-12","MOB12+"))))) -> MOB12+
A84: 首贷 | B84: 管户金条-广达陕西职场 | C84: 643324 | D84: 杨娟 | E84: 2021-04-13 09:05:51 | F84: 2021-04-13 09:05:51 | G84: 1825 | H84: 1825 | I84: 2026-04-12 17:51:19 | J84: 5138 | K84: 6285 | L84: 2170 | M84: 251087 | N84: 188952 | O84: 28 | P84: 66 | Q84: 3913200 | R84: 4 | S84: 5 | T84: 33700 | U84: 3946900 | V84: =IF(OR(I84="",说明首页!$C$3-INT(I84)>7),"是","否") -> 否 | W84: =IF(OR(O84="",O84<22),"是","否") -> 否 | X84: =IF(AND(V84="否",W84="否"),"是","否") -> 是 | Y84: =IF(OR(I84="",说明首页!$C$3-INT(I84)>=3),"是","否") -> 否 | Z84: =IF(L84>0,N84/L84,0) -> 87.074654 | AA84: =IF(J84>0,P84/J84*100,0) -> 1.2845465 | AB84: =IF(AND(P84<>"",P84>0),Q84/P84,0) -> 59290.909 | AC84: =IF(O84>0,L84/O84,0) -> 77.5 | AD84: =IF(X84="是",COUNTIFS($X$2:$X$5000,"是",$Z$2:$Z$5000,"<"&Z84)/COUNTIF($X$2:$X$5000,"是")*100,"") -> 47.526882 | AE84: =IF(X84="是",COUNTIFS($X$2:$X$5000,"是",$AA$2:$AA$5000,"<"&AA84)/COUNTIF($X$2:$X$5000,"是")*100,"") -> 82.365591 | AF84: =IF(X84="是",COUNTIFS($X$2:$X$5000,"是",$AC$2:$AC$5000,"<"&AC84)/COUNTIF($X$2:$X$5000,"是")*100,"") -> 47.956989 | AG84: =IF(X84="是",ROUND(AD84*0.3+AE84*0.55+AF84*0.15,2),"") -> 66.75 | AH84: =IF(X84="是",COUNTIFS($X$2:$X$5000,"是",$AG$2:$AG$5000,">"&AG84)+1,"") -> 111 | AI84: =IF(X84<>"是","非参评",IF(AND(AH84<=COUNTIF($X$2:$X$5000,"是")*0.2,AA84>MEDIAN(IF($X$2:$X$5000="是",$AA$2:$AA$5000))),"S",IF(AH84<=COUNTIF($X$2:$X$5000,"是")*0.5,"A",IF(AH84<=COUNTIF($X$2:$X$5000,"是")*0.8,"B","C")))) -> A | AJ84: =IF(G84="","无数据",IF(G84<30,"MOB1-",IF(G84<90,"MOB1-3",IF(G84<180,"MOB3-6",IF(G84<365,"MOB6-12","MOB12+"))))) -> MOB12+
A85: 首贷 | B85: 管户金条-人和职场 | C85: 763403 | D85: 杨凤 | E85: 2024-05-23 09:20:06 | F85: 2024-05-23 09:20:06 | G85: 689 | H85: 689 | I85: 2026-04-12 20:11:23 | J85: 3413 | K85: 6038 | L85: 1569 | M85: 188666 | N85: 130524 | O85: 28 | P85: 31 | Q85: 754900 | R85: 1 | S85: 1 | T85: 1000 | U85: 755900 | V85: =IF(OR(I85="",说明首页!$C$3-INT(I85)>7),"是","否") -> 否 | W85: =IF(OR(O85="",O85<22),"是","否") -> 否 | X85: =IF(AND(V85="否",W85="否"),"是","否") -> 是 | Y85: =IF(OR(I85="",说明首页!$C$3-INT(I85)>=3),"是","否") -> 否 | Z85: =IF(L85>0,N85/L85,0) -> 83.189293 | AA85: =IF(J85>0,P85/J85*100,0) -> 0.90829183 | AB85: =IF(AND(P85<>"",P85>0),Q85/P85,0) -> 24351.613 | AC85: =IF(O85>0,L85/O85,0) -> 56.035714 | AD85: =IF(X85="是",COUNTIFS($X$2:$X$5000,"是",$Z$2:$Z$5000,"<"&Z85)/COUNTIF($X$2:$X$5000,"是")*100,"") -> 34.193548 | AE85: =IF(X85="是",COUNTIFS($X$2:$X$5000,"是",$AA$2:$AA$5000,"<"&AA85)/COUNTIF($X$2:$X$5000,"是")*100,"") -> 48.387097 | AF85: =IF(X85="是",COUNTIFS($X$2:$X$5000,"是",$AC$2:$AC$5000,"<"&AC85)/COUNTIF($X$2:$X$5000,"是")*100,"") -> 5.5913978 | AG85: =IF(X85="是",ROUND(AD85*0.3+AE85*0.55+AF85*0.15,2),"") -> 37.71 | AH85: =IF(X85="是",COUNTIFS($X$2:$X$5000,"是",$AG$2:$AG$5000,">"&AG85)+1,"") -> 318 | AI85: =IF(X85<>"是","非参评",IF(AND(AH85<=COUNTIF($X$2:$X$5000,"是")*0.2,AA85>MEDIAN(IF($X$2:$X$5000="是",$AA$2:$AA$5000))),"S",IF(AH85<=COUNTIF($X$2:$X$5000,"是")*0.5,"A",IF(AH85<=COUNTIF($X$2:$X$5000,"是")*0.8,"B","C")))) -> B | AJ85: =IF(G85="","无数据",IF(G85<30,"MOB1-",IF(G85<90,"MOB1-3",IF(G85<180,"MOB3-6",IF(G85<365,"MOB6-12","MOB12+"))))) -> MOB12+
A86: 首贷 | B86: 管户金条-汇讯职场 | C86: 806902 | D86: 龙雪蓉 | E86: 2026-04-02 14:32:26 | F86: 2026-04-02 14:32:26 | G86: 10 | H86: 10 | I86: 2026-04-06 12:07:40 | J86: 142 | K86: 159 | L86: 73 | M86: 6423 | N86: 4893 | O86: 3 | V86: =IF(OR(I86="",说明首页!$C$3-INT(I86)>7),"是","否") -> 否 | W86: =IF(OR(O86="",O86<22),"是","否") -> 是 | X86: =IF(AND(V86="否",W86="否"),"是","否") -> 否 | Y86: =IF(OR(I86="",说明首页!$C$3-INT(I86)>=3),"是","否") -> 是 | Z86: =IF(L86>0,N86/L86,0) -> 67.027397 | AA86: =IF(J86>0,P86/J86*100,0) -> 0 | AB86: =IF(AND(P86<>"",P86>0),Q86/P86,0) -> 0 | AC86: =IF(O86>0,L86/O86,0) -> 24.333333 | AD86: =IF(X86="是",COUNTIFS($X$2:$X$5000,"是",$Z$2:$Z$5000,"<"&Z86)/COUNTIF($X$2:$X$5000,"是")*100,"") | AE86: =IF(X86="是",COUNTIFS($X$2:$X$5000,"是",$AA$2:$AA$5000,"<"&AA86)/COUNTIF($X$2:$X$5000,"是")*100,"") | AF86: =IF(X86="是",COUNTIFS($X$2:$X$5000,"是",$AC$2:$AC$5000,"<"&AC86)/COUNTIF($X$2:$X$5000,"是")*100,"") | AG86: =IF(X86="是",ROUND(AD86*0.3+AE86*0.55+AF86*0.15,2),"") | AH86: =IF(X86="是",COUNTIFS($X$2:$X$5000,"是",$AG$2:$AG$5000,">"&AG86)+1,"") | AI86: =IF(X86<>"是","非参评",IF(AND(AH86<=COUNTIF($X$2:$X$5000,"是")*0.2,AA86>MEDIAN(IF($X$2:$X$5000="是",$AA$2:$AA$5000))),"S",IF(AH86<=COUNTIF($X$2:$X$5000,"是")*0.5,"A",IF(AH86<=COUNTIF($X$2:$X$5000,"是")*0.8,"B","C")))) -> 非参评 | AJ86: =IF(G86="","无数据",IF(G86<30,"MOB1-",IF(G86<90,"MOB1-3",IF(G86<180,"MOB3-6",IF(G86<365,"MOB6-12","MOB12+"))))) -> MOB1-
A87: 首贷 | B87: 管户金条-翰锐曲靖职场 | C87: 787641 | D87: 何绍党 | E87: 2025-06-25 09:19:12 | F87: 2025-06-25 09:19:12 | G87: 291 | H87: 291 | I87: 2026-04-08 18:49:48 | J87: 2905 | K87: 4260 | L87: 1083 | M87: 145615 | N87: 100185 | O87: 21 | P87: 48 | Q87: 1350600 | R87: 1 | S87: 1 | T87: 500 | U87: 1351100 | V87: =IF(OR(I87="",说明首页!$C$3-INT(I87)>7),"是","否") -> 否 | W87: =IF(OR(O87="",O87<22),"是","否") -> 是 | X87: =IF(AND(V87="否",W87="否"),"是","否") -> 否 | Y87: =IF(OR(I87="",说明首页!$C$3-INT(I87)>=3),"是","否") -> 是 | Z87: =IF(L87>0,N87/L87,0) -> 92.506925 | AA87: =IF(J87>0,P87/J87*100,0) -> 1.6523236 | AB87: =IF(AND(P87<>"",P87>0),Q87/P87,0) -> 28137.5 | AC87: =IF(O87>0,L87/O87,0) -> 51.571429 | AD87: =IF(X87="是",COUNTIFS($X$2:$X$5000,"是",$Z$2:$Z$5000,"<"&Z87)/COUNTIF($X$2:$X$5000,"是")*100,"") | AE87: =IF(X87="是",COUNTIFS($X$2:$X$5000,"是",$AA$2:$AA$5000,"<"&AA87)/COUNTIF($X$2:$X$5000,"是")*100,"") | AF87: =IF(X87="是",COUNTIFS($X$2:$X$5000,"是",$AC$2:$AC$5000,"<"&AC87)/COUNTIF($X$2:$X$5000,"是")*100,"") | AG87: =IF(X87="是",ROUND(AD87*0.3+AE87*0.55+AF87*0.15,2),"") | AH87: =IF(X87="是",COUNTIFS($X$2:$X$5000,"是",$AG$2:$AG$5000,">"&AG87)+1,"") | AI87: =IF(X87<>"是","非参评",IF(AND(AH87<=COUNTIF($X$2:$X$5000,"是")*0.2,AA87>MEDIAN(IF($X$2:$X$5000="是",$AA$2:$AA$5000))),"S",IF(AH87<=COUNTIF($X$2:$X$5000,"是")*0.5,"A",IF(AH87<=COUNTIF($X$2:$X$5000,"是")*0.8,"B","C")))) -> 非参评 | AJ87: =IF(G87="","无数据",IF(G87<30,"MOB1-",IF(G87<90,"MOB1-3",IF(G87<180,"MOB3-6",IF(G87<365,"MOB6-12","MOB12+"))))) -> MOB6-12
A88: 首贷 | B88: 管户金条-翰锐曲靖职场 | C88: 806987 | D88: 解道波 | E88: 2026-04-09 10:20:16 | F88: 2026-04-09 10:20:16 | G88: 3 | H88: 3 | I88: 2026-04-10 15:00:52 | J88: 8 | K88: 8 | L88: 4 | M88: 262 | N88: 184 | V88: =IF(OR(I88="",说明首页!$C$3-INT(I88)>7),"是","否") -> 否 | W88: =IF(OR(O88="",O88<22),"是","否") -> 是 | X88: =IF(AND(V88="否",W88="否"),"是","否") -> 否 | Y88: =IF(OR(I88="",说明首页!$C$3-INT(I88)>=3),"是","否") -> 否 | Z88: =IF(L88>0,N88/L88,0) -> 46 | AA88: =IF(J88>0,P88/J88*100,0) -> 0 | AB88: =IF(AND(P88<>"",P88>0),Q88/P88,0) -> 0 | AC88: =IF(O88>0,L88/O88,0) -> 0 | AD88: =IF(X88="是",COUNTIFS($X$2:$X$5000,"是",$Z$2:$Z$5000,"<"&Z88)/COUNTIF($X$2:$X$5000,"是")*100,"") | AE88: =IF(X88="是",COUNTIFS($X$2:$X$5000,"是",$AA$2:$AA$5000,"<"&AA88)/COUNTIF($X$2:$X$5000,"是")*100,"") | AF88: =IF(X88="是",COUNTIFS($X$2:$X$5000,"是",$AC$2:$AC$5000,"<"&AC88)/COUNTIF($X$2:$X$5000,"是")*100,"") | AG88: =IF(X88="是",ROUND(AD88*0.3+AE88*0.55+AF88*0.15,2),"") | AH88: =IF(X88="是",COUNTIFS($X$2:$X$5000,"是",$AG$2:$AG$5000,">"&AG88)+1,"") | AI88: =IF(X88<>"是","非参评",IF(AND(AH88<=COUNTIF($X$2:$X$5000,"是")*0.2,AA88>MEDIAN(IF($X$2:$X$5000="是",$AA$2:$AA$5000))),"S",IF(AH88<=COUNTIF($X$2:$X$5000,"是")*0.5,"A",IF(AH88<=COUNTIF($X$2:$X$5000,"是")*0.8,"B","C")))) -> 非参评 | AJ88: =IF(G88="","无数据",IF(G88<30,"MOB1-",IF(G88<90,"MOB1-3",IF(G88<180,"MOB3-6",IF(G88<365,"MOB6-12","MOB12+"))))) -> MOB1-
A89: 首贷 | B89: 管户金条-广达陕西职场 | C89: 803809 | D89: 戈思雨 | E89: 2026-03-11 13:33:02 | F89: 2026-03-11 13:33:02 | G89: 32 | H89: 32 | J89: 1 | K89: 1 | L89: 0 | M89: 25 | V89: =IF(OR(I89="",说明首页!$C$3-INT(I89)>7),"是","否") -> #VALUE! | W89: =IF(OR(O89="",O89<22),"是","否") -> 是 | X89: =IF(AND(V89="否",W89="否"),"是","否") -> #VALUE! | Y89: =IF(OR(I89="",说明首页!$C$3-INT(I89)>=3),"是","否") -> #VALUE! | Z89: =IF(L89>0,N89/L89,0) -> 0 | AA89: =IF(J89>0,P89/J89*100,0) -> 0 | AB89: =IF(AND(P89<>"",P89>0),Q89/P89,0) -> 0 | AC89: =IF(O89>0,L89/O89,0) -> 0 | AD89: =IF(X89="是",COUNTIFS($X$2:$X$5000,"是",$Z$2:$Z$5000,"<"&Z89)/COUNTIF($X$2:$X$5000,"是")*100,"") -> #VALUE! | AE89: =IF(X89="是",COUNTIFS($X$2:$X$5000,"是",$AA$2:$AA$5000,"<"&AA89)/COUNTIF($X$2:$X$5000,"是")*100,"") -> #VALUE! | AF89: =IF(X89="是",COUNTIFS($X$2:$X$5000,"是",$AC$2:$AC$5000,"<"&AC89)/COUNTIF($X$2:$X$5000,"是")*100,"") -> #VALUE! | AG89: =IF(X89="是",ROUND(AD89*0.3+AE89*0.55+AF89*0.15,2),"") -> #VALUE! | AH89: =IF(X89="是",COUNTIFS($X$2:$X$5000,"是",$AG$2:$AG$5000,">"&AG89)+1,"") -> #VALUE! | AI89: =IF(X89<>"是","非参评",IF(AND(AH89<=COUNTIF($X$2:$X$5000,"是")*0.2,AA89>MEDIAN(IF($X$2:$X$5000="是",$AA$2:$AA$5000))),"S",IF(AH89<=COUNTIF($X$2:$X$5000,"是")*0.5,"A",IF(AH89<=COUNTIF($X$2:$X$5000,"是")*0.8,"B","C")))) -> #VALUE! | AJ89: =IF(G89="","无数据",IF(G89<30,"MOB1-",IF(G89<90,"MOB1-3",IF(G89<180,"MOB3-6",IF(G89<365,"MOB6-12","MOB12+"))))) -> MOB1-3
A90: 首贷 | B90: 管户金条-毅航合肥职场 | C90: 742299 | D90: 陈星星 | E90: 2023-07-12 10:52:55 | F90: 2023-07-12 10:52:55 | G90: 1005 | H90: 1005 | I90: 2026-03-31 19:04:09 | J90: 2791 | K90: 3442 | L90: 963 | M90: 130775 | N90: 92930 | O90: 12 | P90: 34 | Q90: 1563800 | R90: 0 | S90: 0 | U90: 1563800 | V90: =IF(OR(I90="",说明首页!$C$3-INT(I90)>7),"是","否") -> 是 | W90: =IF(OR(O90="",O90<22),"是","否") -> 是 | X90: =IF(AND(V90="否",W90="否"),"是","否") -> 否 | Y90: =IF(OR(I90="",说明首页!$C$3-INT(I90)>=3),"是","否") -> 是 | Z90: =IF(L90>0,N90/L90,0) -> 96.500519 | AA90: =IF(J90>0,P90/J90*100,0) -> 1.2182014 | AB90: =IF(AND(P90<>"",P90>0),Q90/P90,0) -> 45994.118 | AC90: =IF(O90>0,L90/O90,0) -> 80.25 | AD90: =IF(X90="是",COUNTIFS($X$2:$X$5000,"是",$Z$2:$Z$5000,"<"&Z90)/COUNTIF($X$2:$X$5000,"是")*100,"") | AE90: =IF(X90="是",COUNTIFS($X$2:$X$5000,"是",$AA$2:$AA$5000,"<"&AA90)/COUNTIF($X$2:$X$5000,"是")*100,"") | AF90: =IF(X90="是",COUNTIFS($X$2:$X$5000,"是",$AC$2:$AC$5000,"<"&AC90)/COUNTIF($X$2:$X$5000,"是")*100,"") | AG90: =IF(X90="是",ROUND(AD90*0.3+AE90*0.55+AF90*0.15,2),"") | AH90: =IF(X90="是",COUNTIFS($X$2:$X$5000,"是",$AG$2:$AG$5000,">"&AG90)+1,"") | AI90: =IF(X90<>"是","非参评",IF(AND(AH90<=COUNTIF($X$2:$X$5000,"是")*0.2,AA90>MEDIAN(IF($X$2:$X$5000="是",$AA$2:$AA$5000))),"S",IF(AH90<=COUNTIF($X$2:$X$5000,"是")*0.5,"A",IF(AH90<=COUNTIF($X$2:$X$5000,"是")*0.8,"B","C")))) -> 非参评 | AJ90: =IF(G90="","无数据",IF(G90<30,"MOB1-",IF(G90<90,"MOB1-3",IF(G90<180,"MOB3-6",IF(G90<365,"MOB6-12","MOB12+"))))) -> MOB12+
A91: 首贷 | B91: 管户金条-汇讯职场 | C91: 767789 | D91: 杨婷婷 | E91: 2024-09-09 16:06:30 | F91: 2024-09-09 16:06:30 | G91: 580 | H91: 580 | I91: 2026-04-12 12:04:53 | J91: 3936 | K91: 4822 | L91: 1509 | M91: 199176 | N91: 154338 | O91: 22 | P91: 42 | Q91: 2109400 | R91: 4 | S91: 5 | T91: 17000 | U91: 2126400 | V91: =IF(OR(I91="",说明首页!$C$3-INT(I91)>7),"是","否") -> 否 | W91: =IF(OR(O91="",O91<22),"是","否") -> 否 | X91: =IF(AND(V91="否",W91="否"),"是","否") -> 是 | Y91: =IF(OR(I91="",说明首页!$C$3-INT(I91)>=3),"是","否") -> 否 | Z91: =IF(L91>0,N91/L91,0) -> 102.27833 | AA91: =IF(J91>0,P91/J91*100,0) -> 1.0670732 | AB91: =IF(AND(P91<>"",P91>0),Q91/P91,0) -> 50223.81 | AC91: =IF(O91>0,L91/O91,0) -> 68.590909 | AD91: =IF(X91="是",COUNTIFS($X$2:$X$5000,"是",$Z$2:$Z$5000,"<"&Z91)/COUNTIF($X$2:$X$5000,"是")*100,"") -> 81.075269 | AE91: =IF(X91="是",COUNTIFS($X$2:$X$5000,"是",$AA$2:$AA$5000,"<"&AA91)/COUNTIF($X$2:$X$5000,"是")*100,"") -> 66.451613 | AF91: =IF(X91="是",COUNTIFS($X$2:$X$5000,"是",$AC$2:$AC$5000,"<"&AC91)/COUNTIF($X$2:$X$5000,"是")*100,"") -> 23.870968 | AG91: =IF(X91="是",ROUND(AD91*0.3+AE91*0.55+AF91*0.15,2),"") -> 64.45 | AH91: =IF(X91="是",COUNTIFS($X$2:$X$5000,"是",$AG$2:$AG$5000,">"&AG91)+1,"") -> 122 | AI91: =IF(X91<>"是","非参评",IF(AND(AH91<=COUNTIF($X$2:$X$5000,"是")*0.2,AA91>MEDIAN(IF($X$2:$X$5000="是",$AA$2:$AA$5000))),"S",IF(AH91<=COUNTIF($X$2:$X$5000,"是")*0.5,"A",IF(AH91<=COUNTIF($X$2:$X$5000,"是")*0.8,"B","C")))) -> A | AJ91: =IF(G91="","无数据",IF(G91<30,"MOB1-",IF(G91<90,"MOB1-3",IF(G91<180,"MOB3-6",IF(G91<365,"MOB6-12","MOB12+"))))) -> MOB12+
A92: 首贷 | B92: 管户金条-赛维斯职场 | C92: 787170 | D92: 杨小燕 | E92: 2025-06-21 16:39:21 | F92: 2025-06-21 16:39:21 | G92: 295 | H92: 295 | I92: 2026-04-12 12:29:03 | J92: 5333 | K92: 6254 | L92: 2063 | M92: 228611 | N92: 170102 | O92: 28 | P92: 48 | Q92: 2507600 | R92: 3 | S92: 3 | T92: 17100 | U92: 2524700 | V92: =IF(OR(I92="",说明首页!$C$3-INT(I92)>7),"是","否") -> 否 | W92: =IF(OR(O92="",O92<22),"是","否") -> 否 | X92: =IF(AND(V92="否",W92="否"),"是","否") -> 是 | Y92: =IF(OR(I92="",说明首页!$C$3-INT(I92)>=3),"是","否") -> 否 | Z92: =IF(L92>0,N92/L92,0) -> 82.453708 | AA92: =IF(J92>0,P92/J92*100,0) -> 0.90005625 | AB92: =IF(AND(P92<>"",P92>0),Q92/P92,0) -> 52241.667 | AC92: =IF(O92>0,L92/O92,0) -> 73.678571 | AD92: =IF(X92="是",COUNTIFS($X$2:$X$5000,"是",$Z$2:$Z$5000,"<"&Z92)/COUNTIF($X$2:$X$5000,"是")*100,"") -> 32.258065 | AE92: =IF(X92="是",COUNTIFS($X$2:$X$5000,"是",$AA$2:$AA$5000,"<"&AA92)/COUNTIF($X$2:$X$5000,"是")*100,"") -> 47.096774 | AF92: =IF(X92="是",COUNTIFS($X$2:$X$5000,"是",$AC$2:$AC$5000,"<"&AC92)/COUNTIF($X$2:$X$5000,"是")*100,"") -> 36.344086 | AG92: =IF(X92="是",ROUND(AD92*0.3+AE92*0.55+AF92*0.15,2),"") -> 41.03 | AH92: =IF(X92="是",COUNTIFS($X$2:$X$5000,"是",$AG$2:$AG$5000,">"&AG92)+1,"") -> 300 | AI92: =IF(X92<>"是","非参评",IF(AND(AH92<=COUNTIF($X$2:$X$5000,"是")*0.2,AA92>MEDIAN(IF($X$2:$X$5000="是",$AA$2:$AA$5000))),"S",IF(AH92<=COUNTIF($X$2:$X$5000,"是")*0.5,"A",IF(AH92<=COUNTIF($X$2:$X$5000,"是")*0.8,"B","C")))) -> B | AJ92: =IF(G92="","无数据",IF(G92<30,"MOB1-",IF(G92<90,"MOB1-3",IF(G92<180,"MOB3-6",IF(G92<365,"MOB6-12","MOB12+"))))) -> MOB6-12
A93: 首贷 | B93: 管户金条-汇讯职场 | C93: 805022 | D93: 屈震博 | E93: 2026-03-26 14:45:30 | F93: 2026-03-26 14:45:30 | G93: 17 | H93: 17 | I93: 2026-03-26 16:02:39 | J93: 27 | K93: 27 | L93: 13 | M93: 1686 | N93: 1449 | V93: =IF(OR(I93="",说明首页!$C$3-INT(I93)>7),"是","否") -> 是 | W93: =IF(OR(O93="",O93<22),"是","否") -> 是 | X93: =IF(AND(V93="否",W93="否"),"是","否") -> 否 | Y93: =IF(OR(I93="",说明首页!$C$3-INT(I93)>=3),"是","否") -> 是 | Z93: =IF(L93>0,N93/L93,0) -> 111.46154 | AA93: =IF(J93>0,P93/J93*100,0) -> 0 | AB93: =IF(AND(P93<>"",P93>0),Q93/P93,0) -> 0 | AC93: =IF(O93>0,L93/O93,0) -> 0 | AD93: =IF(X93="是",COUNTIFS($X$2:$X$5000,"是",$Z$2:$Z$5000,"<"&Z93)/COUNTIF($X$2:$X$5000,"是")*100,"") | AE93: =IF(X93="是",COUNTIFS($X$2:$X$5000,"是",$AA$2:$AA$5000,"<"&AA93)/COUNTIF($X$2:$X$5000,"是")*100,"") | AF93: =IF(X93="是",COUNTIFS($X$2:$X$5000,"是",$AC$2:$AC$5000,"<"&AC93)/COUNTIF($X$2:$X$5000,"是")*100,"") | AG93: =IF(X93="是",ROUND(AD93*0.3+AE93*0.55+AF93*0.15,2),"") | AH93: =IF(X93="是",COUNTIFS($X$2:$X$5000,"是",$AG$2:$AG$5000,">"&AG93)+1,"") | AI93: =IF(X93<>"是","非参评",IF(AND(AH93<=COUNTIF($X$2:$X$5000,"是")*0.2,AA93>MEDIAN(IF($X$2:$X$5000="是",$AA$2:$AA$5000))),"S",IF(AH93<=COUNTIF($X$2:$X$5000,"是")*0.5,"A",IF(AH93<=COUNTIF($X$2:$X$5000,"是")*0.8,"B","C")))) -> 非参评 | AJ93: =IF(G93="","无数据",IF(G93<30,"MOB1-",IF(G93<90,"MOB1-3",IF(G93<180,"MOB3-6",IF(G93<365,"MOB6-12","MOB12+"))))) -> MOB1-
A94: 首贷 | B94: 管户金条-伽玛职场 | C94: 780874 | D94: 皮樊康 | E94: 2025-03-13 09:47:31 | F94: 2025-03-13 09:47:31 | G94: 395 | H94: 395 | I94: 2026-04-11 18:31:54 | J94: 4584 | K94: 5087 | L94: 1792 | M94: 227642 | N94: 175947 | O94: 24 | P94: 43 | Q94: 2187200 | R94: 3 | S94: 6 | T94: 120500 | U94: 2307700 | V94: =IF(OR(I94="",说明首页!$C$3-INT(I94)>7),"是","否") -> 否 | W94: =IF(OR(O94="",O94<22),"是","否") -> 否 | X94: =IF(AND(V94="否",W94="否"),"是","否") -> 是 | Y94: =IF(OR(I94="",说明首页!$C$3-INT(I94)>=3),"是","否") -> 否 | Z94: =IF(L94>0,N94/L94,0) -> 98.18471 | AA94: =IF(J94>0,P94/J94*100,0) -> 0.93804538 | AB94: =IF(AND(P94<>"",P94>0),Q94/P94,0) -> 50865.116 | AC94: =IF(O94>0,L94/O94,0) -> 74.666667 | AD94: =IF(X94="是",COUNTIFS($X$2:$X$5000,"是",$Z$2:$Z$5000,"<"&Z94)/COUNTIF($X$2:$X$5000,"是")*100,"") -> 76.129032 | AE94: =IF(X94="是",COUNTIFS($X$2:$X$5000,"是",$AA$2:$AA$5000,"<"&AA94)/COUNTIF($X$2:$X$5000,"是")*100,"") -> 52.043011 | AF94: =IF(X94="是",COUNTIFS($X$2:$X$5000,"是",$AC$2:$AC$5000,"<"&AC94)/COUNTIF($X$2:$X$5000,"是")*100,"") -> 38.924731 | AG94: =IF(X94="是",ROUND(AD94*0.3+AE94*0.55+AF94*0.15,2),"") -> 57.3 | AH94: =IF(X94="是",COUNTIFS($X$2:$X$5000,"是",$AG$2:$AG$5000,">"&AG94)+1,"") -> 172 | AI94: =IF(X94<>"是","非参评",IF(AND(AH94<=COUNTIF($X$2:$X$5000,"是")*0.2,AA94>MEDIAN(IF($X$2:$X$5000="是",$AA$2:$AA$5000))),"S",IF(AH94<=COUNTIF($X$2:$X$5000,"是")*0.5,"A",IF(AH94<=COUNTIF($X$2:$X$5000,"是")*0.8,"B","C")))) -> A | AJ94: =IF(G94="","无数据",IF(G94<30,"MOB1-",IF(G94<90,"MOB1-3",IF(G94<180,"MOB3-6",IF(G94<365,"MOB6-12","MOB12+"))))) -> MOB12+
A95: 首贷 | B95: 管户金条-广达陕西职场 | C95: 804701 | D95: 张乃洲 | E95: 2026-03-21 13:33:48 | F95: 2026-03-21 13:33:48 | G95: 22 | H95: 22 | I95: 2026-03-21 14:35:16 | J95: 1 | K95: 1 | L95: 1 | M95: 56 | N95: 56 | V95: =IF(OR(I95="",说明首页!$C$3-INT(I95)>7),"是","否") -> 是 | W95: =IF(OR(O95="",O95<22),"是","否") -> 是 | X95: =IF(AND(V95="否",W95="否"),"是","否") -> 否 | Y95: =IF(OR(I95="",说明首页!$C$3-INT(I95)>=3),"是","否") -> 是 | Z95: =IF(L95>0,N95/L95,0) -> 56 | AA95: =IF(J95>0,P95/J95*100,0) -> 0 | AB95: =IF(AND(P95<>"",P95>0),Q95/P95,0) -> 0 | AC95: =IF(O95>0,L95/O95,0) -> 0 | AD95: =IF(X95="是",COUNTIFS($X$2:$X$5000,"是",$Z$2:$Z$5000,"<"&Z95)/COUNTIF($X$2:$X$5000,"是")*100,"") | AE95: =IF(X95="是",COUNTIFS($X$2:$X$5000,"是",$AA$2:$AA$5000,"<"&AA95)/COUNTIF($X$2:$X$5000,"是")*100,"") | AF95: =IF(X95="是",COUNTIFS($X$2:$X$5000,"是",$AC$2:$AC$5000,"<"&AC95)/COUNTIF($X$2:$X$5000,"是")*100,"") | AG95: =IF(X95="是",ROUND(AD95*0.3+AE95*0.55+AF95*0.15,2),"") | AH95: =IF(X95="是",COUNTIFS($X$2:$X$5000,"是",$AG$2:$AG$5000,">"&AG95)+1,"") | AI95: =IF(X95<>"是","非参评",IF(AND(AH95<=COUNTIF($X$2:$X$5000,"是")*0.2,AA95>MEDIAN(IF($X$2:$X$5000="是",$AA$2:$AA$5000))),"S",IF(AH95<=COUNTIF($X$2:$X$5000,"是")*0.5,"A",IF(AH95<=COUNTIF($X$2:$X$5000,"是")*0.8,"B","C")))) -> 非参评 | AJ95: =IF(G95="","无数据",IF(G95<30,"MOB1-",IF(G95<90,"MOB1-3",IF(G95<180,"MOB3-6",IF(G95<365,"MOB6-12","MOB12+"))))) -> MOB1-
A96: 首贷 | B96: 管户金条-毛毛虫职场 | C96: 678168 | D96: 杨前朋 | E96: 2021-10-15 09:47:43 | F96: 2021-10-15 09:47:43 | G96: 1640 | H96: 1640 | I96: 2026-04-10 19:22:45 | J96: 627 | K96: 638 | L96: 272 | M96: 46030 | N96: 40557 | O96: 22 | P96: 5 | Q96: 32000 | R96: 0 | S96: 0 | U96: 32000 | V96: =IF(OR(I96="",说明首页!$C$3-INT(I96)>7),"是","否") -> 否 | W96: =IF(OR(O96="",O96<22),"是","否") -> 否 | X96: =IF(AND(V96="否",W96="否"),"是","否") -> 是 | Y96: =IF(OR(I96="",说明首页!$C$3-INT(I96)>=3),"是","否") -> 否 | Z96: =IF(L96>0,N96/L96,0) -> 149.10662 | AA96: =IF(J96>0,P96/J96*100,0) -> 0.79744817 | AB96: =IF(AND(P96<>"",P96>0),Q96/P96,0) -> 6400 | AC96: =IF(O96>0,L96/O96,0) -> 12.363636 | AD96: =IF(X96="是",COUNTIFS($X$2:$X$5000,"是",$Z$2:$Z$5000,"<"&Z96)/COUNTIF($X$2:$X$5000,"是")*100,"") -> 99.569892 | AE96: =IF(X96="是",COUNTIFS($X$2:$X$5000,"是",$AA$2:$AA$5000,"<"&AA96)/COUNTIF($X$2:$X$5000,"是")*100,"") -> 34.193548 | AF96: =IF(X96="是",COUNTIFS($X$2:$X$5000,"是",$AC$2:$AC$5000,"<"&AC96)/COUNTIF($X$2:$X$5000,"是")*100,"") -> 0 | AG96: =IF(X96="是",ROUND(AD96*0.3+AE96*0.55+AF96*0.15,2),"") -> 48.68 | AH96: =IF(X96="是",COUNTIFS($X$2:$X$5000,"是",$AG$2:$AG$5000,">"&AG96)+1,"") -> 242 | AI96: =IF(X96<>"是","非参评",IF(AND(AH96<=COUNTIF($X$2:$X$5000,"是")*0.2,AA96>MEDIAN(IF($X$2:$X$5000="是",$AA$2:$AA$5000))),"S",IF(AH96<=COUNTIF($X$2:$X$5000,"是")*0.5,"A",IF(AH96<=COUNTIF($X$2:$X$5000,"是")*0.8,"B","C")))) -> B | AJ96: =IF(G96="","无数据",IF(G96<30,"MOB1-",IF(G96<90,"MOB1-3",IF(G96<180,"MOB3-6",IF(G96<365,"MOB6-12","MOB12+"))))) -> MOB12+
A97: 首贷 | B97: 管户金条-毛毛虫职场 | C97: 619563 | D97: 杨锦 | E97: 2026-03-11 09:22:47 | F97: 2026-03-11 09:22:47 | G97: 32 | H97: 32 | I97: 2026-04-11 16:39:00 | J97: 4754 | K97: 4887 | L97: 1587 | M97: 202678 | N97: 150318 | O97: 22 | P97: 39 | Q97: 1397800 | R97: 3 | S97: 3 | T97: 31900 | U97: 1429700 | V97: =IF(OR(I97="",说明首页!$C$3-INT(I97)>7),"是","否") -> 否 | W97: =IF(OR(O97="",O97<22),"是","否") -> 否 | X97: =IF(AND(V97="否",W97="否"),"是","否") -> 是 | Y97: =IF(OR(I97="",说明首页!$C$3-INT(I97)>=3),"是","否") -> 否 | Z97: =IF(L97>0,N97/L97,0) -> 94.718336 | AA97: =IF(J97>0,P97/J97*100,0) -> 0.8203618 | AB97: =IF(AND(P97<>"",P97>0),Q97/P97,0) -> 35841.026 | AC97: =IF(O97>0,L97/O97,0) -> 72.136364 | AD97: =IF(X97="是",COUNTIFS($X$2:$X$5000,"是",$Z$2:$Z$5000,"<"&Z97)/COUNTIF($X$2:$X$5000,"是")*100,"") -> 68.387097 | AE97: =IF(X97="是",COUNTIFS($X$2:$X$5000,"是",$AA$2:$AA$5000,"<"&AA97)/COUNTIF($X$2:$X$5000,"是")*100,"") -> 37.204301 | AF97: =IF(X97="是",COUNTIFS($X$2:$X$5000,"是",$AC$2:$AC$5000,"<"&AC97)/COUNTIF($X$2:$X$5000,"是")*100,"") -> 31.397849 | AG97: =IF(X97="是",ROUND(AD97*0.3+AE97*0.55+AF97*0.15,2),"") -> 45.69 | AH97: =IF(X97="是",COUNTIFS($X$2:$X$5000,"是",$AG$2:$AG$5000,">"&AG97)+1,"") -> 273 | AI97: =IF(X97<>"是","非参评",IF(AND(AH97<=COUNTIF($X$2:$X$5000,"是")*0.2,AA97>MEDIAN(IF($X$2:$X$5000="是",$AA$2:$AA$5000))),"S",IF(AH97<=COUNTIF($X$2:$X$5000,"是")*0.5,"A",IF(AH97<=COUNTIF($X$2:$X$5000,"是")*0.8,"B","C")))) -> B | AJ97: =IF(G97="","无数据",IF(G97<30,"MOB1-",IF(G97<90,"MOB1-3",IF(G97<180,"MOB3-6",IF(G97<365,"MOB6-12","MOB12+"))))) -> MOB1-3
A98: 首贷 | B98: 管户金条-毛毛虫职场 | C98: 804592 | D98: 李永华 | E98: 2026-03-20 09:16:27 | F98: 2026-03-20 09:16:27 | G98: 23 | H98: 23 | I98: 2026-03-27 09:10:17 | J98: 116 | K98: 119 | L98: 49 | M98: 5644 | N98: 4605 | O98: 1 | P98: 2 | Q98: 4000 | R98: 0 | S98: 0 | U98: 4000 | V98: =IF(OR(I98="",说明首页!$C$3-INT(I98)>7),"是","否") -> 是 | W98: =IF(OR(O98="",O98<22),"是","否") -> 是 | X98: =IF(AND(V98="否",W98="否"),"是","否") -> 否 | Y98: =IF(OR(I98="",说明首页!$C$3-INT(I98)>=3),"是","否") -> 是 | Z98: =IF(L98>0,N98/L98,0) -> 93.979592 | AA98: =IF(J98>0,P98/J98*100,0) -> 1.7241379 | AB98: =IF(AND(P98<>"",P98>0),Q98/P98,0) -> 2000 | AC98: =IF(O98>0,L98/O98,0) -> 49 | AD98: =IF(X98="是",COUNTIFS($X$2:$X$5000,"是",$Z$2:$Z$5000,"<"&Z98)/COUNTIF($X$2:$X$5000,"是")*100,"") | AE98: =IF(X98="是",COUNTIFS($X$2:$X$5000,"是",$AA$2:$AA$5000,"<"&AA98)/COUNTIF($X$2:$X$5000,"是")*100,"") | AF98: =IF(X98="是",COUNTIFS($X$2:$X$5000,"是",$AC$2:$AC$5000,"<"&AC98)/COUNTIF($X$2:$X$5000,"是")*100,"") | AG98: =IF(X98="是",ROUND(AD98*0.3+AE98*0.55+AF98*0.15,2),"") | AH98: =IF(X98="是",COUNTIFS($X$2:$X$5000,"是",$AG$2:$AG$5000,">"&AG98)+1,"") | AI98: =IF(X98<>"是","非参评",IF(AND(AH98<=COUNTIF($X$2:$X$5000,"是")*0.2,AA98>MEDIAN(IF($X$2:$X$5000="是",$AA$2:$AA$5000))),"S",IF(AH98<=COUNTIF($X$2:$X$5000,"是")*0.5,"A",IF(AH98<=COUNTIF($X$2:$X$5000,"是")*0.8,"B","C")))) -> 非参评 | AJ98: =IF(G98="","无数据",IF(G98<30,"MOB1-",IF(G98<90,"MOB1-3",IF(G98<180,"MOB3-6",IF(G98<365,"MOB6-12","MOB12+"))))) -> MOB1-
A99: 首贷 | B99: 管户金条-毛毛虫职场 | C99: 777944 | D99: 宋晨 | E99: 2025-02-13 15:26:06 | F99: 2025-02-13 15:26:06 | G99: 423 | H99: 423 | I99: 2026-04-12 20:37:05 | J99: 7371 | K99: 8474 | L99: 3071 | M99: 353335 | N99: 275969 | O99: 29 | P99: 102 | Q99: 5891600 | R99: 1 | S99: 1 | T99: 2000 | U99: 5893600 | V99: =IF(OR(I99="",说明首页!$C$3-INT(I99)>7),"是","否") -> 否 | W99: =IF(OR(O99="",O99<22),"是","否") -> 否 | X99: =IF(AND(V99="否",W99="否"),"是","否") -> 是 | Y99: =IF(OR(I99="",说明首页!$C$3-INT(I99)>=3),"是","否") -> 否 | Z99: =IF(L99>0,N99/L99,0) -> 89.862911 | AA99: =IF(J99>0,P99/J99*100,0) -> 1.3838014 | AB99: =IF(AND(P99<>"",P99>0),Q99/P99,0) -> 57760.784 | AC99: =IF(O99>0,L99/O99,0) -> 105.89655 | AD99: =IF(X99="是",COUNTIFS($X$2:$X$5000,"是",$Z$2:$Z$5000,"<"&Z99)/COUNTIF($X$2:$X$5000,"是")*100,"") -> 56.129032 | AE99: =IF(X99="是",COUNTIFS($X$2:$X$5000,"是",$AA$2:$AA$5000,"<"&AA99)/COUNTIF($X$2:$X$5000,"是")*100,"") -> 87.956989 | AF99: =IF(X99="是",COUNTIFS($X$2:$X$5000,"是",$AC$2:$AC$5000,"<"&AC99)/COUNTIF($X$2:$X$5000,"是")*100,"") -> 98.709677 | AG99: =IF(X99="是",ROUND(AD99*0.3+AE99*0.55+AF99*0.15,2),"") -> 80.02 | AH99: =IF(X99="是",COUNTIFS($X$2:$X$5000,"是",$AG$2:$AG$5000,">"&AG99)+1,"") -> 37 | AI99: =IF(X99<>"是","非参评",IF(AND(AH99<=COUNTIF($X$2:$X$5000,"是")*0.2,AA99>MEDIAN(IF($X$2:$X$5000="是",$AA$2:$AA$5000))),"S",IF(AH99<=COUNTIF($X$2:$X$5000,"是")*0.5,"A",IF(AH99<=COUNTIF($X$2:$X$5000,"是")*0.8,"B","C")))) -> S | AJ99: =IF(G99="","无数据",IF(G99<30,"MOB1-",IF(G99<90,"MOB1-3",IF(G99<180,"MOB3-6",IF(G99<365,"MOB6-12","MOB12+"))))) -> MOB12+
A100: 首贷 | B100: 管户金条-毅航合肥职场 | C100: 796684 | D100: 蒋纯池 | E100: 2025-10-30 10:01:40 | F100: 2025-10-30 10:01:40 | G100: 164 | H100: 164 | I100: 2026-04-12 12:00:37 | J100: 6390 | K100: 7080 | L100: 1741 | M100: 212536 | N100: 150273 | O100: 25 | P100: 46 | Q100: 1428200 | R100: 3 | S100: 4 | T100: 88500 | U100: 1516700 | V100: =IF(OR(I100="",说明首页!$C$3-INT(I100)>7),"是","否") -> 否 | W100: =IF(OR(O100="",O100<22),"是","否") -> 否 | X100: =IF(AND(V100="否",W100="否"),"是","否") -> 是 | Y100: =IF(OR(I100="",说明首页!$C$3-INT(I100)>=3),"是","否") -> 否 | Z100: =IF(L100>0,N100/L100,0) -> 86.314187 | AA100: =IF(J100>0,P100/J100*100,0) -> 0.7198748 | AB100: =IF(AND(P100<>"",P100>0),Q100/P100,0) -> 31047.826 | AC100: =IF(O100>0,L100/O100,0) -> 69.64 | AD100: =IF(X100="是",COUNTIFS($X$2:$X$5000,"是",$Z$2:$Z$5000,"<"&Z100)/COUNTIF($X$2:$X$5000,"是")*100,"") -> 44.301075 | AE100: =IF(X100="是",COUNTIFS($X$2:$X$5000,"是",$AA$2:$AA$5000,"<"&AA100)/COUNTIF($X$2:$X$5000,"是")*100,"") -> 24.946237 | AF100: =IF(X100="是",COUNTIFS($X$2:$X$5000,"是",$AC$2:$AC$5000,"<"&AC100)/COUNTIF($X$2:$X$5000,"是")*100,"") -> 25.591398 | AG100: =IF(X100="是",ROUND(AD100*0.3+AE100*0.55+AF100*0.15,2),"") -> 30.85 | AH100: =IF(X100="是",COUNTIFS($X$2:$X$5000,"是",$AG$2:$AG$5000,">"&AG100)+1,"") -> 370 | AI100: =IF(X100<>"是","非参评",IF(AND(AH100<=COUNTIF($X$2:$X$5000,"是")*0.2,AA100>MEDIAN(IF($X$2:$X$5000="是",$AA$2:$AA$5000))),"S",IF(AH100<=COUNTIF($X$2:$X$5000,"是")*0.5,"A",IF(AH100<=COUNTIF($X$2:$X$5000,"是")*0.8,"B","C")))) -> B | AJ100: =IF(G100="","无数据",IF(G100<30,"MOB1-",IF(G100<90,"MOB1-3",IF(G100<180,"MOB3-6",IF(G100<365,"MOB6-12","MOB12+"))))) -> MOB3-6
...

Sheet 复贷评级明细
A1: 坐席类型 | B1: 职场名称 | C1: 坐席id | D1: 坐席名称 | E1: 210客户池首次外呼日期 | F1: 金条业务首次外呼日期 | G1: 210客户池在职天数 | H1: 金条业务线在职日期 | I1: 最近一次有效外呼时间 | J1: 接通用户数 | K1: 接通话单数 | L1: 有效接通数话单数 | M1: 近30天累计通时（秒） | N1: 近30天累计有效通时 | O1: 近30天外呼天数（通话时长>30分钟天数） | P1: 近30日累计转化首贷用户数 | Q1: 近30日累计转化首贷GMV | R1: 近30日累计转化复贷用户数 | S1: 近30日累计转化复贷订单数 | T1: 近30日累计转化复贷GMV | U1: 近30日累计转化GMV | V1: 超7天未上线 | W1: 外呼天数不足22天 | X1: 是否参评 | Y1: 连续3天未上线预警 | Z1: 个人ATT(秒) | AA1: GMV(万) | AB1: 件均金额(元) | AC1: 日均拨打量 | AD1: ATT得分 | AE1: GMV得分 | AF1: 件均得分 | AG1: 拨打量得分 | AH1: 综合得分 | AI1: 参评排名 | AJ1: 等级 | AK1: 司龄分段
A2: 复贷 | B2: 管户金条-宿迁兆科职场 | C2: 804419 | D2: 张娜 | E2: 2026-03-18 10:26:43 | F2: 2026-03-18 10:26:43 | G2: 25 | H2: 25 | I2: 2026-04-07 16:14:14 | J2: 1163 | K2: 1268 | L2: 470 | M2: 82531 | N2: 71803 | O2: 9 | P2: 0 | R2: 60 | S2: 86 | T2: 2338000 | U2: 2338000 | V2: =IF(OR(I2="",说明首页!$C$3-INT(I2)>7),"是","否") -> 否 | W2: =IF(OR(O2="",O2<22),"是","否") -> 是 | X2: =IF(AND(V2="否",W2="否"),"是","否") -> 否 | Y2: =IF(OR(I2="",说明首页!$C$3-INT(I2)>=3),"是","否") -> 是 | Z2: =IF(L2>0,N2/L2,0) -> 152.77234 | AA2: =IF(T2="",0,T2/10000) -> 233.8 | AB2: =IF(AND(S2<>"",S2>0),T2/S2,0) -> 27186.047 | AC2: =IF(O2>0,L2/O2,0) -> 52.222222 | AD2: =IF(X2="是",COUNTIFS($X$2:$X$5000,"是",$Z$2:$Z$5000,"<"&Z2)/COUNTIF($X$2:$X$5000,"是")*100,"") | AE2: =IF(X2="是",COUNTIFS($X$2:$X$5000,"是",$AA$2:$AA$5000,"<"&AA2)/COUNTIF($X$2:$X$5000,"是")*100,"") | AF2: =IF(X2="是",COUNTIFS($X$2:$X$5000,"是",$AB$2:$AB$5000,"<"&AB2)/COUNTIF($X$2:$X$5000,"是")*100,"") | AG2: =IF(X2="是",COUNTIFS($X$2:$X$5000,"是",$AC$2:$AC$5000,"<"&AC2)/COUNTIF($X$2:$X$5000,"是")*100,"") | AH2: =IF(X2="是",ROUND(AD2*0.3+AE2*0.4+AF2*0.15+AG2*0.15,2),"") | AI2: =IF(X2="是",COUNTIFS($X$2:$X$5000,"是",$AH$2:$AH$5000,">"&AH2)+1,"") | AJ2: =IF(X2<>"是","非参评",IF(AND(AI2<=COUNTIF($X$2:$X$5000,"是")*0.2,AA2>MEDIAN(IF($X$2:$X$5000="是",$AA$2:$AA$5000))),"S",IF(AI2<=COUNTIF($X$2:$X$5000,"是")*0.5,"A",IF(AI2<=COUNTIF($X$2:$X$5000,"是")*0.8,"B","C")))) -> 非参评 | AK2: =IF(G2="","无数据",IF(G2<30,"MOB1-",IF(G2<90,"MOB1-3",IF(G2<180,"MOB3-6",IF(G2<365,"MOB6-12","MOB12+"))))) -> MOB1-
A3: 复贷 | B3: 管户金条-毛毛虫职场 | C3: 805096 | D3: 罗自健 | E3: 2026-03-31 11:34:02 | F3: 2026-03-31 11:34:02 | G3: 12 | H3: 12 | I3: 2026-04-11 12:19:01 | J3: 45 | K3: 45 | L3: 13 | M3: 1281 | N3: 685 | V3: =IF(OR(I3="",说明首页!$C$3-INT(I3)>7),"是","否") -> 否 | W3: =IF(OR(O3="",O3<22),"是","否") -> 是 | X3: =IF(AND(V3="否",W3="否"),"是","否") -> 否 | Y3: =IF(OR(I3="",说明首页!$C$3-INT(I3)>=3),"是","否") -> 否 | Z3: =IF(L3>0,N3/L3,0) -> 52.692308 | AA3: =IF(T3="",0,T3/10000) -> 0 | AB3: =IF(AND(S3<>"",S3>0),T3/S3,0) -> 0 | AC3: =IF(O3>0,L3/O3,0) -> 0 | AD3: =IF(X3="是",COUNTIFS($X$2:$X$5000,"是",$Z$2:$Z$5000,"<"&Z3)/COUNTIF($X$2:$X$5000,"是")*100,"") | AE3: =IF(X3="是",COUNTIFS($X$2:$X$5000,"是",$AA$2:$AA$5000,"<"&AA3)/COUNTIF($X$2:$X$5000,"是")*100,"") | AF3: =IF(X3="是",COUNTIFS($X$2:$X$5000,"是",$AB$2:$AB$5000,"<"&AB3)/COUNTIF($X$2:$X$5000,"是")*100,"") | AG3: =IF(X3="是",COUNTIFS($X$2:$X$5000,"是",$AC$2:$AC$5000,"<"&AC3)/COUNTIF($X$2:$X$5000,"是")*100,"") | AH3: =IF(X3="是",ROUND(AD3*0.3+AE3*0.4+AF3*0.15+AG3*0.15,2),"") | AI3: =IF(X3="是",COUNTIFS($X$2:$X$5000,"是",$AH$2:$AH$5000,">"&AH3)+1,"") | AJ3: =IF(X3<>"是","非参评",IF(AND(AI3<=COUNTIF($X$2:$X$5000,"是")*0.2,AA3>MEDIAN(IF($X$2:$X$5000="是",$AA$2:$AA$5000))),"S",IF(AI3<=COUNTIF($X$2:$X$5000,"是")*0.5,"A",IF(AI3<=COUNTIF($X$2:$X$5000,"是")*0.8,"B","C")))) -> 非参评 | AK3: =IF(G3="","无数据",IF(G3<30,"MOB1-",IF(G3<90,"MOB1-3",IF(G3<180,"MOB3-6",IF(G3<365,"MOB6-12","MOB12+"))))) -> MOB1-
A4: 复贷 | B4: 管户金条-毅航合肥职场 | C4: 739020 | D4: 黄培培 | E4: 2023-06-14 14:12:15 | F4: 2023-06-14 14:12:15 | G4: 1033 | H4: 1033 | I4: 2026-04-11 16:21:45 | J4: 423 | K4: 452 | L4: 207 | M4: 30990 | N4: 27194 | O4: 7 | P4: 0 | R4: 16 | S4: 23 | T4: 905600 | U4: 905600 | V4: =IF(OR(I4="",说明首页!$C$3-INT(I4)>7),"是","否") -> 否 | W4: =IF(OR(O4="",O4<22),"是","否") -> 是 | X4: =IF(AND(V4="否",W4="否"),"是","否") -> 否 | Y4: =IF(OR(I4="",说明首页!$C$3-INT(I4)>=3),"是","否") -> 否 | Z4: =IF(L4>0,N4/L4,0) -> 131.37198 | AA4: =IF(T4="",0,T4/10000) -> 90.56 | AB4: =IF(AND(S4<>"",S4>0),T4/S4,0) -> 39373.913 | AC4: =IF(O4>0,L4/O4,0) -> 29.571429 | AD4: =IF(X4="是",COUNTIFS($X$2:$X$5000,"是",$Z$2:$Z$5000,"<"&Z4)/COUNTIF($X$2:$X$5000,"是")*100,"") | AE4: =IF(X4="是",COUNTIFS($X$2:$X$5000,"是",$AA$2:$AA$5000,"<"&AA4)/COUNTIF($X$2:$X$5000,"是")*100,"") | AF4: =IF(X4="是",COUNTIFS($X$2:$X$5000,"是",$AB$2:$AB$5000,"<"&AB4)/COUNTIF($X$2:$X$5000,"是")*100,"") | AG4: =IF(X4="是",COUNTIFS($X$2:$X$5000,"是",$AC$2:$AC$5000,"<"&AC4)/COUNTIF($X$2:$X$5000,"是")*100,"") | AH4: =IF(X4="是",ROUND(AD4*0.3+AE4*0.4+AF4*0.15+AG4*0.15,2),"") | AI4: =IF(X4="是",COUNTIFS($X$2:$X$5000,"是",$AH$2:$AH$5000,">"&AH4)+1,"") | AJ4: =IF(X4<>"是","非参评",IF(AND(AI4<=COUNTIF($X$2:$X$5000,"是")*0.2,AA4>MEDIAN(IF($X$2:$X$5000="是",$AA$2:$AA$5000))),"S",IF(AI4<=COUNTIF($X$2:$X$5000,"是")*0.5,"A",IF(AI4<=COUNTIF($X$2:$X$5000,"是")*0.8,"B","C")))) -> 非参评 | AK4: =IF(G4="","无数据",IF(G4<30,"MOB1-",IF(G4<90,"MOB1-3",IF(G4<180,"MOB3-6",IF(G4<365,"MOB6-12","MOB12+"))))) -> MOB12+
A5: 复贷 | B5: 管户金条-毛毛虫职场 | C5: 800060 | D5: 傅群 | E5: 2025-12-24 14:40:28 | F5: 2025-12-24 14:40:28 | G5: 109 | H5: 109 | I5: 2026-04-11 10:12:24 | J5: 136 | K5: 170 | L5: 66 | M5: 7384 | N5: 5847 | V5: =IF(OR(I5="",说明首页!$C$3-INT(I5)>7),"是","否") -> 否 | W5: =IF(OR(O5="",O5<22),"是","否") -> 是 | X5: =IF(AND(V5="否",W5="否"),"是","否") -> 否 | Y5: =IF(OR(I5="",说明首页!$C$3-INT(I5)>=3),"是","否") -> 否 | Z5: =IF(L5>0,N5/L5,0) -> 88.590909 | AA5: =IF(T5="",0,T5/10000) -> 0 | AB5: =IF(AND(S5<>"",S5>0),T5/S5,0) -> 0 | AC5: =IF(O5>0,L5/O5,0) -> 0 | AD5: =IF(X5="是",COUNTIFS($X$2:$X$5000,"是",$Z$2:$Z$5000,"<"&Z5)/COUNTIF($X$2:$X$5000,"是")*100,"") | AE5: =IF(X5="是",COUNTIFS($X$2:$X$5000,"是",$AA$2:$AA$5000,"<"&AA5)/COUNTIF($X$2:$X$5000,"是")*100,"") | AF5: =IF(X5="是",COUNTIFS($X$2:$X$5000,"是",$AB$2:$AB$5000,"<"&AB5)/COUNTIF($X$2:$X$5000,"是")*100,"") | AG5: =IF(X5="是",COUNTIFS($X$2:$X$5000,"是",$AC$2:$AC$5000,"<"&AC5)/COUNTIF($X$2:$X$5000,"是")*100,"") | AH5: =IF(X5="是",ROUND(AD5*0.3+AE5*0.4+AF5*0.15+AG5*0.15,2),"") | AI5: =IF(X5="是",COUNTIFS($X$2:$X$5000,"是",$AH$2:$AH$5000,">"&AH5)+1,"") | AJ5: =IF(X5<>"是","非参评",IF(AND(AI5<=COUNTIF($X$2:$X$5000,"是")*0.2,AA5>MEDIAN(IF($X$2:$X$5000="是",$AA$2:$AA$5000))),"S",IF(AI5<=COUNTIF($X$2:$X$5000,"是")*0.5,"A",IF(AI5<=COUNTIF($X$2:$X$5000,"是")*0.8,"B","C")))) -> 非参评 | AK5: =IF(G5="","无数据",IF(G5<30,"MOB1-",IF(G5<90,"MOB1-3",IF(G5<180,"MOB3-6",IF(G5<365,"MOB6-12","MOB12+"))))) -> MOB3-6
A6: 复贷 | B6: 管户金条-伽玛职场 | C6: 786031 | D6: 肖亚丽 | E6: 2025-06-06 14:04:09 | F6: 2025-06-06 14:04:09 | G6: 310 | H6: 310 | I6: 2026-04-11 18:33:01 | J6: 4040 | K6: 5122 | L6: 2069 | M6: 252536 | N6: 206682 | O6: 25 | P6: 0 | R6: 205 | S6: 346 | T6: 9493100 | U6: 9493100 | V6: =IF(OR(I6="",说明首页!$C$3-INT(I6)>7),"是","否") -> 否 | W6: =IF(OR(O6="",O6<22),"是","否") -> 否 | X6: =IF(AND(V6="否",W6="否"),"是","否") -> 是 | Y6: =IF(OR(I6="",说明首页!$C$3-INT(I6)>=3),"是","否") -> 否 | Z6: =IF(L6>0,N6/L6,0) -> 99.894635 | AA6: =IF(T6="",0,T6/10000) -> 949.31 | AB6: =IF(AND(S6<>"",S6>0),T6/S6,0) -> 27436.705 | AC6: =IF(O6>0,L6/O6,0) -> 82.76 | AD6: =IF(X6="是",COUNTIFS($X$2:$X$5000,"是",$Z$2:$Z$5000,"<"&Z6)/COUNTIF($X$2:$X$5000,"是")*100,"") -> 65.925926 | AE6: =IF(X6="是",COUNTIFS($X$2:$X$5000,"是",$AA$2:$AA$5000,"<"&AA6)/COUNTIF($X$2:$X$5000,"是")*100,"") -> 65.185185 | AF6: =IF(X6="是",COUNTIFS($X$2:$X$5000,"是",$AB$2:$AB$5000,"<"&AB6)/COUNTIF($X$2:$X$5000,"是")*100,"") -> 75.185185 | AG6: =IF(X6="是",COUNTIFS($X$2:$X$5000,"是",$AC$2:$AC$5000,"<"&AC6)/COUNTIF($X$2:$X$5000,"是")*100,"") -> 34.814815 | AH6: =IF(X6="是",ROUND(AD6*0.3+AE6*0.4+AF6*0.15+AG6*0.15,2),"") -> 62.35 | AI6: =IF(X6="是",COUNTIFS($X$2:$X$5000,"是",$AH$2:$AH$5000,">"&AH6)+1,"") -> 146 | AJ6: =IF(X6<>"是","非参评",IF(AND(AI6<=COUNTIF($X$2:$X$5000,"是")*0.2,AA6>MEDIAN(IF($X$2:$X$5000="是",$AA$2:$AA$5000))),"S",IF(AI6<=COUNTIF($X$2:$X$5000,"是")*0.5,"A",IF(AI6<=COUNTIF($X$2:$X$5000,"是")*0.8,"B","C")))) -> A | AK6: =IF(G6="","无数据",IF(G6<30,"MOB1-",IF(G6<90,"MOB1-3",IF(G6<180,"MOB3-6",IF(G6<365,"MOB6-12","MOB12+"))))) -> MOB6-12
A7: 复贷 | B7: 管户金条-毛毛虫职场 | C7: 801554 | D7: 京小鑫022 | E7: 2026-03-28 14:08:03 | F7: 2026-03-28 14:08:03 | G7: 15 | H7: 15 | I7: 2026-03-28 15:01:23 | J7: 41 | K7: 41 | L7: 23 | M7: 1922 | N7: 1710 | O7: 1 | P7: 0 | R7: 4 | S7: 9 | T7: 27700 | U7: 27700 | V7: =IF(OR(I7="",说明首页!$C$3-INT(I7)>7),"是","否") -> 是 | W7: =IF(OR(O7="",O7<22),"是","否") -> 是 | X7: =IF(AND(V7="否",W7="否"),"是","否") -> 否 | Y7: =IF(OR(I7="",说明首页!$C$3-INT(I7)>=3),"是","否") -> 是 | Z7: =IF(L7>0,N7/L7,0) -> 74.347826 | AA7: =IF(T7="",0,T7/10000) -> 2.77 | AB7: =IF(AND(S7<>"",S7>0),T7/S7,0) -> 3077.7778 | AC7: =IF(O7>0,L7/O7,0) -> 23 | AD7: =IF(X7="是",COUNTIFS($X$2:$X$5000,"是",$Z$2:$Z$5000,"<"&Z7)/COUNTIF($X$2:$X$5000,"是")*100,"") | AE7: =IF(X7="是",COUNTIFS($X$2:$X$5000,"是",$AA$2:$AA$5000,"<"&AA7)/COUNTIF($X$2:$X$5000,"是")*100,"") | AF7: =IF(X7="是",COUNTIFS($X$2:$X$5000,"是",$AB$2:$AB$5000,"<"&AB7)/COUNTIF($X$2:$X$5000,"是")*100,"") | AG7: =IF(X7="是",COUNTIFS($X$2:$X$5000,"是",$AC$2:$AC$5000,"<"&AC7)/COUNTIF($X$2:$X$5000,"是")*100,"") | AH7: =IF(X7="是",ROUND(AD7*0.3+AE7*0.4+AF7*0.15+AG7*0.15,2),"") | AI7: =IF(X7="是",COUNTIFS($X$2:$X$5000,"是",$AH$2:$AH$5000,">"&AH7)+1,"") | AJ7: =IF(X7<>"是","非参评",IF(AND(AI7<=COUNTIF($X$2:$X$5000,"是")*0.2,AA7>MEDIAN(IF($X$2:$X$5000="是",$AA$2:$AA$5000))),"S",IF(AI7<=COUNTIF($X$2:$X$5000,"是")*0.5,"A",IF(AI7<=COUNTIF($X$2:$X$5000,"是")*0.8,"B","C")))) -> 非参评 | AK7: =IF(G7="","无数据",IF(G7<30,"MOB1-",IF(G7<90,"MOB1-3",IF(G7<180,"MOB3-6",IF(G7<365,"MOB6-12","MOB12+"))))) -> MOB1-
A8: 复贷 | B8: 管户金条-毅航合肥职场 | C8: 803072 | D8: 桑秀芳 | E8: 2026-03-03 14:07:16 | F8: 2026-03-03 14:07:16 | G8: 40 | H8: 40 | I8: 2026-03-23 17:11:22 | J8: 297 | K8: 298 | L8: 115 | M8: 13356 | N8: 10836 | O8: 4 | P8: 0 | R8: 5 | S8: 7 | T8: 24500 | U8: 24500 | V8: =IF(OR(I8="",说明首页!$C$3-INT(I8)>7),"是","否") -> 是 | W8: =IF(OR(O8="",O8<22),"是","否") -> 是 | X8: =IF(AND(V8="否",W8="否"),"是","否") -> 否 | Y8: =IF(OR(I8="",说明首页!$C$3-INT(I8)>=3),"是","否") -> 是 | Z8: =IF(L8>0,N8/L8,0) -> 94.226087 | AA8: =IF(T8="",0,T8/10000) -> 2.45 | AB8: =IF(AND(S8<>"",S8>0),T8/S8,0) -> 3500 | AC8: =IF(O8>0,L8/O8,0) -> 28.75 | AD8: =IF(X8="是",COUNTIFS($X$2:$X$5000,"是",$Z$2:$Z$5000,"<"&Z8)/COUNTIF($X$2:$X$5000,"是")*100,"") | AE8: =IF(X8="是",COUNTIFS($X$2:$X$5000,"是",$AA$2:$AA$5000,"<"&AA8)/COUNTIF($X$2:$X$5000,"是")*100,"") | AF8: =IF(X8="是",COUNTIFS($X$2:$X$5000,"是",$AB$2:$AB$5000,"<"&AB8)/COUNTIF($X$2:$X$5000,"是")*100,"") | AG8: =IF(X8="是",COUNTIFS($X$2:$X$5000,"是",$AC$2:$AC$5000,"<"&AC8)/COUNTIF($X$2:$X$5000,"是")*100,"") | AH8: =IF(X8="是",ROUND(AD8*0.3+AE8*0.4+AF8*0.15+AG8*0.15,2),"") | AI8: =IF(X8="是",COUNTIFS($X$2:$X$5000,"是",$AH$2:$AH$5000,">"&AH8)+1,"") | AJ8: =IF(X8<>"是","非参评",IF(AND(AI8<=COUNTIF($X$2:$X$5000,"是")*0.2,AA8>MEDIAN(IF($X$2:$X$5000="是",$AA$2:$AA$5000))),"S",IF(AI8<=COUNTIF($X$2:$X$5000,"是")*0.5,"A",IF(AI8<=COUNTIF($X$2:$X$5000,"是")*0.8,"B","C")))) -> 非参评 | AK8: =IF(G8="","无数据",IF(G8<30,"MOB1-",IF(G8<90,"MOB1-3",IF(G8<180,"MOB3-6",IF(G8<365,"MOB6-12","MOB12+"))))) -> MOB1-3
A9: 复贷 | B9: 管户金条-人和职场 | C9: 761889 | D9: 贾雪菲 | E9: 2024-04-18 09:45:19 | F9: 2024-04-18 09:45:19 | G9: 724 | H9: 724 | I9: 2026-04-09 14:39:16 | J9: 2752 | K9: 3019 | L9: 1075 | M9: 135401 | N9: 108419 | O9: 16 | P9: 0 | R9: 154 | S9: 223 | T9: 5370500 | U9: 5370500 | V9: =IF(OR(I9="",说明首页!$C$3-INT(I9)>7),"是","否") -> 否 | W9: =IF(OR(O9="",O9<22),"是","否") -> 是 | X9: =IF(AND(V9="否",W9="否"),"是","否") -> 否 | Y9: =IF(OR(I9="",说明首页!$C$3-INT(I9)>=3),"是","否") -> 是 | Z9: =IF(L9>0,N9/L9,0) -> 100.85488 | AA9: =IF(T9="",0,T9/10000) -> 537.05 | AB9: =IF(AND(S9<>"",S9>0),T9/S9,0) -> 24082.96 | AC9: =IF(O9>0,L9/O9,0) -> 67.1875 | AD9: =IF(X9="是",COUNTIFS($X$2:$X$5000,"是",$Z$2:$Z$5000,"<"&Z9)/COUNTIF($X$2:$X$5000,"是")*100,"") | AE9: =IF(X9="是",COUNTIFS($X$2:$X$5000,"是",$AA$2:$AA$5000,"<"&AA9)/COUNTIF($X$2:$X$5000,"是")*100,"") | AF9: =IF(X9="是",COUNTIFS($X$2:$X$5000,"是",$AB$2:$AB$5000,"<"&AB9)/COUNTIF($X$2:$X$5000,"是")*100,"") | AG9: =IF(X9="是",COUNTIFS($X$2:$X$5000,"是",$AC$2:$AC$5000,"<"&AC9)/COUNTIF($X$2:$X$5000,"是")*100,"") | AH9: =IF(X9="是",ROUND(AD9*0.3+AE9*0.4+AF9*0.15+AG9*0.15,2),"") | AI9: =IF(X9="是",COUNTIFS($X$2:$X$5000,"是",$AH$2:$AH$5000,">"&AH9)+1,"") | AJ9: =IF(X9<>"是","非参评",IF(AND(AI9<=COUNTIF($X$2:$X$5000,"是")*0.2,AA9>MEDIAN(IF($X$2:$X$5000="是",$AA$2:$AA$5000))),"S",IF(AI9<=COUNTIF($X$2:$X$5000,"是")*0.5,"A",IF(AI9<=COUNTIF($X$2:$X$5000,"是")*0.8,"B","C")))) -> 非参评 | AK9: =IF(G9="","无数据",IF(G9<30,"MOB1-",IF(G9<90,"MOB1-3",IF(G9<180,"MOB3-6",IF(G9<365,"MOB6-12","MOB12+"))))) -> MOB12+
A10: 复贷 | B10: 管户金条-翰锐曲靖职场 | C10: 693187 | D10: 董红艳 | E10: 2022-02-16 09:07:39 | F10: 2022-02-16 09:07:39 | G10: 1516 | H10: 1516 | I10: 2026-04-11 18:32:05 | J10: 5301 | K10: 5650 | L10: 3069 | M10: 257423 | N10: 218537 | O10: 27 | P10: 0 | R10: 223 | S10: 363 | T10: 9896300 | U10: 9896300 | V10: =IF(OR(I10="",说明首页!$C$3-INT(I10)>7),"是","否") -> 否 | W10: =IF(OR(O10="",O10<22),"是","否") -> 否 | X10: =IF(AND(V10="否",W10="否"),"是","否") -> 是 | Y10: =IF(OR(I10="",说明首页!$C$3-INT(I10)>=3),"是","否") -> 否 | Z10: =IF(L10>0,N10/L10,0) -> 71.207885 | AA10: =IF(T10="",0,T10/10000) -> 989.63 | AB10: =IF(AND(S10<>"",S10>0),T10/S10,0) -> 27262.534 | AC10: =IF(O10>0,L10/O10,0) -> 113.66667 | AD10: =IF(X10="是",COUNTIFS($X$2:$X$5000,"是",$Z$2:$Z$5000,"<"&Z10)/COUNTIF($X$2:$X$5000,"是")*100,"") -> 9.2592593 | AE10: =IF(X10="是",COUNTIFS($X$2:$X$5000,"是",$AA$2:$AA$5000,"<"&AA10)/COUNTIF($X$2:$X$5000,"是")*100,"") -> 68.333333 | AF10: =IF(X10="是",COUNTIFS($X$2:$X$5000,"是",$AB$2:$AB$5000,"<"&AB10)/COUNTIF($X$2:$X$5000,"是")*100,"") -> 74.259259 | AG10: =IF(X10="是",COUNTIFS($X$2:$X$5000,"是",$AC$2:$AC$5000,"<"&AC10)/COUNTIF($X$2:$X$5000,"是")*100,"") -> 92.407407 | AH10: =IF(X10="是",ROUND(AD10*0.3+AE10*0.4+AF10*0.15+AG10*0.15,2),"") -> 55.11 | AI10: =IF(X10="是",COUNTIFS($X$2:$X$5000,"是",$AH$2:$AH$5000,">"&AH10)+1,"") -> 212 | AJ10: =IF(X10<>"是","非参评",IF(AND(AI10<=COUNTIF($X$2:$X$5000,"是")*0.2,AA10>MEDIAN(IF($X$2:$X$5000="是",$AA$2:$AA$5000))),"S",IF(AI10<=COUNTIF($X$2:$X$5000,"是")*0.5,"A",IF(AI10<=COUNTIF($X$2:$X$5000,"是")*0.8,"B","C")))) -> A | AK10: =IF(G10="","无数据",IF(G10<30,"MOB1-",IF(G10<90,"MOB1-3",IF(G10<180,"MOB3-6",IF(G10<365,"MOB6-12","MOB12+"))))) -> MOB12+
A11: 复贷 | B11: 管户金条-翰锐曲靖职场 | C11: 703227 | D11: 刘红董 | E11: 2022-05-23 09:31:56 | F11: 2022-05-23 09:31:56 | G11: 1420 | H11: 1420 | I11: 2026-04-11 09:36:57 | J11: 149 | K11: 160 | L11: 45 | M11: 4947 | N11: 3247 | V11: =IF(OR(I11="",说明首页!$C$3-INT(I11)>7),"是","否") -> 否 | W11: =IF(OR(O11="",O11<22),"是","否") -> 是 | X11: =IF(AND(V11="否",W11="否"),"是","否") -> 否 | Y11: =IF(OR(I11="",说明首页!$C$3-INT(I11)>=3),"是","否") -> 否 | Z11: =IF(L11>0,N11/L11,0) -> 72.155556 | AA11: =IF(T11="",0,T11/10000) -> 0 | AB11: =IF(AND(S11<>"",S11>0),T11/S11,0) -> 0 | AC11: =IF(O11>0,L11/O11,0) -> 0 | AD11: =IF(X11="是",COUNTIFS($X$2:$X$5000,"是",$Z$2:$Z$5000,"<"&Z11)/COUNTIF($X$2:$X$5000,"是")*100,"") | AE11: =IF(X11="是",COUNTIFS($X$2:$X$5000,"是",$AA$2:$AA$5000,"<"&AA11)/COUNTIF($X$2:$X$5000,"是")*100,"") | AF11: =IF(X11="是",COUNTIFS($X$2:$X$5000,"是",$AB$2:$AB$5000,"<"&AB11)/COUNTIF($X$2:$X$5000,"是")*100,"") | AG11: =IF(X11="是",COUNTIFS($X$2:$X$5000,"是",$AC$2:$AC$5000,"<"&AC11)/COUNTIF($X$2:$X$5000,"是")*100,"") | AH11: =IF(X11="是",ROUND(AD11*0.3+AE11*0.4+AF11*0.15+AG11*0.15,2),"") | AI11: =IF(X11="是",COUNTIFS($X$2:$X$5000,"是",$AH$2:$AH$5000,">"&AH11)+1,"") | AJ11: =IF(X11<>"是","非参评",IF(AND(AI11<=COUNTIF($X$2:$X$5000,"是")*0.2,AA11>MEDIAN(IF($X$2:$X$5000="是",$AA$2:$AA$5000))),"S",IF(AI11<=COUNTIF($X$2:$X$5000,"是")*0.5,"A",IF(AI11<=COUNTIF($X$2:$X$5000,"是")*0.8,"B","C")))) -> 非参评 | AK11: =IF(G11="","无数据",IF(G11<30,"MOB1-",IF(G11<90,"MOB1-3",IF(G11<180,"MOB3-6",IF(G11<365,"MOB6-12","MOB12+"))))) -> MOB12+
A12: 复贷 | B12: 管户金条-岐力职场 | C12: 803642 | D12: 刘玉立 | E12: 2026-03-07 16:06:02 | F12: 2026-03-07 16:06:02 | G12: 36 | H12: 36 | I12: 2026-04-12 18:51:24 | J12: 4076 | K12: 6250 | L12: 2754 | M12: 266204 | N12: 219155 | O12: 24 | P12: 0 | R12: 220 | S12: 366 | T12: 8587000 | U12: 8587000 | V12: =IF(OR(I12="",说明首页!$C$3-INT(I12)>7),"是","否") -> 否 | W12: =IF(OR(O12="",O12<22),"是","否") -> 否 | X12: =IF(AND(V12="否",W12="否"),"是","否") -> 是 | Y12: =IF(OR(I12="",说明首页!$C$3-INT(I12)>=3),"是","否") -> 否 | Z12: =IF(L12>0,N12/L12,0) -> 79.576979 | AA12: =IF(T12="",0,T12/10000) -> 858.7 | AB12: =IF(AND(S12<>"",S12>0),T12/S12,0) -> 23461.749 | AC12: =IF(O12>0,L12/O12,0) -> 114.75 | AD12: =IF(X12="是",COUNTIFS($X$2:$X$5000,"是",$Z$2:$Z$5000,"<"&Z12)/COUNTIF($X$2:$X$5000,"是")*100,"") -> 23.703704 | AE12: =IF(X12="是",COUNTIFS($X$2:$X$5000,"是",$AA$2:$AA$5000,"<"&AA12)/COUNTIF($X$2:$X$5000,"是")*100,"") -> 57.962963 | AF12: =IF(X12="是",COUNTIFS($X$2:$X$5000,"是",$AB$2:$AB$5000,"<"&AB12)/COUNTIF($X$2:$X$5000,"是")*100,"") -> 53.148148 | AG12: =IF(X12="是",COUNTIFS($X$2:$X$5000,"是",$AC$2:$AC$5000,"<"&AC12)/COUNTIF($X$2:$X$5000,"是")*100,"") -> 93.148148 | AH12: =IF(X12="是",ROUND(AD12*0.3+AE12*0.4+AF12*0.15+AG12*0.15,2),"") -> 52.24 | AI12: =IF(X12="是",COUNTIFS($X$2:$X$5000,"是",$AH$2:$AH$5000,">"&AH12)+1,"") -> 236 | AJ12: =IF(X12<>"是","非参评",IF(AND(AI12<=COUNTIF($X$2:$X$5000,"是")*0.2,AA12>MEDIAN(IF($X$2:$X$5000="是",$AA$2:$AA$5000))),"S",IF(AI12<=COUNTIF($X$2:$X$5000,"是")*0.5,"A",IF(AI12<=COUNTIF($X$2:$X$5000,"是")*0.8,"B","C")))) -> A | AK12: =IF(G12="","无数据",IF(G12<30,"MOB1-",IF(G12<90,"MOB1-3",IF(G12<180,"MOB3-6",IF(G12<365,"MOB6-12","MOB12+"))))) -> MOB1-3
A13: 复贷 | B13: 管户金条-岐力职场 | C13: 801797 | D13: 于婷 | E13: 2026-01-16 14:47:21 | F13: 2026-01-16 14:47:21 | G13: 86 | H13: 86 | I13: 2026-04-01 12:09:57 | J13: 497 | K13: 498 | L13: 154 | M13: 25542 | N13: 19101 | O13: 13 | P13: 0 | R13: 21 | S13: 32 | T13: 701000 | U13: 701000 | V13: =IF(OR(I13="",说明首页!$C$3-INT(I13)>7),"是","否") -> 是 | W13: =IF(OR(O13="",O13<22),"是","否") -> 是 | X13: =IF(AND(V13="否",W13="否"),"是","否") -> 否 | Y13: =IF(OR(I13="",说明首页!$C$3-INT(I13)>=3),"是","否") -> 是 | Z13: =IF(L13>0,N13/L13,0) -> 124.03247 | AA13: =IF(T13="",0,T13/10000) -> 70.1 | AB13: =IF(AND(S13<>"",S13>0),T13/S13,0) -> 21906.25 | AC13: =IF(O13>0,L13/O13,0) -> 11.846154 | AD13: =IF(X13="是",COUNTIFS($X$2:$X$5000,"是",$Z$2:$Z$5000,"<"&Z13)/COUNTIF($X$2:$X$5000,"是")*100,"") | AE13: =IF(X13="是",COUNTIFS($X$2:$X$5000,"是",$AA$2:$AA$5000,"<"&AA13)/COUNTIF($X$2:$X$5000,"是")*100,"") | AF13: =IF(X13="是",COUNTIFS($X$2:$X$5000,"是",$AB$2:$AB$5000,"<"&AB13)/COUNTIF($X$2:$X$5000,"是")*100,"") | AG13: =IF(X13="是",COUNTIFS($X$2:$X$5000,"是",$AC$2:$AC$5000,"<"&AC13)/COUNTIF($X$2:$X$5000,"是")*100,"") | AH13: =IF(X13="是",ROUND(AD13*0.3+AE13*0.4+AF13*0.15+AG13*0.15,2),"") | AI13: =IF(X13="是",COUNTIFS($X$2:$X$5000,"是",$AH$2:$AH$5000,">"&AH13)+1,"") | AJ13: =IF(X13<>"是","非参评",IF(AND(AI13<=COUNTIF($X$2:$X$5000,"是")*0.2,AA13>MEDIAN(IF($X$2:$X$5000="是",$AA$2:$AA$5000))),"S",IF(AI13<=COUNTIF($X$2:$X$5000,"是")*0.5,"A",IF(AI13<=COUNTIF($X$2:$X$5000,"是")*0.8,"B","C")))) -> 非参评 | AK13: =IF(G13="","无数据",IF(G13<30,"MOB1-",IF(G13<90,"MOB1-3",IF(G13<180,"MOB3-6",IF(G13<365,"MOB6-12","MOB12+"))))) -> MOB1-3
A14: 复贷 | B14: 管户金条-毅航合肥职场 | C14: 803614 | D14: 龙春秀 | E14: 2026-03-09 14:17:26 | F14: 2026-03-09 14:17:26 | G14: 34 | H14: 34 | I14: 2026-04-11 16:16:13 | J14: 566 | K14: 601 | L14: 186 | M14: 22919 | N14: 16732 | O14: 7 | P14: 0 | R14: 10 | S14: 11 | T14: 141300 | U14: 141300 | V14: =IF(OR(I14="",说明首页!$C$3-INT(I14)>7),"是","否") -> 否 | W14: =IF(OR(O14="",O14<22),"是","否") -> 是 | X14: =IF(AND(V14="否",W14="否"),"是","否") -> 否 | Y14: =IF(OR(I14="",说明首页!$C$3-INT(I14)>=3),"是","否") -> 否 | Z14: =IF(L14>0,N14/L14,0) -> 89.956989 | AA14: =IF(T14="",0,T14/10000) -> 14.13 | AB14: =IF(AND(S14<>"",S14>0),T14/S14,0) -> 12845.455 | AC14: =IF(O14>0,L14/O14,0) -> 26.571429 | AD14: =IF(X14="是",COUNTIFS($X$2:$X$5000,"是",$Z$2:$Z$5000,"<"&Z14)/COUNTIF($X$2:$X$5000,"是")*100,"") | AE14: =IF(X14="是",COUNTIFS($X$2:$X$5000,"是",$AA$2:$AA$5000,"<"&AA14)/COUNTIF($X$2:$X$5000,"是")*100,"") | AF14: =IF(X14="是",COUNTIFS($X$2:$X$5000,"是",$AB$2:$AB$5000,"<"&AB14)/COUNTIF($X$2:$X$5000,"是")*100,"") | AG14: =IF(X14="是",COUNTIFS($X$2:$X$5000,"是",$AC$2:$AC$5000,"<"&AC14)/COUNTIF($X$2:$X$5000,"是")*100,"") | AH14: =IF(X14="是",ROUND(AD14*0.3+AE14*0.4+AF14*0.15+AG14*0.15,2),"") | AI14: =IF(X14="是",COUNTIFS($X$2:$X$5000,"是",$AH$2:$AH$5000,">"&AH14)+1,"") | AJ14: =IF(X14<>"是","非参评",IF(AND(AI14<=COUNTIF($X$2:$X$5000,"是")*0.2,AA14>MEDIAN(IF($X$2:$X$5000="是",$AA$2:$AA$5000))),"S",IF(AI14<=COUNTIF($X$2:$X$5000,"是")*0.5,"A",IF(AI14<=COUNTIF($X$2:$X$5000,"是")*0.8,"B","C")))) -> 非参评 | AK14: =IF(G14="","无数据",IF(G14<30,"MOB1-",IF(G14<90,"MOB1-3",IF(G14<180,"MOB3-6",IF(G14<365,"MOB6-12","MOB12+"))))) -> MOB1-3
A15: 复贷 | B15: 管户金条-广达陕西职场 | C15: 804173 | D15: 陈楠楠 | E15: 2026-03-13 09:09:23 | F15: 2026-03-13 09:09:23 | G15: 30 | H15: 30 | I15: 2026-04-12 17:53:03 | J15: 2718 | K15: 5229 | L15: 2370 | M15: 251138 | N15: 209550 | O15: 29 | P15: 0 | R15: 126 | S15: 185 | T15: 4016800 | U15: 4016800 | V15: =IF(OR(I15="",说明首页!$C$3-INT(I15)>7),"是","否") -> 否 | W15: =IF(OR(O15="",O15<22),"是","否") -> 否 | X15: =IF(AND(V15="否",W15="否"),"是","否") -> 是 | Y15: =IF(OR(I15="",说明首页!$C$3-INT(I15)>=3),"是","否") -> 否 | Z15: =IF(L15>0,N15/L15,0) -> 88.417722 | AA15: =IF(T15="",0,T15/10000) -> 401.68 | AB15: =IF(AND(S15<>"",S15>0),T15/S15,0) -> 21712.432 | AC15: =IF(O15>0,L15/O15,0) -> 81.724138 | AD15: =IF(X15="是",COUNTIFS($X$2:$X$5000,"是",$Z$2:$Z$5000,"<"&Z15)/COUNTIF($X$2:$X$5000,"是")*100,"") -> 42.962963 | AE15: =IF(X15="是",COUNTIFS($X$2:$X$5000,"是",$AA$2:$AA$5000,"<"&AA15)/COUNTIF($X$2:$X$5000,"是")*100,"") -> 12.407407 | AF15: =IF(X15="是",COUNTIFS($X$2:$X$5000,"是",$AB$2:$AB$5000,"<"&AB15)/COUNTIF($X$2:$X$5000,"是")*100,"") -> 40.37037 | AG15: =IF(X15="是",COUNTIFS($X$2:$X$5000,"是",$AC$2:$AC$5000,"<"&AC15)/COUNTIF($X$2:$X$5000,"是")*100,"") -> 32.222222 | AH15: =IF(X15="是",ROUND(AD15*0.3+AE15*0.4+AF15*0.15+AG15*0.15,2),"") -> 28.74 | AI15: =IF(X15="是",COUNTIFS($X$2:$X$5000,"是",$AH$2:$AH$5000,">"&AH15)+1,"") -> 465 | AJ15: =IF(X15<>"是","非参评",IF(AND(AI15<=COUNTIF($X$2:$X$5000,"是")*0.2,AA15>MEDIAN(IF($X$2:$X$5000="是",$AA$2:$AA$5000))),"S",IF(AI15<=COUNTIF($X$2:$X$5000,"是")*0.5,"A",IF(AI15<=COUNTIF($X$2:$X$5000,"是")*0.8,"B","C")))) -> C | AK15: =IF(G15="","无数据",IF(G15<30,"MOB1-",IF(G15<90,"MOB1-3",IF(G15<180,"MOB3-6",IF(G15<365,"MOB6-12","MOB12+"))))) -> MOB1-3
A16: 复贷 | B16: 管户金条-宿迁兆科职场 | C16: 803318 | D16: 文朝瑜 | E16: 2026-03-04 10:04:03 | F16: 2026-03-04 10:04:03 | G16: 39 | H16: 39 | I16: 2026-04-11 17:59:39 | J16: 4240 | K16: 5235 | L16: 2037 | M16: 294001 | N16: 249138 | O16: 25 | P16: 0 | R16: 256 | S16: 399 | T16: 8816800 | U16: 8816800 | V16: =IF(OR(I16="",说明首页!$C$3-INT(I16)>7),"是","否") -> 否 | W16: =IF(OR(O16="",O16<22),"是","否") -> 否 | X16: =IF(AND(V16="否",W16="否"),"是","否") -> 是 | Y16: =IF(OR(I16="",说明首页!$C$3-INT(I16)>=3),"是","否") -> 否 | Z16: =IF(L16>0,N16/L16,0) -> 122.30633 | AA16: =IF(T16="",0,T16/10000) -> 881.68 | AB16: =IF(AND(S16<>"",S16>0),T16/S16,0) -> 22097.243 | AC16: =IF(O16>0,L16/O16,0) -> 81.48 | AD16: =IF(X16="是",COUNTIFS($X$2:$X$5000,"是",$Z$2:$Z$5000,"<"&Z16)/COUNTIF($X$2:$X$5000,"是")*100,"") -> 87.592593 | AE16: =IF(X16="是",COUNTIFS($X$2:$X$5000,"是",$AA$2:$AA$5000,"<"&AA16)/COUNTIF($X$2:$X$5000,"是")*100,"") -> 60.555556 | AF16: =IF(X16="是",COUNTIFS($X$2:$X$5000,"是",$AB$2:$AB$5000,"<"&AB16)/COUNTIF($X$2:$X$5000,"是")*100,"") -> 43.333333 | AG16: =IF(X16="是",COUNTIFS($X$2:$X$5000,"是",$AC$2:$AC$5000,"<"&AC16)/COUNTIF($X$2:$X$5000,"是")*100,"") -> 31.851852 | AH16: =IF(X16="是",ROUND(AD16*0.3+AE16*0.4+AF16*0.15+AG16*0.15,2),"") -> 61.78 | AI16: =IF(X16="是",COUNTIFS($X$2:$X$5000,"是",$AH$2:$AH$5000,">"&AH16)+1,"") -> 150 | AJ16: =IF(X16<>"是","非参评",IF(AND(AI16<=COUNTIF($X$2:$X$5000,"是")*0.2,AA16>MEDIAN(IF($X$2:$X$5000="是",$AA$2:$AA$5000))),"S",IF(AI16<=COUNTIF($X$2:$X$5000,"是")*0.5,"A",IF(AI16<=COUNTIF($X$2:$X$5000,"是")*0.8,"B","C")))) -> A | AK16: =IF(G16="","无数据",IF(G16<30,"MOB1-",IF(G16<90,"MOB1-3",IF(G16<180,"MOB3-6",IF(G16<365,"MOB6-12","MOB12+"))))) -> MOB1-3
A17: 复贷 | B17: 管户金条-汇讯职场 | C17: 804587 | D17: 张建霞 | E17: 2026-03-20 09:19:25 | F17: 2026-03-20 09:19:25 | G17: 23 | H17: 23 | I17: 2026-03-21 18:12:00 | J17: 336 | K17: 338 | L17: 179 | M17: 19347 | N17: 17151 | O17: 2 | P17: 0 | R17: 15 | S17: 20 | T17: 525100 | U17: 525100 | V17: =IF(OR(I17="",说明首页!$C$3-INT(I17)>7),"是","否") -> 是 | W17: =IF(OR(O17="",O17<22),"是","否") -> 是 | X17: =IF(AND(V17="否",W17="否"),"是","否") -> 否 | Y17: =IF(OR(I17="",说明首页!$C$3-INT(I17)>=3),"是","否") -> 是 | Z17: =IF(L17>0,N17/L17,0) -> 95.815642 | AA17: =IF(T17="",0,T17/10000) -> 52.51 | AB17: =IF(AND(S17<>"",S17>0),T17/S17,0) -> 26255 | AC17: =IF(O17>0,L17/O17,0) -> 89.5 | AD17: =IF(X17="是",COUNTIFS($X$2:$X$5000,"是",$Z$2:$Z$5000,"<"&Z17)/COUNTIF($X$2:$X$5000,"是")*100,"") | AE17: =IF(X17="是",COUNTIFS($X$2:$X$5000,"是",$AA$2:$AA$5000,"<"&AA17)/COUNTIF($X$2:$X$5000,"是")*100,"") | AF17: =IF(X17="是",COUNTIFS($X$2:$X$5000,"是",$AB$2:$AB$5000,"<"&AB17)/COUNTIF($X$2:$X$5000,"是")*100,"") | AG17: =IF(X17="是",COUNTIFS($X$2:$X$5000,"是",$AC$2:$AC$5000,"<"&AC17)/COUNTIF($X$2:$X$5000,"是")*100,"") | AH17: =IF(X17="是",ROUND(AD17*0.3+AE17*0.4+AF17*0.15+AG17*0.15,2),"") | AI17: =IF(X17="是",COUNTIFS($X$2:$X$5000,"是",$AH$2:$AH$5000,">"&AH17)+1,"") | AJ17: =IF(X17<>"是","非参评",IF(AND(AI17<=COUNTIF($X$2:$X$5000,"是")*0.2,AA17>MEDIAN(IF($X$2:$X$5000="是",$AA$2:$AA$5000))),"S",IF(AI17<=COUNTIF($X$2:$X$5000,"是")*0.5,"A",IF(AI17<=COUNTIF($X$2:$X$5000,"是")*0.8,"B","C")))) -> 非参评 | AK17: =IF(G17="","无数据",IF(G17<30,"MOB1-",IF(G17<90,"MOB1-3",IF(G17<180,"MOB3-6",IF(G17<365,"MOB6-12","MOB12+"))))) -> MOB1-
A18: 复贷 | B18: 管户金条-赛维斯职场 | C18: 715600 | D18: 董英彩 | E18: 2022-08-19 12:28:54 | F18: 2022-08-19 12:28:54 | G18: 1332 | H18: 1332 | I18: 2026-04-12 18:27:35 | J18: 5552 | K18: 7213 | L18: 3419 | M18: 318087 | N18: 260280 | O18: 29 | P18: 0 | R18: 241 | S18: 382 | T18: 8705700 | U18: 8705700 | V18: =IF(OR(I18="",说明首页!$C$3-INT(I18)>7),"是","否") -> 否 | W18: =IF(OR(O18="",O18<22),"是","否") -> 否 | X18: =IF(AND(V18="否",W18="否"),"是","否") -> 是 | Y18: =IF(OR(I18="",说明首页!$C$3-INT(I18)>=3),"是","否") -> 否 | Z18: =IF(L18>0,N18/L18,0) -> 76.127523 | AA18: =IF(T18="",0,T18/10000) -> 870.57 | AB18: =IF(AND(S18<>"",S18>0),T18/S18,0) -> 22789.791 | AC18: =IF(O18>0,L18/O18,0) -> 117.89655 | AD18: =IF(X18="是",COUNTIFS($X$2:$X$5000,"是",$Z$2:$Z$5000,"<"&Z18)/COUNTIF($X$2:$X$5000,"是")*100,"") -> 16.851852 | AE18: =IF(X18="是",COUNTIFS($X$2:$X$5000,"是",$AA$2:$AA$5000,"<"&AA18)/COUNTIF($X$2:$X$5000,"是")*100,"") -> 59.259259 | AF18: =IF(X18="是",COUNTIFS($X$2:$X$5000,"是",$AB$2:$AB$5000,"<"&AB18)/COUNTIF($X$2:$X$5000,"是")*100,"") -> 47.592593 | AG18: =IF(X18="是",COUNTIFS($X$2:$X$5000,"是",$AC$2:$AC$5000,"<"&AC18)/COUNTIF($X$2:$X$5000,"是")*100,"") -> 95.740741 | AH18: =IF(X18="是",ROUND(AD18*0.3+AE18*0.4+AF18*0.15+AG18*0.15,2),"") -> 50.26 | AI18: =IF(X18="是",COUNTIFS($X$2:$X$5000,"是",$AH$2:$AH$5000,">"&AH18)+1,"") -> 257 | AJ18: =IF(X18<>"是","非参评",IF(AND(AI18<=COUNTIF($X$2:$X$5000,"是")*0.2,AA18>MEDIAN(IF($X$2:$X$5000="是",$AA$2:$AA$5000))),"S",IF(AI18<=COUNTIF($X$2:$X$5000,"是")*0.5,"A",IF(AI18<=COUNTIF($X$2:$X$5000,"是")*0.8,"B","C")))) -> A | AK18: =IF(G18="","无数据",IF(G18<30,"MOB1-",IF(G18<90,"MOB1-3",IF(G18<180,"MOB3-6",IF(G18<365,"MOB6-12","MOB12+"))))) -> MOB12+
A19: 复贷 | B19: 管户金条-毅航合肥职场 | C19: 766925 | D19: 任虎 | E19: 2024-08-30 09:32:53 | F19: 2024-08-30 09:32:53 | G19: 590 | H19: 590 | I19: 2026-04-11 16:15:30 | J19: 431 | K19: 450 | L19: 233 | M19: 27622 | N19: 24244 | O19: 8 | P19: 0 | R19: 10 | S19: 15 | T19: 219000 | U19: 219000 | V19: =IF(OR(I19="",说明首页!$C$3-INT(I19)>7),"是","否") -> 否 | W19: =IF(OR(O19="",O19<22),"是","否") -> 是 | X19: =IF(AND(V19="否",W19="否"),"是","否") -> 否 | Y19: =IF(OR(I19="",说明首页!$C$3-INT(I19)>=3),"是","否") -> 否 | Z19: =IF(L19>0,N19/L19,0) -> 104.0515 | AA19: =IF(T19="",0,T19/10000) -> 21.9 | AB19: =IF(AND(S19<>"",S19>0),T19/S19,0) -> 14600 | AC19: =IF(O19>0,L19/O19,0) -> 29.125 | AD19: =IF(X19="是",COUNTIFS($X$2:$X$5000,"是",$Z$2:$Z$5000,"<"&Z19)/COUNTIF($X$2:$X$5000,"是")*100,"") | AE19: =IF(X19="是",COUNTIFS($X$2:$X$5000,"是",$AA$2:$AA$5000,"<"&AA19)/COUNTIF($X$2:$X$5000,"是")*100,"") | AF19: =IF(X19="是",COUNTIFS($X$2:$X$5000,"是",$AB$2:$AB$5000,"<"&AB19)/COUNTIF($X$2:$X$5000,"是")*100,"") | AG19: =IF(X19="是",COUNTIFS($X$2:$X$5000,"是",$AC$2:$AC$5000,"<"&AC19)/COUNTIF($X$2:$X$5000,"是")*100,"") | AH19: =IF(X19="是",ROUND(AD19*0.3+AE19*0.4+AF19*0.15+AG19*0.15,2),"") | AI19: =IF(X19="是",COUNTIFS($X$2:$X$5000,"是",$AH$2:$AH$5000,">"&AH19)+1,"") | AJ19: =IF(X19<>"是","非参评",IF(AND(AI19<=COUNTIF($X$2:$X$5000,"是")*0.2,AA19>MEDIAN(IF($X$2:$X$5000="是",$AA$2:$AA$5000))),"S",IF(AI19<=COUNTIF($X$2:$X$5000,"是")*0.5,"A",IF(AI19<=COUNTIF($X$2:$X$5000,"是")*0.8,"B","C")))) -> 非参评 | AK19: =IF(G19="","无数据",IF(G19<30,"MOB1-",IF(G19<90,"MOB1-3",IF(G19<180,"MOB3-6",IF(G19<365,"MOB6-12","MOB12+"))))) -> MOB12+
A20: 复贷 | B20: 管户金条-毛毛虫职场 | C20: 802980 | D20: 吕长峰 | E20: 2026-03-02 10:48:06 | F20: 2026-03-02 10:48:06 | G20: 41 | H20: 41 | I20: 2026-03-24 18:07:06 | J20: 1594 | K20: 2017 | L20: 907 | M20: 86497 | N20: 70843 | O20: 9 | P20: 0 | R20: 87 | S20: 125 | T20: 1621900 | U20: 1621900 | V20: =IF(OR(I20="",说明首页!$C$3-INT(I20)>7),"是","否") -> 是 | W20: =IF(OR(O20="",O20<22),"是","否") -> 是 | X20: =IF(AND(V20="否",W20="否"),"是","否") -> 否 | Y20: =IF(OR(I20="",说明首页!$C$3-INT(I20)>=3),"是","否") -> 是 | Z20: =IF(L20>0,N20/L20,0) -> 78.106946 | AA20: =IF(T20="",0,T20/10000) -> 162.19 | AB20: =IF(AND(S20<>"",S20>0),T20/S20,0) -> 12975.2 | AC20: =IF(O20>0,L20/O20,0) -> 100.77778 | AD20: =IF(X20="是",COUNTIFS($X$2:$X$5000,"是",$Z$2:$Z$5000,"<"&Z20)/COUNTIF($X$2:$X$5000,"是")*100,"") | AE20: =IF(X20="是",COUNTIFS($X$2:$X$5000,"是",$AA$2:$AA$5000,"<"&AA20)/COUNTIF($X$2:$X$5000,"是")*100,"") | AF20: =IF(X20="是",COUNTIFS($X$2:$X$5000,"是",$AB$2:$AB$5000,"<"&AB20)/COUNTIF($X$2:$X$5000,"是")*100,"") | AG20: =IF(X20="是",COUNTIFS($X$2:$X$5000,"是",$AC$2:$AC$5000,"<"&AC20)/COUNTIF($X$2:$X$5000,"是")*100,"") | AH20: =IF(X20="是",ROUND(AD20*0.3+AE20*0.4+AF20*0.15+AG20*0.15,2),"") | AI20: =IF(X20="是",COUNTIFS($X$2:$X$5000,"是",$AH$2:$AH$5000,">"&AH20)+1,"") | AJ20: =IF(X20<>"是","非参评",IF(AND(AI20<=COUNTIF($X$2:$X$5000,"是")*0.2,AA20>MEDIAN(IF($X$2:$X$5000="是",$AA$2:$AA$5000))),"S",IF(AI20<=COUNTIF($X$2:$X$5000,"是")*0.5,"A",IF(AI20<=COUNTIF($X$2:$X$5000,"是")*0.8,"B","C")))) -> 非参评 | AK20: =IF(G20="","无数据",IF(G20<30,"MOB1-",IF(G20<90,"MOB1-3",IF(G20<180,"MOB3-6",IF(G20<365,"MOB6-12","MOB12+"))))) -> MOB1-3
A21: 复贷 | B21: 管户金条-伽玛职场 | C21: 804884 | D21: 高梦雨 | E21: 2026-03-25 13:35:08 | F21: 2026-03-25 13:35:08 | G21: 18 | H21: 18 | I21: 2026-03-25 17:48:42 | J21: 91 | K21: 93 | L21: 29 | M21: 3241 | N21: 2529 | O21: 1 | P21: 0 | R21: 2 | S21: 2 | T21: 2100 | U21: 2100 | V21: =IF(OR(I21="",说明首页!$C$3-INT(I21)>7),"是","否") -> 是 | W21: =IF(OR(O21="",O21<22),"是","否") -> 是 | X21: =IF(AND(V21="否",W21="否"),"是","否") -> 否 | Y21: =IF(OR(I21="",说明首页!$C$3-INT(I21)>=3),"是","否") -> 是 | Z21: =IF(L21>0,N21/L21,0) -> 87.206897 | AA21: =IF(T21="",0,T21/10000) -> 0.21 | AB21: =IF(AND(S21<>"",S21>0),T21/S21,0) -> 1050 | AC21: =IF(O21>0,L21/O21,0) -> 29 | AD21: =IF(X21="是",COUNTIFS($X$2:$X$5000,"是",$Z$2:$Z$5000,"<"&Z21)/COUNTIF($X$2:$X$5000,"是")*100,"") | AE21: =IF(X21="是",COUNTIFS($X$2:$X$5000,"是",$AA$2:$AA$5000,"<"&AA21)/COUNTIF($X$2:$X$5000,"是")*100,"") | AF21: =IF(X21="是",COUNTIFS($X$2:$X$5000,"是",$AB$2:$AB$5000,"<"&AB21)/COUNTIF($X$2:$X$5000,"是")*100,"") | AG21: =IF(X21="是",COUNTIFS($X$2:$X$5000,"是",$AC$2:$AC$5000,"<"&AC21)/COUNTIF($X$2:$X$5000,"是")*100,"") | AH21: =IF(X21="是",ROUND(AD21*0.3+AE21*0.4+AF21*0.15+AG21*0.15,2),"") | AI21: =IF(X21="是",COUNTIFS($X$2:$X$5000,"是",$AH$2:$AH$5000,">"&AH21)+1,"") | AJ21: =IF(X21<>"是","非参评",IF(AND(AI21<=COUNTIF($X$2:$X$5000,"是")*0.2,AA21>MEDIAN(IF($X$2:$X$5000="是",$AA$2:$AA$5000))),"S",IF(AI21<=COUNTIF($X$2:$X$5000,"是")*0.5,"A",IF(AI21<=COUNTIF($X$2:$X$5000,"是")*0.8,"B","C")))) -> 非参评 | AK21: =IF(G21="","无数据",IF(G21<30,"MOB1-",IF(G21<90,"MOB1-3",IF(G21<180,"MOB3-6",IF(G21<365,"MOB6-12","MOB12+"))))) -> MOB1-
A22: 复贷 | B22: 管户金条-毛毛虫职场 | C22: 800924 | D22: 张敏 | E22: 2026-01-08 10:40:52 | F22: 2026-01-08 10:40:52 | G22: 94 | H22: 94 | I22: 2026-04-11 17:27:54 | J22: 104 | K22: 110 | L22: 51 | M22: 4283 | N22: 3396 | P22: 0 | R22: 1 | S22: 2 | T22: 40000 | U22: 40000 | V22: =IF(OR(I22="",说明首页!$C$3-INT(I22)>7),"是","否") -> 否 | W22: =IF(OR(O22="",O22<22),"是","否") -> 是 | X22: =IF(AND(V22="否",W22="否"),"是","否") -> 否 | Y22: =IF(OR(I22="",说明首页!$C$3-INT(I22)>=3),"是","否") -> 否 | Z22: =IF(L22>0,N22/L22,0) -> 66.588235 | AA22: =IF(T22="",0,T22/10000) -> 4 | AB22: =IF(AND(S22<>"",S22>0),T22/S22,0) -> 20000 | AC22: =IF(O22>0,L22/O22,0) -> 0 | AD22: =IF(X22="是",COUNTIFS($X$2:$X$5000,"是",$Z$2:$Z$5000,"<"&Z22)/COUNTIF($X$2:$X$5000,"是")*100,"") | AE22: =IF(X22="是",COUNTIFS($X$2:$X$5000,"是",$AA$2:$AA$5000,"<"&AA22)/COUNTIF($X$2:$X$5000,"是")*100,"") | AF22: =IF(X22="是",COUNTIFS($X$2:$X$5000,"是",$AB$2:$AB$5000,"<"&AB22)/COUNTIF($X$2:$X$5000,"是")*100,"") | AG22: =IF(X22="是",COUNTIFS($X$2:$X$5000,"是",$AC$2:$AC$5000,"<"&AC22)/COUNTIF($X$2:$X$5000,"是")*100,"") | AH22: =IF(X22="是",ROUND(AD22*0.3+AE22*0.4+AF22*0.15+AG22*0.15,2),"") | AI22: =IF(X22="是",COUNTIFS($X$2:$X$5000,"是",$AH$2:$AH$5000,">"&AH22)+1,"") | AJ22: =IF(X22<>"是","非参评",IF(AND(AI22<=COUNTIF($X$2:$X$5000,"是")*0.2,AA22>MEDIAN(IF($X$2:$X$5000="是",$AA$2:$AA$5000))),"S",IF(AI22<=COUNTIF($X$2:$X$5000,"是")*0.5,"A",IF(AI22<=COUNTIF($X$2:$X$5000,"是")*0.8,"B","C")))) -> 非参评 | AK22: =IF(G22="","无数据",IF(G22<30,"MOB1-",IF(G22<90,"MOB1-3",IF(G22<180,"MOB3-6",IF(G22<365,"MOB6-12","MOB12+"))))) -> MOB3-6
A23: 复贷 | B23: 管户金条-人和职场 | C23: 800146 | D23: 许冬雪 | E23: 2025-12-25 13:56:48 | F23: 2025-12-25 13:56:48 | G23: 108 | H23: 108 | I23: 2026-04-12 17:58:47 | J23: 3937 | K23: 6846 | L23: 2347 | M23: 288945 | N23: 224676 | O23: 29 | P23: 0 | R23: 186 | S23: 305 | T23: 4496300 | U23: 4496300 | V23: =IF(OR(I23="",说明首页!$C$3-INT(I23)>7),"是","否") -> 否 | W23: =IF(OR(O23="",O23<22),"是","否") -> 否 | X23: =IF(AND(V23="否",W23="否"),"是","否") -> 是 | Y23: =IF(OR(I23="",说明首页!$C$3-INT(I23)>=3),"是","否") -> 否 | Z23: =IF(L23>0,N23/L23,0) -> 95.729016 | AA23: =IF(T23="",0,T23/10000) -> 449.63 | AB23: =IF(AND(S23<>"",S23>0),T23/S23,0) -> 14741.967 | AC23: =IF(O23>0,L23/O23,0) -> 80.931034 | AD23: =IF(X23="是",COUNTIFS($X$2:$X$5000,"是",$Z$2:$Z$5000,"<"&Z23)/COUNTIF($X$2:$X$5000,"是")*100,"") -> 57.222222 | AE23: =IF(X23="是",COUNTIFS($X$2:$X$5000,"是",$AA$2:$AA$5000,"<"&AA23)/COUNTIF($X$2:$X$5000,"是")*100,"") -> 16.111111 | AF23: =IF(X23="是",COUNTIFS($X$2:$X$5000,"是",$AB$2:$AB$5000,"<"&AB23)/COUNTIF($X$2:$X$5000,"是")*100,"") -> 7.4074074 | AG23: =IF(X23="是",COUNTIFS($X$2:$X$5000,"是",$AC$2:$AC$5000,"<"&AC23)/COUNTIF($X$2:$X$5000,"是")*100,"") -> 30.37037 | AH23: =IF(X23="是",ROUND(AD23*0.3+AE23*0.4+AF23*0.15+AG23*0.15,2),"") -> 29.28 | AI23: =IF(X23="是",COUNTIFS($X$2:$X$5000,"是",$AH$2:$AH$5000,">"&AH23)+1,"") -> 459 | AJ23: =IF(X23<>"是","非参评",IF(AND(AI23<=COUNTIF($X$2:$X$5000,"是")*0.2,AA23>MEDIAN(IF($X$2:$X$5000="是",$AA$2:$AA$5000))),"S",IF(AI23<=COUNTIF($X$2:$X$5000,"是")*0.5,"A",IF(AI23<=COUNTIF($X$2:$X$5000,"是")*0.8,"B","C")))) -> C | AK23: =IF(G23="","无数据",IF(G23<30,"MOB1-",IF(G23<90,"MOB1-3",IF(G23<180,"MOB3-6",IF(G23<365,"MOB6-12","MOB12+"))))) -> MOB3-6
A24: 复贷 | B24: 管户金条-博岳石家庄职场 | C24: 803330 | D24: 周明燕 | E24: 2026-03-03 13:37:41 | F24: 2026-03-03 13:37:41 | G24: 40 | H24: 40 | I24: 2026-04-11 19:29:01 | J24: 3782 | K24: 4425 | L24: 2151 | M24: 270652 | N24: 236879 | O24: 25 | P24: 0 | R24: 184 | S24: 282 | T24: 3410300 | U24: 3410300 | V24: =IF(OR(I24="",说明首页!$C$3-INT(I24)>7),"是","否") -> 否 | W24: =IF(OR(O24="",O24<22),"是","否") -> 否 | X24: =IF(AND(V24="否",W24="否"),"是","否") -> 是 | Y24: =IF(OR(I24="",说明首页!$C$3-INT(I24)>=3),"是","否") -> 否 | Z24: =IF(L24>0,N24/L24,0) -> 110.12506 | AA24: =IF(T24="",0,T24/10000) -> 341.03 | AB24: =IF(AND(S24<>"",S24>0),T24/S24,0) -> 12093.262 | AC24: =IF(O24>0,L24/O24,0) -> 86.04 | AD24: =IF(X24="是",COUNTIFS($X$2:$X$5000,"是",$Z$2:$Z$5000,"<"&Z24)/COUNTIF($X$2:$X$5000,"是")*100,"") -> 80.555556 | AE24: =IF(X24="是",COUNTIFS($X$2:$X$5000,"是",$AA$2:$AA$5000,"<"&AA24)/COUNTIF($X$2:$X$5000,"是")*100,"") -> 7.7777778 | AF24: =IF(X24="是",COUNTIFS($X$2:$X$5000,"是",$AB$2:$AB$5000,"<"&AB24)/COUNTIF($X$2:$X$5000,"是")*100,"") -> 2.2222222 | AG24: =IF(X24="是",COUNTIFS($X$2:$X$5000,"是",$AC$2:$AC$5000,"<"&AC24)/COUNTIF($X$2:$X$5000,"是")*100,"") -> 41.111111 | AH24: =IF(X24="是",ROUND(AD24*0.3+AE24*0.4+AF24*0.15+AG24*0.15,2),"") -> 33.78 | AI24: =IF(X24="是",COUNTIFS($X$2:$X$5000,"是",$AH$2:$AH$5000,">"&AH24)+1,"") -> 427 | AJ24: =IF(X24<>"是","非参评",IF(AND(AI24<=COUNTIF($X$2:$X$5000,"是")*0.2,AA24>MEDIAN(IF($X$2:$X$5000="是",$AA$2:$AA$5000))),"S",IF(AI24<=COUNTIF($X$2:$X$5000,"是")*0.5,"A",IF(AI24<=COUNTIF($X$2:$X$5000,"是")*0.8,"B","C")))) -> B | AK24: =IF(G24="","无数据",IF(G24<30,"MOB1-",IF(G24<90,"MOB1-3",IF(G24<180,"MOB3-6",IF(G24<365,"MOB6-12","MOB12+"))))) -> MOB1-3
A25: 复贷 | B25: 管户金条-华啸职场 | C25: 805482 | D25: 程祖堰 | E25: 2026-03-31 11:12:04 | F25: 2026-03-31 11:12:04 | G25: 12 | H25: 12 | I25: 2026-04-11 11:55:43 | J25: 596 | K25: 862 | L25: 244 | M25: 44121 | N25: 34262 | O25: 8 | P25: 0 | R25: 24 | S25: 31 | T25: 655200 | U25: 655200 | V25: =IF(OR(I25="",说明首页!$C$3-INT(I25)>7),"是","否") -> 否 | W25: =IF(OR(O25="",O25<22),"是","否") -> 是 | X25: =IF(AND(V25="否",W25="否"),"是","否") -> 否 | Y25: =IF(OR(I25="",说明首页!$C$3-INT(I25)>=3),"是","否") -> 否 | Z25: =IF(L25>0,N25/L25,0) -> 140.41803 | AA25: =IF(T25="",0,T25/10000) -> 65.52 | AB25: =IF(AND(S25<>"",S25>0),T25/S25,0) -> 21135.484 | AC25: =IF(O25>0,L25/O25,0) -> 30.5 | AD25: =IF(X25="是",COUNTIFS($X$2:$X$5000,"是",$Z$2:$Z$5000,"<"&Z25)/COUNTIF($X$2:$X$5000,"是")*100,"") | AE25: =IF(X25="是",COUNTIFS($X$2:$X$5000,"是",$AA$2:$AA$5000,"<"&AA25)/COUNTIF($X$2:$X$5000,"是")*100,"") | AF25: =IF(X25="是",COUNTIFS($X$2:$X$5000,"是",$AB$2:$AB$5000,"<"&AB25)/COUNTIF($X$2:$X$5000,"是")*100,"") | AG25: =IF(X25="是",COUNTIFS($X$2:$X$5000,"是",$AC$2:$AC$5000,"<"&AC25)/COUNTIF($X$2:$X$5000,"是")*100,"") | AH25: =IF(X25="是",ROUND(AD25*0.3+AE25*0.4+AF25*0.15+AG25*0.15,2),"") | AI25: =IF(X25="是",COUNTIFS($X$2:$X$5000,"是",$AH$2:$AH$5000,">"&AH25)+1,"") | AJ25: =IF(X25<>"是","非参评",IF(AND(AI25<=COUNTIF($X$2:$X$5000,"是")*0.2,AA25>MEDIAN(IF($X$2:$X$5000="是",$AA$2:$AA$5000))),"S",IF(AI25<=COUNTIF($X$2:$X$5000,"是")*0.5,"A",IF(AI25<=COUNTIF($X$2:$X$5000,"是")*0.8,"B","C")))) -> 非参评 | AK25: =IF(G25="","无数据",IF(G25<30,"MOB1-",IF(G25<90,"MOB1-3",IF(G25<180,"MOB3-6",IF(G25<365,"MOB6-12","MOB12+"))))) -> MOB1-
A26: 复贷 | B26: 管户金条-翰锐曲靖职场 | C26: 674561 | D26: 王艳丽 | E26: 2022-10-13 18:35:59 | F26: 2022-10-13 18:35:59 | G26: 1277 | H26: 1277 | I26: 2026-04-10 11:06:07 | J26: 876 | K26: 908 | L26: 282 | M26: 27410 | N26: 18477 | O26: 5 | P26: 0 | R26: 19 | S26: 30 | T26: 341600 | U26: 341600 | V26: =IF(OR(I26="",说明首页!$C$3-INT(I26)>7),"是","否") -> 否 | W26: =IF(OR(O26="",O26<22),"是","否") -> 是 | X26: =IF(AND(V26="否",W26="否"),"是","否") -> 否 | Y26: =IF(OR(I26="",说明首页!$C$3-INT(I26)>=3),"是","否") -> 否 | Z26: =IF(L26>0,N26/L26,0) -> 65.521277 | AA26: =IF(T26="",0,T26/10000) -> 34.16 | AB26: =IF(AND(S26<>"",S26>0),T26/S26,0) -> 11386.667 | AC26: =IF(O26>0,L26/O26,0) -> 56.4 | AD26: =IF(X26="是",COUNTIFS($X$2:$X$5000,"是",$Z$2:$Z$5000,"<"&Z26)/COUNTIF($X$2:$X$5000,"是")*100,"") | AE26: =IF(X26="是",COUNTIFS($X$2:$X$5000,"是",$AA$2:$AA$5000,"<"&AA26)/COUNTIF($X$2:$X$5000,"是")*100,"") | AF26: =IF(X26="是",COUNTIFS($X$2:$X$5000,"是",$AB$2:$AB$5000,"<"&AB26)/COUNTIF($X$2:$X$5000,"是")*100,"") | AG26: =IF(X26="是",COUNTIFS($X$2:$X$5000,"是",$AC$2:$AC$5000,"<"&AC26)/COUNTIF($X$2:$X$5000,"是")*100,"") | AH26: =IF(X26="是",ROUND(AD26*0.3+AE26*0.4+AF26*0.15+AG26*0.15,2),"") | AI26: =IF(X26="是",COUNTIFS($X$2:$X$5000,"是",$AH$2:$AH$5000,">"&AH26)+1,"") | AJ26: =IF(X26<>"是","非参评",IF(AND(AI26<=COUNTIF($X$2:$X$5000,"是")*0.2,AA26>MEDIAN(IF($X$2:$X$5000="是",$AA$2:$AA$5000))),"S",IF(AI26<=COUNTIF($X$2:$X$5000,"是")*0.5,"A",IF(AI26<=COUNTIF($X$2:$X$5000,"是")*0.8,"B","C")))) -> 非参评 | AK26: =IF(G26="","无数据",IF(G26<30,"MOB1-",IF(G26<90,"MOB1-3",IF(G26<180,"MOB3-6",IF(G26<365,"MOB6-12","MOB12+"))))) -> MOB12+
A27: 复贷 | B27: 管户金条-华啸职场 | C27: 802001 | D27: 黄永丽 | E27: 2026-01-23 09:06:38 | F27: 2026-01-23 09:06:38 | G27: 79 | H27: 79 | I27: 2026-04-11 18:23:46 | J27: 3743 | K27: 5309 | L27: 2216 | M27: 237461 | N27: 190133 | O27: 27 | P27: 0 | R27: 165 | S27: 272 | T27: 4210200 | U27: 4210200 | V27: =IF(OR(I27="",说明首页!$C$3-INT(I27)>7),"是","否") -> 否 | W27: =IF(OR(O27="",O27<22),"是","否") -> 否 | X27: =IF(AND(V27="否",W27="否"),"是","否") -> 是 | Y27: =IF(OR(I27="",说明首页!$C$3-INT(I27)>=3),"是","否") -> 否 | Z27: =IF(L27>0,N27/L27,0) -> 85.80009 | AA27: =IF(T27="",0,T27/10000) -> 421.02 | AB27: =IF(AND(S27<>"",S27>0),T27/S27,0) -> 15478.676 | AC27: =IF(O27>0,L27/O27,0) -> 82.074074 | AD27: =IF(X27="是",COUNTIFS($X$2:$X$5000,"是",$Z$2:$Z$5000,"<"&Z27)/COUNTIF($X$2:$X$5000,"是")*100,"") -> 37.407407 | AE27: =IF(X27="是",COUNTIFS($X$2:$X$5000,"是",$AA$2:$AA$5000,"<"&AA27)/COUNTIF($X$2:$X$5000,"是")*100,"") -> 14.259259 | AF27: =IF(X27="是",COUNTIFS($X$2:$X$5000,"是",$AB$2:$AB$5000,"<"&AB27)/COUNTIF($X$2:$X$5000,"是")*100,"") -> 10.185185 | AG27: =IF(X27="是",COUNTIFS($X$2:$X$5000,"是",$AC$2:$AC$5000,"<"&AC27)/COUNTIF($X$2:$X$5000,"是")*100,"") -> 33.703704 | AH27: =IF(X27="是",ROUND(AD27*0.3+AE27*0.4+AF27*0.15+AG27*0.15,2),"") -> 23.51 | AI27: =IF(X27="是",COUNTIFS($X$2:$X$5000,"是",$AH$2:$AH$5000,">"&AH27)+1,"") -> 501 | AJ27: =IF(X27<>"是","非参评",IF(AND(AI27<=COUNTIF($X$2:$X$5000,"是")*0.2,AA27>MEDIAN(IF($X$2:$X$5000="是",$AA$2:$AA$5000))),"S",IF(AI27<=COUNTIF($X$2:$X$5000,"是")*0.5,"A",IF(AI27<=COUNTIF($X$2:$X$5000,"是")*0.8,"B","C")))) -> C | AK27: =IF(G27="","无数据",IF(G27<30,"MOB1-",IF(G27<90,"MOB1-3",IF(G27<180,"MOB3-6",IF(G27<365,"MOB6-12","MOB12+"))))) -> MOB1-3
A28: 复贷 | B28: 管户金条-博岳石家庄职场 | C28: 751220 | D28: 陈豆豆 | E28: 2023-10-24 09:50:14 | F28: 2023-10-24 09:50:14 | G28: 901 | H28: 901 | I28: 2026-04-11 20:06:09 | J28: 4120 | K28: 4969 | L28: 2175 | M28: 283358 | N28: 241262 | O28: 26 | P28: 0 | R28: 229 | S28: 360 | T28: 7978800 | U28: 7978800 | V28: =IF(OR(I28="",说明首页!$C$3-INT(I28)>7),"是","否") -> 否 | W28: =IF(OR(O28="",O28<22),"是","否") -> 否 | X28: =IF(AND(V28="否",W28="否"),"是","否") -> 是 | Y28: =IF(OR(I28="",说明首页!$C$3-INT(I28)>=3),"是","否") -> 否 | Z28: =IF(L28>0,N28/L28,0) -> 110.92506 | AA28: =IF(T28="",0,T28/10000) -> 797.88 | AB28: =IF(AND(S28<>"",S28>0),T28/S28,0) -> 22163.333 | AC28: =IF(O28>0,L28/O28,0) -> 83.653846 | AD28: =IF(X28="是",COUNTIFS($X$2:$X$5000,"是",$Z$2:$Z$5000,"<"&Z28)/COUNTIF($X$2:$X$5000,"是")*100,"") -> 81.851852 | AE28: =IF(X28="是",COUNTIFS($X$2:$X$5000,"是",$AA$2:$AA$5000,"<"&AA28)/COUNTIF($X$2:$X$5000,"是")*100,"") -> 52.962963 | AF28: =IF(X28="是",COUNTIFS($X$2:$X$5000,"是",$AB$2:$AB$5000,"<"&AB28)/COUNTIF($X$2:$X$5000,"是")*100,"") -> 43.888889 | AG28: =IF(X28="是",COUNTIFS($X$2:$X$5000,"是",$AC$2:$AC$5000,"<"&AC28)/COUNTIF($X$2:$X$5000,"是")*100,"") -> 36.111111 | AH28: =IF(X28="是",ROUND(AD28*0.3+AE28*0.4+AF28*0.15+AG28*0.15,2),"") -> 57.74 | AI28: =IF(X28="是",COUNTIFS($X$2:$X$5000,"是",$AH$2:$AH$5000,">"&AH28)+1,"") -> 187 | AJ28: =IF(X28<>"是","非参评",IF(AND(AI28<=COUNTIF($X$2:$X$5000,"是")*0.2,AA28>MEDIAN(IF($X$2:$X$5000="是",$AA$2:$AA$5000))),"S",IF(AI28<=COUNTIF($X$2:$X$5000,"是")*0.5,"A",IF(AI28<=COUNTIF($X$2:$X$5000,"是")*0.8,"B","C")))) -> A | AK28: =IF(G28="","无数据",IF(G28<30,"MOB1-",IF(G28<90,"MOB1-3",IF(G28<180,"MOB3-6",IF(G28<365,"MOB6-12","MOB12+"))))) -> MOB12+
A29: 复贷 | B29: 管户金条-伽玛职场 | C29: 786571 | D29: 刘丽丽 | E29: 2025-06-14 09:26:24 | F29: 2025-06-14 09:26:24 | G29: 302 | H29: 302 | I29: 2026-04-11 18:36:46 | J29: 3381 | K29: 5284 | L29: 2012 | M29: 249377 | N29: 204386 | O29: 25 | P29: 0 | R29: 213 | S29: 344 | T29: 8452700 | U29: 8452700 | V29: =IF(OR(I29="",说明首页!$C$3-INT(I29)>7),"是","否") -> 否 | W29: =IF(OR(O29="",O29<22),"是","否") -> 否 | X29: =IF(AND(V29="否",W29="否"),"是","否") -> 是 | Y29: =IF(OR(I29="",说明首页!$C$3-INT(I29)>=3),"是","否") -> 否 | Z29: =IF(L29>0,N29/L29,0) -> 101.5835 | AA29: =IF(T29="",0,T29/10000) -> 845.27 | AB29: =IF(AND(S29<>"",S29>0),T29/S29,0) -> 24571.802 | AC29: =IF(O29>0,L29/O29,0) -> 80.48 | AD29: =IF(X29="是",COUNTIFS($X$2:$X$5000,"是",$Z$2:$Z$5000,"<"&Z29)/COUNTIF($X$2:$X$5000,"是")*100,"") -> 68.888889 | AE29: =IF(X29="是",COUNTIFS($X$2:$X$5000,"是",$AA$2:$AA$5000,"<"&AA29)/COUNTIF($X$2:$X$5000,"是")*100,"") -> 56.481481 | AF29: =IF(X29="是",COUNTIFS($X$2:$X$5000,"是",$AB$2:$AB$5000,"<"&AB29)/COUNTIF($X$2:$X$5000,"是")*100,"") -> 59.444444 | AG29: =IF(X29="是",COUNTIFS($X$2:$X$5000,"是",$AC$2:$AC$5000,"<"&AC29)/COUNTIF($X$2:$X$5000,"是")*100,"") -> 28.703704 | AH29: =IF(X29="是",ROUND(AD29*0.3+AE29*0.4+AF29*0.15+AG29*0.15,2),"") -> 56.48 | AI29: =IF(X29="是",COUNTIFS($X$2:$X$5000,"是",$AH$2:$AH$5000,">"&AH29)+1,"") -> 199 | AJ29: =IF(X29<>"是","非参评",IF(AND(AI29<=COUNTIF($X$2:$X$5000,"是")*0.2,AA29>MEDIAN(IF($X$2:$X$5000="是",$AA$2:$AA$5000))),"S",IF(AI29<=COUNTIF($X$2:$X$5000,"是")*0.5,"A",IF(AI29<=COUNTIF($X$2:$X$5000,"是")*0.8,"B","C")))) -> A | AK29: =IF(G29="","无数据",IF(G29<30,"MOB1-",IF(G29<90,"MOB1-3",IF(G29<180,"MOB3-6",IF(G29<365,"MOB6-12","MOB12+"))))) -> MOB6-12
A30: 复贷 | B30: 管户金条-翰锐曲靖职场 | C30: 801576 | D30: 翰锐小白40 | E30: 2026-02-22 09:14:45 | F30: 2026-02-22 09:14:45 | G30: 49 | H30: 49 | I30: 2026-04-01 16:47:46 | J30: 72 | K30: 72 | L30: 38 | M30: 3633 | N30: 3110 | O30: 2 | P30: 0 | R30: 5 | S30: 11 | T30: 75000 | U30: 75000 | V30: =IF(OR(I30="",说明首页!$C$3-INT(I30)>7),"是","否") -> 是 | W30: =IF(OR(O30="",O30<22),"是","否") -> 是 | X30: =IF(AND(V30="否",W30="否"),"是","否") -> 否 | Y30: =IF(OR(I30="",说明首页!$C$3-INT(I30)>=3),"是","否") -> 是 | Z30: =IF(L30>0,N30/L30,0) -> 81.842105 | AA30: =IF(T30="",0,T30/10000) -> 7.5 | AB30: =IF(AND(S30<>"",S30>0),T30/S30,0) -> 6818.1818 | AC30: =IF(O30>0,L30/O30,0) -> 19 | AD30: =IF(X30="是",COUNTIFS($X$2:$X$5000,"是",$Z$2:$Z$5000,"<"&Z30)/COUNTIF($X$2:$X$5000,"是")*100,"") | AE30: =IF(X30="是",COUNTIFS($X$2:$X$5000,"是",$AA$2:$AA$5000,"<"&AA30)/COUNTIF($X$2:$X$5000,"是")*100,"") | AF30: =IF(X30="是",COUNTIFS($X$2:$X$5000,"是",$AB$2:$AB$5000,"<"&AB30)/COUNTIF($X$2:$X$5000,"是")*100,"") | AG30: =IF(X30="是",COUNTIFS($X$2:$X$5000,"是",$AC$2:$AC$5000,"<"&AC30)/COUNTIF($X$2:$X$5000,"是")*100,"") | AH30: =IF(X30="是",ROUND(AD30*0.3+AE30*0.4+AF30*0.15+AG30*0.15,2),"") | AI30: =IF(X30="是",COUNTIFS($X$2:$X$5000,"是",$AH$2:$AH$5000,">"&AH30)+1,"") | AJ30: =IF(X30<>"是","非参评",IF(AND(AI30<=COUNTIF($X$2:$X$5000,"是")*0.2,AA30>MEDIAN(IF($X$2:$X$5000="是",$AA$2:$AA$5000))),"S",IF(AI30<=COUNTIF($X$2:$X$5000,"是")*0.5,"A",IF(AI30<=COUNTIF($X$2:$X$5000,"是")*0.8,"B","C")))) -> 非参评 | AK30: =IF(G30="","无数据",IF(G30<30,"MOB1-",IF(G30<90,"MOB1-3",IF(G30<180,"MOB3-6",IF(G30<365,"MOB6-12","MOB12+"))))) -> MOB1-3
A31: 复贷 | B31: 管户金条-宿迁兆科职场 | C31: 805129 | D31: 侍雨露 | E31: 2026-03-28 14:00:53 | F31: 2026-03-28 14:00:53 | G31: 15 | H31: 15 | I31: 2026-04-11 18:28:27 | J31: 1924 | K31: 2333 | L31: 1011 | M31: 110889 | N31: 91907 | O31: 11 | P31: 0 | R31: 80 | S31: 117 | T31: 2006400 | U31: 2006400 | V31: =IF(OR(I31="",说明首页!$C$3-INT(I31)>7),"是","否") -> 否 | W31: =IF(OR(O31="",O31<22),"是","否") -> 是 | X31: =IF(AND(V31="否",W31="否"),"是","否") -> 否 | Y31: =IF(OR(I31="",说明首页!$C$3-INT(I31)>=3),"是","否") -> 否 | Z31: =IF(L31>0,N31/L31,0) -> 90.907023 | AA31: =IF(T31="",0,T31/10000) -> 200.64 | AB31: =IF(AND(S31<>"",S31>0),T31/S31,0) -> 17148.718 | AC31: =IF(O31>0,L31/O31,0) -> 91.909091 | AD31: =IF(X31="是",COUNTIFS($X$2:$X$5000,"是",$Z$2:$Z$5000,"<"&Z31)/COUNTIF($X$2:$X$5000,"是")*100,"") | AE31: =IF(X31="是",COUNTIFS($X$2:$X$5000,"是",$AA$2:$AA$5000,"<"&AA31)/COUNTIF($X$2:$X$5000,"是")*100,"") | AF31: =IF(X31="是",COUNTIFS($X$2:$X$5000,"是",$AB$2:$AB$5000,"<"&AB31)/COUNTIF($X$2:$X$5000,"是")*100,"") | AG31: =IF(X31="是",COUNTIFS($X$2:$X$5000,"是",$AC$2:$AC$5000,"<"&AC31)/COUNTIF($X$2:$X$5000,"是")*100,"") | AH31: =IF(X31="是",ROUND(AD31*0.3+AE31*0.4+AF31*0.15+AG31*0.15,2),"") | AI31: =IF(X31="是",COUNTIFS($X$2:$X$5000,"是",$AH$2:$AH$5000,">"&AH31)+1,"") | AJ31: =IF(X31<>"是","非参评",IF(AND(AI31<=COUNTIF($X$2:$X$5000,"是")*0.2,AA31>MEDIAN(IF($X$2:$X$5000="是",$AA$2:$AA$5000))),"S",IF(AI31<=COUNTIF($X$2:$X$5000,"是")*0.5,"A",IF(AI31<=COUNTIF($X$2:$X$5000,"是")*0.8,"B","C")))) -> 非参评 | AK31: =IF(G31="","无数据",IF(G31<30,"MOB1-",IF(G31<90,"MOB1-3",IF(G31<180,"MOB3-6",IF(G31<365,"MOB6-12","MOB12+"))))) -> MOB1-
A32: 复贷 | B32: 管户金条-广达陕西职场 | C32: 730966 | D32: 李秀强 | E32: 2023-01-04 09:20:17 | F32: 2023-01-04 09:20:17 | G32: 1194 | H32: 1194 | I32: 2026-04-09 14:07:44 | J32: 253 | K32: 323 | L32: 126 | M32: 10770 | N32: 8021 | O32: 1 | V32: =IF(OR(I32="",说明首页!$C$3-INT(I32)>7),"是","否") -> 否 | W32: =IF(OR(O32="",O32<22),"是","否") -> 是 | X32: =IF(AND(V32="否",W32="否"),"是","否") -> 否 | Y32: =IF(OR(I32="",说明首页!$C$3-INT(I32)>=3),"是","否") -> 是 | Z32: =IF(L32>0,N32/L32,0) -> 63.65873 | AA32: =IF(T32="",0,T32/10000) -> 0 | AB32: =IF(AND(S32<>"",S32>0),T32/S32,0) -> 0 | AC32: =IF(O32>0,L32/O32,0) -> 126 | AD32: =IF(X32="是",COUNTIFS($X$2:$X$5000,"是",$Z$2:$Z$5000,"<"&Z32)/COUNTIF($X$2:$X$5000,"是")*100,"") | AE32: =IF(X32="是",COUNTIFS($X$2:$X$5000,"是",$AA$2:$AA$5000,"<"&AA32)/COUNTIF($X$2:$X$5000,"是")*100,"") | AF32: =IF(X32="是",COUNTIFS($X$2:$X$5000,"是",$AB$2:$AB$5000,"<"&AB32)/COUNTIF($X$2:$X$5000,"是")*100,"") | AG32: =IF(X32="是",COUNTIFS($X$2:$X$5000,"是",$AC$2:$AC$5000,"<"&AC32)/COUNTIF($X$2:$X$5000,"是")*100,"") | AH32: =IF(X32="是",ROUND(AD32*0.3+AE32*0.4+AF32*0.15+AG32*0.15,2),"") | AI32: =IF(X32="是",COUNTIFS($X$2:$X$5000,"是",$AH$2:$AH$5000,">"&AH32)+1,"") | AJ32: =IF(X32<>"是","非参评",IF(AND(AI32<=COUNTIF($X$2:$X$5000,"是")*0.2,AA32>MEDIAN(IF($X$2:$X$5000="是",$AA$2:$AA$5000))),"S",IF(AI32<=COUNTIF($X$2:$X$5000,"是")*0.5,"A",IF(AI32<=COUNTIF($X$2:$X$5000,"是")*0.8,"B","C")))) -> 非参评 | AK32: =IF(G32="","无数据",IF(G32<30,"MOB1-",IF(G32<90,"MOB1-3",IF(G32<180,"MOB3-6",IF(G32<365,"MOB6-12","MOB12+"))))) -> MOB12+
A33: 复贷 | B33: 管户金条-毅航合肥职场 | C33: 751612 | D33: 李小故 | E33: 2023-10-27 13:50:47 | F33: 2023-10-27 13:50:47 | G33: 898 | H33: 898 | I33: 2026-04-12 12:09:09 | J33: 1518 | K33: 1707 | L33: 661 | M33: 108232 | N33: 94267 | O33: 11 | P33: 0 | R33: 57 | S33: 90 | T33: 2421000 | U33: 2421000 | V33: =IF(OR(I33="",说明首页!$C$3-INT(I33)>7),"是","否") -> 否 | W33: =IF(OR(O33="",O33<22),"是","否") -> 是 | X33: =IF(AND(V33="否",W33="否"),"是","否") -> 否 | Y33: =IF(OR(I33="",说明首页!$C$3-INT(I33)>=3),"是","否") -> 否 | Z33: =IF(L33>0,N33/L33,0) -> 142.61271 | AA33: =IF(T33="",0,T33/10000) -> 242.1 | AB33: =IF(AND(S33<>"",S33>0),T33/S33,0) -> 26900 | AC33: =IF(O33>0,L33/O33,0) -> 60.090909 | AD33: =IF(X33="是",COUNTIFS($X$2:$X$5000,"是",$Z$2:$Z$5000,"<"&Z33)/COUNTIF($X$2:$X$5000,"是")*100,"") | AE33: =IF(X33="是",COUNTIFS($X$2:$X$5000,"是",$AA$2:$AA$5000,"<"&AA33)/COUNTIF($X$2:$X$5000,"是")*100,"") | AF33: =IF(X33="是",COUNTIFS($X$2:$X$5000,"是",$AB$2:$AB$5000,"<"&AB33)/COUNTIF($X$2:$X$5000,"是")*100,"") | AG33: =IF(X33="是",COUNTIFS($X$2:$X$5000,"是",$AC$2:$AC$5000,"<"&AC33)/COUNTIF($X$2:$X$5000,"是")*100,"") | AH33: =IF(X33="是",ROUND(AD33*0.3+AE33*0.4+AF33*0.15+AG33*0.15,2),"") | AI33: =IF(X33="是",COUNTIFS($X$2:$X$5000,"是",$AH$2:$AH$5000,">"&AH33)+1,"") | AJ33: =IF(X33<>"是","非参评",IF(AND(AI33<=COUNTIF($X$2:$X$5000,"是")*0.2,AA33>MEDIAN(IF($X$2:$X$5000="是",$AA$2:$AA$5000))),"S",IF(AI33<=COUNTIF($X$2:$X$5000,"是")*0.5,"A",IF(AI33<=COUNTIF($X$2:$X$5000,"是")*0.8,"B","C")))) -> 非参评 | AK33: =IF(G33="","无数据",IF(G33<30,"MOB1-",IF(G33<90,"MOB1-3",IF(G33<180,"MOB3-6",IF(G33<365,"MOB6-12","MOB12+"))))) -> MOB12+
