Workbook

Sheet 清洗后明细
A1: 月份 | B1: 业务线 | C1: 首复贷 | D1: 作业模式 | E1: 供应商 | F1: 下发用户 | G1: 贷款用户 | H1: 贷款金额 | I1: 线路费 | J1: 还款系数 | K1: 税率 | L1: 费效成本 | M1: 到手薪资 | N1: 数据人力 | O1: 佣金部分 | P1: 人工占比% | Q1: 转化率% | R1: 户均贷款 | S1: 单用户费效 | T1: 单用户薪资 | U1: 元/人/月 | V1: 线路费占比% | W1: 有效分佣率 | X1: 真实人工x70%
A2: 2025-12 | B2: 金条 | C2: 首贷 | D2: 人机 | E2: 零犀伽玛 | F2: 2038874 | G2: 6006 | H2: 92456600 | I2: 197432 | J2: 0.07 | K2: 1.068 | L2: 562995 | M2: 342288 | N2: 30 | O2: =IF(L2>0,L2-I2,"") | P2: =IF(AND(M2>0,L2>0),M2/L2*100,"") | Q2: =IF(AND(G2>0,F2>0),G2/F2*100,"") | R2: =IF(AND(H2>0,G2>0),H2/G2,"") | S2: =IF(AND(L2>0,G2>0),L2/G2,"") | T2: =IF(AND(M2>0,G2>0),M2/G2,"") | U2: =IF(AND(M2>0,N2>0),M2/N2,"") | V2: =IF(AND(I2>=0,L2>0),I2/L2*100,"") | W2: =IF(AND(L2>0,H2>0,J2>0),(L2-I2)/(H2*J2),"") | X2: =IF(AND(M2>0,N2>0),M2/N2*0.7,"")
A3: 2025-12 | B3: 金条 | C3: 首贷 | D3: 人机 | E3: 零犀 | F3: 8089614 | G3: 28195 | H3: 500741300 | I3: 857516 | J3: 0.07 | K3: 1.068 | L3: 3102415 | M3: 2101966 | N3: 81 | O3: =IF(L3>0,L3-I3,"") | P3: =IF(AND(M3>0,L3>0),M3/L3*100,"") | Q3: =IF(AND(G3>0,F3>0),G3/F3*100,"") | R3: =IF(AND(H3>0,G3>0),H3/G3,"") | S3: =IF(AND(L3>0,G3>0),L3/G3,"") | T3: =IF(AND(M3>0,G3>0),M3/G3,"") | U3: =IF(AND(M3>0,N3>0),M3/N3,"") | V3: =IF(AND(I3>=0,L3>0),I3/L3*100,"") | W3: =IF(AND(L3>0,H3>0,J3>0),(L3-I3)/(H3*J3),"") | X3: =IF(AND(M3>0,N3>0),M3/N3*0.7,"")
A4: 2025-12 | B4: 金条 | C4: 复贷 | D4: 人机 | E4: 零犀 | F4: 3118729 | G4: 13855 | H4: 584973900 | I4: 242156 | J4: 0.36 | K4: 1.068 | L4: 666176 | M4: 397023 | N4: 13 | O4: =IF(L4>0,L4-I4,"") | P4: =IF(AND(M4>0,L4>0),M4/L4*100,"") | Q4: =IF(AND(G4>0,F4>0),G4/F4*100,"") | R4: =IF(AND(H4>0,G4>0),H4/G4,"") | S4: =IF(AND(L4>0,G4>0),L4/G4,"") | T4: =IF(AND(M4>0,G4>0),M4/G4,"") | U4: =IF(AND(M4>0,N4>0),M4/N4,"") | V4: =IF(AND(I4>=0,L4>0),I4/L4*100,"") | W4: =IF(AND(L4>0,H4>0,J4>0),(L4-I4)/(H4*J4),"") | X4: =IF(AND(M4>0,N4>0),M4/N4*0.7,"")
A5: 2025-12 | B5: 金条 | C5: 首贷 | D5: 人机 | E5: 零犀毛毛虫 | F5: 1572247 | G5: 5317 | H5: 92059900 | I5: 171887 | J5: 0.07 | K5: 1.068 | L5: 554755 | M5: 358491 | N5: 32 | O5: =IF(L5>0,L5-I5,"") | P5: =IF(AND(M5>0,L5>0),M5/L5*100,"") | Q5: =IF(AND(G5>0,F5>0),G5/F5*100,"") | R5: =IF(AND(H5>0,G5>0),H5/G5,"") | S5: =IF(AND(L5>0,G5>0),L5/G5,"") | T5: =IF(AND(M5>0,G5>0),M5/G5,"") | U5: =IF(AND(M5>0,N5>0),M5/N5,"") | V5: =IF(AND(I5>=0,L5>0),I5/L5*100,"") | W5: =IF(AND(L5>0,H5>0,J5>0),(L5-I5)/(H5*J5),"") | X5: =IF(AND(M5>0,N5>0),M5/N5*0.7,"")
A6: 2025-12 | B6: 金条 | C6: 首贷 | D6: 人机 | E6: 零犀赛维斯 | F6: 1343102 | G6: 4569 | H6: 74540300 | I6: 148613 | J6: 0.07 | K6: 1.068 | L6: 455865 | M6: 287689 | N6: 23 | O6: =IF(L6>0,L6-I6,"") | P6: =IF(AND(M6>0,L6>0),M6/L6*100,"") | Q6: =IF(AND(G6>0,F6>0),G6/F6*100,"") | R6: =IF(AND(H6>0,G6>0),H6/G6,"") | S6: =IF(AND(L6>0,G6>0),L6/G6,"") | T6: =IF(AND(M6>0,G6>0),M6/G6,"") | U6: =IF(AND(M6>0,N6>0),M6/N6,"") | V6: =IF(AND(I6>=0,L6>0),I6/L6*100,"") | W6: =IF(AND(L6>0,H6>0,J6>0),(L6-I6)/(H6*J6),"") | X6: =IF(AND(M6>0,N6>0),M6/N6*0.7,"")
A7: 2025-12 | B7: 金条 | C7: 首贷 | D7: 人机 | E7: 零犀毅航 | F7: 2981407 | G7: 10029 | H7: 174547100 | I7: 306773 | J7: 0.07 | K7: 1.068 | L7: 1087956 | M7: 731445 | N7: 49 | O7: =IF(L7>0,L7-I7,"") | P7: =IF(AND(M7>0,L7>0),M7/L7*100,"") | Q7: =IF(AND(G7>0,F7>0),G7/F7*100,"") | R7: =IF(AND(H7>0,G7>0),H7/G7,"") | S7: =IF(AND(L7>0,G7>0),L7/G7,"") | T7: =IF(AND(M7>0,G7>0),M7/G7,"") | U7: =IF(AND(M7>0,N7>0),M7/N7,"") | V7: =IF(AND(I7>=0,L7>0),I7/L7*100,"") | W7: =IF(AND(L7>0,H7>0,J7>0),(L7-I7)/(H7*J7),"") | X7: =IF(AND(M7>0,N7>0),M7/N7*0.7,"")
A8: 2025-12 | B8: 金条 | C8: 复贷 | D8: 人机 | E8: 毛毛虫 | F8: 1041009 | G8: 5086 | H8: 226073700 | I8: 97778 | J8: 0.36 | K8: 1.068 | L8: 257543 | M8: 149593 | O8: =IF(L8>0,L8-I8,"") | P8: =IF(AND(M8>0,L8>0),M8/L8*100,"") | Q8: =IF(AND(G8>0,F8>0),G8/F8*100,"") | R8: =IF(AND(H8>0,G8>0),H8/G8,"") | S8: =IF(AND(L8>0,G8>0),L8/G8,"") | T8: =IF(AND(M8>0,G8>0),M8/G8,"") | U8: =IF(AND(M8>0,N8>0),M8/N8,"") | V8: =IF(AND(I8>=0,L8>0),I8/L8*100,"") | W8: =IF(AND(L8>0,H8>0,J8>0),(L8-I8)/(H8*J8),"") | X8: =IF(AND(M8>0,N8>0),M8/N8*0.7,"")
A9: 2025-12 | B9: 金条 | C9: 首贷 | D9: 人机 | E9: 赛维斯 | F9: 1941415 | G9: 6177 | H9: 95096000 | I9: 221692 | J9: 0.07 | K9: 1.068 | L9: 592297 | M9: 347008 | N9: 26 | O9: =IF(L9>0,L9-I9,"") | P9: =IF(AND(M9>0,L9>0),M9/L9*100,"") | Q9: =IF(AND(G9>0,F9>0),G9/F9*100,"") | R9: =IF(AND(H9>0,G9>0),H9/G9,"") | S9: =IF(AND(L9>0,G9>0),L9/G9,"") | T9: =IF(AND(M9>0,G9>0),M9/G9,"") | U9: =IF(AND(M9>0,N9>0),M9/N9,"") | V9: =IF(AND(I9>=0,L9>0),I9/L9*100,"") | W9: =IF(AND(L9>0,H9>0,J9>0),(L9-I9)/(H9*J9),"") | X9: =IF(AND(M9>0,N9>0),M9/N9*0.7,"")
A10: 2025-12 | B10: 金条 | C10: 复贷 | D10: 人机 | E10: 赛维斯 | F10: 754936 | G10: 3827 | H10: 166906700 | I10: 79638 | J10: 0.36 | K10: 1.068 | L10: 190140 | M10: 103466 | N10: 12 | O10: =IF(L10>0,L10-I10,"") | P10: =IF(AND(M10>0,L10>0),M10/L10*100,"") | Q10: =IF(AND(G10>0,F10>0),G10/F10*100,"") | R10: =IF(AND(H10>0,G10>0),H10/G10,"") | S10: =IF(AND(L10>0,G10>0),L10/G10,"") | T10: =IF(AND(M10>0,G10>0),M10/G10,"") | U10: =IF(AND(M10>0,N10>0),M10/N10,"") | V10: =IF(AND(I10>=0,L10>0),I10/L10*100,"") | W10: =IF(AND(L10>0,H10>0,J10>0),(L10-I10)/(H10*J10),"") | X10: =IF(AND(M10>0,N10>0),M10/N10*0.7,"")
A11: 2025-12 | B11: 金条 | C11: 首贷 | D11: 人工 | E11: 博岳石家庄 | F11: 183762 | G11: 2943 | H11: 100186300 | I11: 28178 | J11: 0.07 | K11: 1.068 | L11: 453933 | M11: 398647 | N11: 42 | O11: =IF(L11>0,L11-I11,"") | P11: =IF(AND(M11>0,L11>0),M11/L11*100,"") | Q11: =IF(AND(G11>0,F11>0),G11/F11*100,"") | R11: =IF(AND(H11>0,G11>0),H11/G11,"") | S11: =IF(AND(L11>0,G11>0),L11/G11,"") | T11: =IF(AND(M11>0,G11>0),M11/G11,"") | U11: =IF(AND(M11>0,N11>0),M11/N11,"") | V11: =IF(AND(I11>=0,L11>0),I11/L11*100,"") | W11: =IF(AND(L11>0,H11>0,J11>0),(L11-I11)/(H11*J11),"") | X11: =IF(AND(M11>0,N11>0),M11/N11*0.7,"")
A12: 2025-12 | B12: 金条 | C12: 复贷 | D12: 人工 | E12: 博岳石家庄 | F12: 96381 | G12: 4660 | H12: 168733200 | I12: 15541 | J12: 0.36 | K12: 1.068 | L12: 164995 | M12: 139938 | N12: 54 | O12: =IF(L12>0,L12-I12,"") | P12: =IF(AND(M12>0,L12>0),M12/L12*100,"") | Q12: =IF(AND(G12>0,F12>0),G12/F12*100,"") | R12: =IF(AND(H12>0,G12>0),H12/G12,"") | S12: =IF(AND(L12>0,G12>0),L12/G12,"") | T12: =IF(AND(M12>0,G12>0),M12/G12,"") | U12: =IF(AND(M12>0,N12>0),M12/N12,"") | V12: =IF(AND(I12>=0,L12>0),I12/L12*100,"") | W12: =IF(AND(L12>0,H12>0,J12>0),(L12-I12)/(H12*J12),"") | X12: =IF(AND(M12>0,N12>0),M12/N12*0.7,"")
A13: 2025-12 | B13: 金条 | C13: 首贷 | D13: 人工 | E13: 伽玛 | F13: 261882 | G13: 3944 | H13: 142868400 | I13: 47100 | J13: 0.07 | K13: 1.068 | L13: 648910 | M13: 563493 | N13: 76 | O13: =IF(L13>0,L13-I13,"") | P13: =IF(AND(M13>0,L13>0),M13/L13*100,"") | Q13: =IF(AND(G13>0,F13>0),G13/F13*100,"") | R13: =IF(AND(H13>0,G13>0),H13/G13,"") | S13: =IF(AND(L13>0,G13>0),L13/G13,"") | T13: =IF(AND(M13>0,G13>0),M13/G13,"") | U13: =IF(AND(M13>0,N13>0),M13/N13,"") | V13: =IF(AND(I13>=0,L13>0),I13/L13*100,"") | W13: =IF(AND(L13>0,H13>0,J13>0),(L13-I13)/(H13*J13),"") | X13: =IF(AND(M13>0,N13>0),M13/N13*0.7,"")
A14: 2025-12 | B14: 金条 | C14: 复贷 | D14: 人工 | E14: 伽玛 | F14: 218023 | G14: 11078 | H14: 402258300 | I14: 44314 | J14: 0.36 | K14: 1.068 | L14: 391833 | M14: 325391 | N14: 88 | O14: =IF(L14>0,L14-I14,"") | P14: =IF(AND(M14>0,L14>0),M14/L14*100,"") | Q14: =IF(AND(G14>0,F14>0),G14/F14*100,"") | R14: =IF(AND(H14>0,G14>0),H14/G14,"") | S14: =IF(AND(L14>0,G14>0),L14/G14,"") | T14: =IF(AND(M14>0,G14>0),M14/G14,"") | U14: =IF(AND(M14>0,N14>0),M14/N14,"") | V14: =IF(AND(I14>=0,L14>0),I14/L14*100,"") | W14: =IF(AND(L14>0,H14>0,J14>0),(L14-I14)/(H14*J14),"") | X14: =IF(AND(M14>0,N14>0),M14/N14*0.7,"")
A15: 2025-12 | B15: 金条 | C15: 首贷 | D15: 人工 | E15: 广达陕西 | F15: 102006 | G15: 1553 | H15: 50760600 | I15: 16148 | J15: 0.07 | K15: 1.068 | L15: 226020 | M15: 196509 | N15: 28 | O15: =IF(L15>0,L15-I15,"") | P15: =IF(AND(M15>0,L15>0),M15/L15*100,"") | Q15: =IF(AND(G15>0,F15>0),G15/F15*100,"") | R15: =IF(AND(H15>0,G15>0),H15/G15,"") | S15: =IF(AND(L15>0,G15>0),L15/G15,"") | T15: =IF(AND(M15>0,G15>0),M15/G15,"") | U15: =IF(AND(M15>0,N15>0),M15/N15,"") | V15: =IF(AND(I15>=0,L15>0),I15/L15*100,"") | W15: =IF(AND(L15>0,H15>0,J15>0),(L15-I15)/(H15*J15),"") | X15: =IF(AND(M15>0,N15>0),M15/N15*0.7,"")
A16: 2025-12 | B16: 金条 | C16: 复贷 | D16: 人工 | E16: 广达陕西 | F16: 65815 | G16: 3338 | H16: 103037500 | I16: 12893 | J16: 0.36 | K16: 1.068 | L16: 100148 | M16: 81699 | N16: 34 | O16: =IF(L16>0,L16-I16,"") | P16: =IF(AND(M16>0,L16>0),M16/L16*100,"") | Q16: =IF(AND(G16>0,F16>0),G16/F16*100,"") | R16: =IF(AND(H16>0,G16>0),H16/G16,"") | S16: =IF(AND(L16>0,G16>0),L16/G16,"") | T16: =IF(AND(M16>0,G16>0),M16/G16,"") | U16: =IF(AND(M16>0,N16>0),M16/N16,"") | V16: =IF(AND(I16>=0,L16>0),I16/L16*100,"") | W16: =IF(AND(L16>0,H16>0,J16>0),(L16-I16)/(H16*J16),"") | X16: =IF(AND(M16>0,N16>0),M16/N16*0.7,"")
A17: 2025-12 | B17: 金条 | C17: 首贷 | D17: 人工 | E17: 翰锐曲靖 | F17: 86514 | G17: 1249 | H17: 48331400 | I17: 13458 | J17: 0.07 | K17: 1.068 | L17: 226712 | M17: 199676 | N17: 21 | O17: =IF(L17>0,L17-I17,"") | P17: =IF(AND(M17>0,L17>0),M17/L17*100,"") | Q17: =IF(AND(G17>0,F17>0),G17/F17*100,"") | R17: =IF(AND(H17>0,G17>0),H17/G17,"") | S17: =IF(AND(L17>0,G17>0),L17/G17,"") | T17: =IF(AND(M17>0,G17>0),M17/G17,"") | U17: =IF(AND(M17>0,N17>0),M17/N17,"") | V17: =IF(AND(I17>=0,L17>0),I17/L17*100,"") | W17: =IF(AND(L17>0,H17>0,J17>0),(L17-I17)/(H17*J17),"") | X17: =IF(AND(M17>0,N17>0),M17/N17*0.7,"")
A18: 2025-12 | B18: 金条 | C18: 复贷 | D18: 人工 | E18: 翰锐曲靖 | F18: 283201 | G18: 13663 | H18: 384957000 | I18: 44832 | J18: 0.36 | K18: 1.068 | L18: 364143 | M18: 298981 | N18: 66 | O18: =IF(L18>0,L18-I18,"") | P18: =IF(AND(M18>0,L18>0),M18/L18*100,"") | Q18: =IF(AND(G18>0,F18>0),G18/F18*100,"") | R18: =IF(AND(H18>0,G18>0),H18/G18,"") | S18: =IF(AND(L18>0,G18>0),L18/G18,"") | T18: =IF(AND(M18>0,G18>0),M18/G18,"") | U18: =IF(AND(M18>0,N18>0),M18/N18,"") | V18: =IF(AND(I18>=0,L18>0),I18/L18*100,"") | W18: =IF(AND(L18>0,H18>0,J18>0),(L18-I18)/(H18*J18),"") | X18: =IF(AND(M18>0,N18>0),M18/N18*0.7,"")
A19: 2025-12 | B19: 金条 | C19: 复贷 | D19: 人工 | E19: 华啸 | F19: 130372 | G19: 6160 | H19: 218499100 | I19: 19837 | J19: 0.36 | K19: 1.068 | L19: 213901 | M19: 181708 | N19: 50 | O19: =IF(L19>0,L19-I19,"") | P19: =IF(AND(M19>0,L19>0),M19/L19*100,"") | Q19: =IF(AND(G19>0,F19>0),G19/F19*100,"") | R19: =IF(AND(H19>0,G19>0),H19/G19,"") | S19: =IF(AND(L19>0,G19>0),L19/G19,"") | T19: =IF(AND(M19>0,G19>0),M19/G19,"") | U19: =IF(AND(M19>0,N19>0),M19/N19,"") | V19: =IF(AND(I19>=0,L19>0),I19/L19*100,"") | W19: =IF(AND(L19>0,H19>0,J19>0),(L19-I19)/(H19*J19),"") | X19: =IF(AND(M19>0,N19>0),M19/N19*0.7,"")
A20: 2025-12 | B20: 金条 | C20: 首贷 | D20: 人工 | E20: 汇讯 | F20: 258886 | G20: 4111 | H20: 141470800 | I20: 44125 | J20: 0.07 | K20: 1.068 | L20: 641638 | M20: 559469 | N20: 74 | O20: =IF(L20>0,L20-I20,"") | P20: =IF(AND(M20>0,L20>0),M20/L20*100,"") | Q20: =IF(AND(G20>0,F20>0),G20/F20*100,"") | R20: =IF(AND(H20>0,G20>0),H20/G20,"") | S20: =IF(AND(L20>0,G20>0),L20/G20,"") | T20: =IF(AND(M20>0,G20>0),M20/G20,"") | U20: =IF(AND(M20>0,N20>0),M20/N20,"") | V20: =IF(AND(I20>=0,L20>0),I20/L20*100,"") | W20: =IF(AND(L20>0,H20>0,J20>0),(L20-I20)/(H20*J20),"") | X20: =IF(AND(M20>0,N20>0),M20/N20*0.7,"")
... A28: 2025-12 | B28: 金条 | C28: 复贷 | D28: 人工 | E28: 赛维斯 | F28: 135848 | G28: 7142 | H28: 240903300 | I28: 25715 | J28: 0.36 | K28: 1.068 | L28: 240107 | M28: 200742 | N28: 64 | O28: =IF(L28>0,L28-I28,"") | P28: =IF(AND(M28>0,L28>0),M28/L28*100,"") | Q28: =IF(AND(G28>0,F28>0),G28/F28*100,"") | R28: =IF(AND(H28>0,G28>0),H28/G28,"") | S28: =IF(AND(L28>0,G28>0),L28/G28,"") | T28: =IF(AND(M28>0,G28>0),M28/G28,"") | U28: =IF(AND(M28>0,N28>0),M28/N28,"") | V28: =IF(AND(I28>=0,L28>0),I28/L28*100,"") | W28: =IF(AND(L28>0,H28>0,J28>0),(L28-I28)/(H28*J28),"") | X28: =IF(AND(M28>0,N28>0),M28/N28*0.7,"")
A29: 2025-12 | B29: 金条 | C29: 复贷 | D29: 人工 | E29: 兴格毅 | F29: 90649 | G29: 4725 | H29: 167128500 | I29: 13080 | J29: 0.36 | K29: 1.068 | L29: 164057 | M29: 141364 | O29: =IF(L29>0,L29-I29,"") | P29: =IF(AND(M29>0,L29>0),M29/L29*100,"") | Q29: =IF(AND(G29>0,F29>0),G29/F29*100,"") | R29: =IF(AND(H29>0,G29>0),H29/G29,"") | S29: =IF(AND(L29>0,G29>0),L29/G29,"") | T29: =IF(AND(M29>0,G29>0),M29/G29,"") | U29: =IF(AND(M29>0,N29>0),M29/N29,"") | V29: =IF(AND(I29>=0,L29>0),I29/L29*100,"") | W29: =IF(AND(L29>0,H29>0,J29>0),(L29-I29)/(H29*J29),"") | X29: =IF(AND(M29>0,N29>0),M29/N29*0.7,"")
A30: 2025-12 | B30: 金条 | C30: 首贷 | D30: 人工 | E30: 宿迁兆科 | F30: 39853 | G30: 617 | H30: 11267300 | I30: 5090 | J30: 0.07 | K30: 1.068 | L30: 49248 | M30: 41346 | O30: =IF(L30>0,L30-I30,"") | P30: =IF(AND(M30>0,L30>0),M30/L30*100,"") | Q30: =IF(AND(G30>0,F30>0),G30/F30*100,"") | R30: =IF(AND(H30>0,G30>0),H30/G30,"") | S30: =IF(AND(L30>0,G30>0),L30/G30,"") | T30: =IF(AND(M30>0,G30>0),M30/G30,"") | U30: =IF(AND(M30>0,N30>0),M30/N30,"") | V30: =IF(AND(I30>=0,L30>0),I30/L30*100,"") | W30: =IF(AND(L30>0,H30>0,J30>0),(L30-I30)/(H30*J30),"") | X30: =IF(AND(M30>0,N30>0),M30/N30*0.7,"")
A31: 2025-12 | B31: 金条 | C31: 复贷 | D31: 人工 | E31: 宿迁兆科 | F31: 58432 | G31: 4133 | H31: 145065000 | I31: 8442 | J31: 0.36 | K31: 1.068 | L31: 147618 | M31: 130315 | O31: =IF(L31>0,L31-I31,"") | P31: =IF(AND(M31>0,L31>0),M31/L31*100,"") | Q31: =IF(AND(G31>0,F31>0),G31/F31*100,"") | R31: =IF(AND(H31>0,G31>0),H31/G31,"") | S31: =IF(AND(L31>0,G31>0),L31/G31,"") | T31: =IF(AND(M31>0,G31>0),M31/G31,"") | U31: =IF(AND(M31>0,N31>0),M31/N31,"") | V31: =IF(AND(I31>=0,L31>0),I31/L31*100,"") | W31: =IF(AND(L31>0,H31>0,J31>0),(L31-I31)/(H31*J31),"") | X31: =IF(AND(M31>0,N31>0),M31/N31*0.7,"")
A32: 2025-12 | B32: 金条 | C32: 首贷 | D32: 人工 | E32: 毅航合肥 | F32: 786515 | G32: 12669 | H32: 489557600 | I32: 129470 | J32: 0.07 | K32: 1.068 | L32: 2174183 | M32: 1914526 | N32: 220 | O32: =IF(L32>0,L32-I32,"") | P32: =IF(AND(M32>0,L32>0),M32/L32*100,"") | Q32: =IF(AND(G32>0,F32>0),G32/F32*100,"") | R32: =IF(AND(H32>0,G32>0),H32/G32,"") | S32: =IF(AND(L32>0,G32>0),L32/G32,"") | T32: =IF(AND(M32>0,G32>0),M32/G32,"") | U32: =IF(AND(M32>0,N32>0),M32/N32,"") | V32: =IF(AND(I32>=0,L32>0),I32/L32*100,"") | W32: =IF(AND(L32>0,H32>0,J32>0),(L32-I32)/(H32*J32),"") | X32: =IF(AND(M32>0,N32>0),M32/N32*0.7,"")
A33: 2025-12 | B33: 金条 | C33: 复贷 | D33: 人工 | E33: 毅航合肥 | F33: 444317 | G33: 21452 | H33: 822502600 | I33: 69899 | J33: 0.36 | K33: 1.068 | L33: 797874 | M33: 681624 | N33: 140 | O33: =IF(L33>0,L33-I33,"") | P33: =IF(AND(M33>0,L33>0),M33/L33*100,"") | Q33: =IF(AND(G33>0,F33>0),G33/F33*100,"") | R33: =IF(AND(H33>0,G33>0),H33/G33,"") | S33: =IF(AND(L33>0,G33>0),L33/G33,"") | T33: =IF(AND(M33>0,G33>0),M33/G33,"") | U33: =IF(AND(M33>0,N33>0),M33/N33,"") | V33: =IF(AND(I33>=0,L33>0),I33/L33*100,"") | W33: =IF(AND(L33>0,H33>0,J33>0),(L33-I33)/(H33*J33),"") | X33: =IF(AND(M33>0,N33>0),M33/N33*0.7,"")
A34: 2025-12 | B34: 金条 | C34: 首贷 | D34: 纯机 | E34: 电话邦 | F34: 1059862 | G34: 660 | H34: 8137100 | I34: 87373 | J34: 0.07 | K34: 1.068 | L34: 92070 | M34: 4398 | O34: =IF(L34>0,L34-I34,"") | P34: =IF(AND(M34>0,L34>0),M34/L34*100,"") | Q34: =IF(AND(G34>0,F34>0),G34/F34*100,"") | R34: =IF(AND(H34>0,G34>0),H34/G34,"") | S34: =IF(AND(L34>0,G34>0),L34/G34,"") | T34: =IF(AND(M34>0,G34>0),M34/G34,"") | U34: =IF(AND(M34>0,N34>0),M34/N34,"") | V34: =IF(AND(I34>=0,L34>0),I34/L34*100,"") | W34: =IF(AND(L34>0,H34>0,J34>0),(L34-I34)/(H34*J34),"") | X34: =IF(AND(M34>0,N34>0),M34/N34*0.7,"")
A35: 2025-12 | B35: 金条 | C35: 首贷 | D35: 纯机 | E35: 九四 | F35: 965603 | G35: 700 | H35: 9968800 | I35: 83899 | J35: 0.07 | K35: 1.068 | L35: 97650 | M35: 12876 | O35: =IF(L35>0,L35-I35,"") | P35: =IF(AND(M35>0,L35>0),M35/L35*100,"") | Q35: =IF(AND(G35>0,F35>0),G35/F35*100,"") | R35: =IF(AND(H35>0,G35>0),H35/G35,"") | S35: =IF(AND(L35>0,G35>0),L35/G35,"") | T35: =IF(AND(M35>0,G35>0),M35/G35,"") | U35: =IF(AND(M35>0,N35>0),M35/N35,"") | V35: =IF(AND(I35>=0,L35>0),I35/L35*100,"") | W35: =IF(AND(L35>0,H35>0,J35>0),(L35-I35)/(H35*J35),"") | X35: =IF(AND(M35>0,N35>0),M35/N35*0.7,"")
A36: 2025-12 | B36: 金条 | C36: 首贷 | D36: 纯机 | E36: 零犀 | F36: 16613015 | G36: 17336 | H36: 412741500 | I36: 1383837 | J36: 0.07 | K36: 1.068 | L36: 2418372 | M36: 968666 | O36: =IF(L36>0,L36-I36,"") | P36: =IF(AND(M36>0,L36>0),M36/L36*100,"") | Q36: =IF(AND(G36>0,F36>0),G36/F36*100,"") | R36: =IF(AND(H36>0,G36>0),H36/G36,"") | S36: =IF(AND(L36>0,G36>0),L36/G36,"") | T36: =IF(AND(M36>0,G36>0),M36/G36,"") | U36: =IF(AND(M36>0,N36>0),M36/N36,"") | V36: =IF(AND(I36>=0,L36>0),I36/L36*100,"") | W36: =IF(AND(L36>0,H36>0,J36>0),(L36-I36)/(H36*J36),"") | X36: =IF(AND(M36>0,N36>0),M36/N36*0.7,"")
A37: 2025-12 | B37: 金条 | C37: 复贷 | D37: 纯机 | E37: 零犀 | F37: 308351 | G37: 21166 | H37: 501287700 | I37: 33257 | J37: 0.36 | K37: 1.068 | L37: 76998 | M37: 40956 | O37: =IF(L37>0,L37-I37,"") | P37: =IF(AND(M37>0,L37>0),M37/L37*100,"") | Q37: =IF(AND(G37>0,F37>0),G37/F37*100,"") | R37: =IF(AND(H37>0,G37>0),H37/G37,"") | S37: =IF(AND(L37>0,G37>0),L37/G37,"") | T37: =IF(AND(M37>0,G37>0),M37/G37,"") | U37: =IF(AND(M37>0,N37>0),M37/N37,"") | V37: =IF(AND(I37>=0,L37>0),I37/L37*100,"") | W37: =IF(AND(L37>0,H37>0,J37>0),(L37-I37)/(H37*J37),"") | X37: =IF(AND(M37>0,N37>0),M37/N37*0.7,"")
A38: 2025-12 | B38: 金条 | C38: 首贷 | D38: 纯机 | E38: 言犀赛夫 | F38: 6058258 | G38: 4186 | H38: 75743800 | I38: 519620 | J38: 0.07 | K38: 1.068 | L38: 583947 | M38: 60232 | O38: =IF(L38>0,L38-I38,"") | P38: =IF(AND(M38>0,L38>0),M38/L38*100,"") | Q38: =IF(AND(G38>0,F38>0),G38/F38*100,"") | R38: =IF(AND(H38>0,G38>0),H38/G38,"") | S38: =IF(AND(L38>0,G38>0),L38/G38,"") | T38: =IF(AND(M38>0,G38>0),M38/G38,"") | U38: =IF(AND(M38>0,N38>0),M38/N38,"") | V38: =IF(AND(I38>=0,L38>0),I38/L38*100,"") | W38: =IF(AND(L38>0,H38>0,J38>0),(L38-I38)/(H38*J38),"") | X38: =IF(AND(M38>0,N38>0),M38/N38*0.7,"")
A39: 2025-12 | B39: 金条 | C39: 复贷 | D39: 纯机 | E39: 言犀赛夫 | F39: 220889 | G39: 14071 | H39: 331601200 | I39: 24351 | J39: 0.36 | K39: 1.068 | L39: 50934 | M39: 24890 | O39: =IF(L39>0,L39-I39,"") | P39: =IF(AND(M39>0,L39>0),M39/L39*100,"") | Q39: =IF(AND(G39>0,F39>0),G39/F39*100,"") | R39: =IF(AND(H39>0,G39>0),H39/G39,"") | S39: =IF(AND(L39>0,G39>0),L39/G39,"") | T39: =IF(AND(M39>0,G39>0),M39/G39,"") | U39: =IF(AND(M39>0,N39>0),M39/N39,"") | V39: =IF(AND(I39>=0,L39>0),I39/L39*100,"") | W39: =IF(AND(L39>0,H39>0,J39>0),(L39-I39)/(H39*J39),"") | X39: =IF(AND(M39>0,N39>0),M39/N39*0.7,"")
A40: 2026-01 | B40: 金条 | C40: 首贷 | D40: 人机 | E40: 零犀伽玛 | F40: 2513420 | G40: 7945 | H40: 144302700 | I40: 271934 | J40: 0.07 | K40: 1.068 | L40: 781279 | M40: 476915 | N40: 30 | O40: =IF(L40>0,L40-I40,"") | P40: =IF(AND(M40>0,L40>0),M40/L40*100,"") | Q40: =IF(AND(G40>0,F40>0),G40/F40*100,"") | R40: =IF(AND(H40>0,G40>0),H40/G40,"") | S40: =IF(AND(L40>0,G40>0),L40/G40,"") | T40: =IF(AND(M40>0,G40>0),M40/G40,"") | U40: =IF(AND(M40>0,N40>0),M40/N40,"") | V40: =IF(AND(I40>=0,L40>0),I40/L40*100,"") | W40: =IF(AND(L40>0,H40>0,J40>0),(L40-I40)/(H40*J40),"") | X40: =IF(AND(M40>0,N40>0),M40/N40*0.7,"")
A41: 2026-01 | B41: 金条 | C41: 首贷 | D41: 人机 | E41: 零犀 | F41: 10262894 | G41: 34844 | H41: 768615100 | I41: 1072642 | J41: 0.07 | K41: 1.068 | L41: 4169398 | M41: 2899584 | N41: 81 | O41: =IF(L41>0,L41-I41,"") | P41: =IF(AND(M41>0,L41>0),M41/L41*100,"") | Q41: =IF(AND(G41>0,F41>0),G41/F41*100,"") | R41: =IF(AND(H41>0,G41>0),H41/G41,"") | S41: =IF(AND(L41>0,G41>0),L41/G41,"") | T41: =IF(AND(M41>0,G41>0),M41/G41,"") | U41: =IF(AND(M41>0,N41>0),M41/N41,"") | V41: =IF(AND(I41>=0,L41>0),I41/L41*100,"") | W41: =IF(AND(L41>0,H41>0,J41>0),(L41-I41)/(H41*J41),"") | X41: =IF(AND(M41>0,N41>0),M41/N41*0.7,"")
A42: 2026-01 | B42: 金条 | C42: 复贷 | D42: 人机 | E42: 零犀 | F42: 1917233 | G42: 13579 | H42: 669310200 | I42: 186327 | J42: 0.36 | K42: 1.068 | L42: 771045 | M42: 547490 | N42: 13 | O42: =IF(L42>0,L42-I42,"") | P42: =IF(AND(M42>0,L42>0),M42/L42*100,"") | Q42: =IF(AND(G42>0,F42>0),G42/F42*100,"") | R42: =IF(AND(H42>0,G42>0),H42/G42,"") | S42: =IF(AND(L42>0,G42>0),L42/G42,"") | T42: =IF(AND(M42>0,G42>0),M42/G42,"") | U42: =IF(AND(M42>0,N42>0),M42/N42,"") | V42: =IF(AND(I42>=0,L42>0),I42/L42*100,"") | W42: =IF(AND(L42>0,H42>0,J42>0),(L42-I42)/(H42*J42),"") | X42: =IF(AND(M42>0,N42>0),M42/N42*0.7,"")
A43: 2026-01 | B43: 金条 | C43: 首贷 | D43: 人机 | E43: 零犀毛毛虫 | F43: 1948705 | G43: 6662 | H43: 131905400 | I43: 211660 | J43: 0.07 | K43: 1.068 | L43: 703632 | M43: 460647 | N43: 32 | O43: =IF(L43>0,L43-I43,"") | P43: =IF(AND(M43>0,L43>0),M43/L43*100,"") | Q43: =IF(AND(G43>0,F43>0),G43/F43*100,"") | R43: =IF(AND(H43>0,G43>0),H43/G43,"") | S43: =IF(AND(L43>0,G43>0),L43/G43,"") | T43: =IF(AND(M43>0,G43>0),M43/G43,"") | U43: =IF(AND(M43>0,N43>0),M43/N43,"") | V43: =IF(AND(I43>=0,L43>0),I43/L43*100,"") | W43: =IF(AND(L43>0,H43>0,J43>0),(L43-I43)/(H43*J43),"") | X43: =IF(AND(M43>0,N43>0),M43/N43*0.7,"")
A44: 2026-01 | B44: 金条 | C44: 首贷 | D44: 人机 | E44: 零犀赛维斯 | F44: 2011172 | G44: 6569 | H44: 120954300 | I44: 233130 | J44: 0.07 | K44: 1.068 | L44: 646912 | M44: 387437 | N44: 23 | O44: =IF(L44>0,L44-I44,"") | P44: =IF(AND(M44>0,L44>0),M44/L44*100,"") | Q44: =IF(AND(G44>0,F44>0),G44/F44*100,"") | R44: =IF(AND(H44>0,G44>0),H44/G44,"") | S44: =IF(AND(L44>0,G44>0),L44/G44,"") | T44: =IF(AND(M44>0,G44>0),M44/G44,"") | U44: =IF(AND(M44>0,N44>0),M44/N44,"") | V44: =IF(AND(I44>=0,L44>0),I44/L44*100,"") | W44: =IF(AND(L44>0,H44>0,J44>0),(L44-I44)/(H44*J44),"") | X44: =IF(AND(M44>0,N44>0),M44/N44*0.7,"")
A45: 2026-01 | B45: 金条 | C45: 首贷 | D45: 人机 | E45: 零犀毅航 | F45: 3781808 | G45: 12862 | H45: 262594900 | I45: 401334 | J45: 0.07 | K45: 1.068 | L45: 1422467 | M45: 956117 | N45: 49 | O45: =IF(L45>0,L45-I45,"") | P45: =IF(AND(M45>0,L45>0),M45/L45*100,"") | Q45: =IF(AND(G45>0,F45>0),G45/F45*100,"") | R45: =IF(AND(H45>0,G45>0),H45/G45,"") | S45: =IF(AND(L45>0,G45>0),L45/G45,"") | T45: =IF(AND(M45>0,G45>0),M45/G45,"") | U45: =IF(AND(M45>0,N45>0),M45/N45,"") | V45: =IF(AND(I45>=0,L45>0),I45/L45*100,"") | W45: =IF(AND(L45>0,H45>0,J45>0),(L45-I45)/(H45*J45),"") | X45: =IF(AND(M45>0,N45>0),M45/N45*0.7,"")
A46: 2026-01 | B46: 金条 | C46: 复贷 | D46: 人机 | E46: 毛毛虫 | F46: 133138 | G46: 2032 | H46: 81377200 | I46: 15711 | J46: 0.36 | K46: 1.068 | L46: 93747 | M46: 73067 | O46: =IF(L46>0,L46-I46,"") | P46: =IF(AND(M46>0,L46>0),M46/L46*100,"") | Q46: =IF(AND(G46>0,F46>0),G46/F46*100,"") | R46: =IF(AND(H46>0,G46>0),H46/G46,"") | S46: =IF(AND(L46>0,G46>0),L46/G46,"") | T46: =IF(AND(M46>0,G46>0),M46/G46,"") | U46: =IF(AND(M46>0,N46>0),M46/N46,"") | V46: =IF(AND(I46>=0,L46>0),I46/L46*100,"") | W46: =IF(AND(L46>0,H46>0,J46>0),(L46-I46)/(H46*J46),"") | X46: =IF(AND(M46>0,N46>0),M46/N46*0.7,"")
A47: 2026-01 | B47: 金条 | C47: 首贷 | D47: 人机 | E47: 赛维斯 | F47: 2278892 | G47: 6405 | H47: 107764500 | I47: 261155 | J47: 0.07 | K47: 1.068 | L47: 581592 | M47: 300035 | N47: 26 | O47: =IF(L47>0,L47-I47,"") | P47: =IF(AND(M47>0,L47>0),M47/L47*100,"") | Q47: =IF(AND(G47>0,F47>0),G47/F47*100,"") | R47: =IF(AND(H47>0,G47>0),H47/G47,"") | S47: =IF(AND(L47>0,G47>0),L47/G47,"") | T47: =IF(AND(M47>0,G47>0),M47/G47,"") | U47: =IF(AND(M47>0,N47>0),M47/N47,"") | V47: =IF(AND(I47>=0,L47>0),I47/L47*100,"") | W47: =IF(AND(L47>0,H47>0,J47>0),(L47-I47)/(H47*J47),"") | X47: =IF(AND(M47>0,N47>0),M47/N47*0.7,"")
A48: 2026-01 | B48: 金条 | C48: 复贷 | D48: 人机 | E48: 赛维斯 | F48: 1226730 | G48: 6912 | H48: 325158800 | I48: 149137 | J48: 0.36 | K48: 1.068 | L48: 374583 | M48: 211092 | N48: 12 | O48: =IF(L48>0,L48-I48,"") | P48: =IF(AND(M48>0,L48>0),M48/L48*100,"") | Q48: =IF(AND(G48>0,F48>0),G48/F48*100,"") | R48: =IF(AND(H48>0,G48>0),H48/G48,"") | S48: =IF(AND(L48>0,G48>0),L48/G48,"") | T48: =IF(AND(M48>0,G48>0),M48/G48,"") | U48: =IF(AND(M48>0,N48>0),M48/N48,"") | V48: =IF(AND(I48>=0,L48>0),I48/L48*100,"") | W48: =IF(AND(L48>0,H48>0,J48>0),(L48-I48)/(H48*J48),"") | X48: =IF(AND(M48>0,N48>0),M48/N48*0.7,"")
A49: 2026-01 | B49: 金条 | C49: 首贷 | D49: 人工 | E49: 博岳石家庄 | F49: 190826 | G49: 2644 | H49: 91967400 | I49: 31035 | J49: 0.07 | K49: 1.068 | L49: 435205 | M49: 378437 | N49: 42 | O49: =IF(L49>0,L49-I49,"") | P49: =IF(AND(M49>0,L49>0),M49/L49*100,"") | Q49: =IF(AND(G49>0,F49>0),G49/F49*100,"") | R49: =IF(AND(H49>0,G49>0),H49/G49,"") | S49: =IF(AND(L49>0,G49>0),L49/G49,"") | T49: =IF(AND(M49>0,G49>0),M49/G49,"") | U49: =IF(AND(M49>0,N49>0),M49/N49,"") | V49: =IF(AND(I49>=0,L49>0),I49/L49*100,"") | W49: =IF(AND(L49>0,H49>0,J49>0),(L49-I49)/(H49*J49),"") | X49: =IF(AND(M49>0,N49>0),M49/N49*0.7,"")
A50: 2026-01 | B50: 金条 | C50: 复贷 | D50: 人工 | E50: 博岳石家庄 | F50: 207434 | G50: 9102 | H50: 313022300 | I50: 28856 | J50: 0.36 | K50: 1.068 | L50: 365311 | M50: 315033 | N50: 54 | O50: =IF(L50>0,L50-I50,"") | P50: =IF(AND(M50>0,L50>0),M50/L50*100,"") | Q50: =IF(AND(G50>0,F50>0),G50/F50*100,"") | R50: =IF(AND(H50>0,G50>0),H50/G50,"") | S50: =IF(AND(L50>0,G50>0),L50/G50,"") | T50: =IF(AND(M50>0,G50>0),M50/G50,"") | U50: =IF(AND(M50>0,N50>0),M50/N50,"") | V50: =IF(AND(I50>=0,L50>0),I50/L50*100,"") | W50: =IF(AND(L50>0,H50>0,J50>0),(L50-I50)/(H50*J50),"") | X50: =IF(AND(M50>0,N50>0),M50/N50*0.7,"")
A51: 2026-01 | B51: 金条 | C51: 首贷 | D51: 人工 | E51: 伽玛 | F51: 314648 | G51: 4019 | H51: 151152200 | I51: 57039 | J51: 0.07 | K51: 1.068 | L51: 721083 | M51: 621764 | N51: 76 | O51: =IF(L51>0,L51-I51,"") | P51: =IF(AND(M51>0,L51>0),M51/L51*100,"") | Q51: =IF(AND(G51>0,F51>0),G51/F51*100,"") | R51: =IF(AND(H51>0,G51>0),H51/G51,"") | S51: =IF(AND(L51>0,G51>0),L51/G51,"") | T51: =IF(AND(M51>0,G51>0),M51/G51,"") | U51: =IF(AND(M51>0,N51>0),M51/N51,"") | V51: =IF(AND(I51>=0,L51>0),I51/L51*100,"") | W51: =IF(AND(L51>0,H51>0,J51>0),(L51-I51)/(H51*J51),"") | X51: =IF(AND(M51>0,N51>0),M51/N51*0.7,"")
A52: 2026-01 | B52: 金条 | C52: 复贷 | D52: 人工 | E52: 伽玛 | F52: 363077 | G52: 18592 | H52: 667288400 | I52: 66093 | J52: 0.36 | K52: 1.068 | L52: 782084 | M52: 670404 | N52: 88 | O52: =IF(L52>0,L52-I52,"") | P52: =IF(AND(M52>0,L52>0),M52/L52*100,"") | Q52: =IF(AND(G52>0,F52>0),G52/F52*100,"") | R52: =IF(AND(H52>0,G52>0),H52/G52,"") | S52: =IF(AND(L52>0,G52>0),L52/G52,"") | T52: =IF(AND(M52>0,G52>0),M52/G52,"") | U52: =IF(AND(M52>0,N52>0),M52/N52,"") | V52: =IF(AND(I52>=0,L52>0),I52/L52*100,"") | W52: =IF(AND(L52>0,H52>0,J52>0),(L52-I52)/(H52*J52),"") | X52: =IF(AND(M52>0,N52>0),M52/N52*0.7,"")
A53: 2026-01 | B53: 金条 | C53: 首贷 | D53: 人工 | E53: 广达陕西 | F53: 113936 | G53: 1509 | H53: 51517100 | I53: 19622 | J53: 0.07 | K53: 1.068 | L53: 240877 | M53: 207167 | N53: 28 | O53: =IF(L53>0,L53-I53,"") | P53: =IF(AND(M53>0,L53>0),M53/L53*100,"") | Q53: =IF(AND(G53>0,F53>0),G53/F53*100,"") | R53: =IF(AND(H53>0,G53>0),H53/G53,"") | S53: =IF(AND(L53>0,G53>0),L53/G53,"") | T53: =IF(AND(M53>0,G53>0),M53/G53,"") | U53: =IF(AND(M53>0,N53>0),M53/N53,"") | V53: =IF(AND(I53>=0,L53>0),I53/L53*100,"") | W53: =IF(AND(L53>0,H53>0,J53>0),(L53-I53)/(H53*J53),"") | X53: =IF(AND(M53>0,N53>0),M53/N53*0.7,"")
A54: 2026-01 | B54: 金条 | C54: 复贷 | D54: 人工 | E54: 广达陕西 | F54: 124093 | G54: 5579 | H54: 175772500 | I54: 20883 | J54: 0.36 | K54: 1.068 | L54: 205139 | M54: 172525 | N54: 34 | O54: =IF(L54>0,L54-I54,"") | P54: =IF(AND(M54>0,L54>0),M54/L54*100,"") | Q54: =IF(AND(G54>0,F54>0),G54/F54*100,"") | R54: =IF(AND(H54>0,G54>0),H54/G54,"") | S54: =IF(AND(L54>0,G54>0),L54/G54,"") | T54: =IF(AND(M54>0,G54>0),M54/G54,"") | U54: =IF(AND(M54>0,N54>0),M54/N54,"") | V54: =IF(AND(I54>=0,L54>0),I54/L54*100,"") | W54: =IF(AND(L54>0,H54>0,J54>0),(L54-I54)/(H54*J54),"") | X54: =IF(AND(M54>0,N54>0),M54/N54*0.7,"")
A55: 2026-01 | B55: 金条 | C55: 首贷 | D55: 人工 | E55: 翰锐曲靖 | F55: 87126 | G55: 1115 | H55: 40989000 | I55: 14063 | J55: 0.07 | K55: 1.068 | L55: 198414 | M55: 172613 | N55: 21 | O55: =IF(L55>0,L55-I55,"") | P55: =IF(AND(M55>0,L55>0),M55/L55*100,"") | Q55: =IF(AND(G55>0,F55>0),G55/F55*100,"") | R55: =IF(AND(H55>0,G55>0),H55/G55,"") | S55: =IF(AND(L55>0,G55>0),L55/G55,"") | T55: =IF(AND(M55>0,G55>0),M55/G55,"") | U55: =IF(AND(M55>0,N55>0),M55/N55,"") | V55: =IF(AND(I55>=0,L55>0),I55/L55*100,"") | W55: =IF(AND(L55>0,H55>0,J55>0),(L55-I55)/(H55*J55),"") | X55: =IF(AND(M55>0,N55>0),M55/N55*0.7,"")
A56: 2026-01 | B56: 金条 | C56: 复贷 | D56: 人工 | E56: 翰锐曲靖 | F56: 287899 | G56: 16427 | H56: 558833600 | I56: 47589 | J56: 0.36 | K56: 1.068 | L56: 650004 | M56: 564059 | N56: 66 | O56: =IF(L56>0,L56-I56,"") | P56: =IF(AND(M56>0,L56>0),M56/L56*100,"") | Q56: =IF(AND(G56>0,F56>0),G56/F56*100,"") | R56: =IF(AND(H56>0,G56>0),H56/G56,"") | S56: =IF(AND(L56>0,G56>0),L56/G56,"") | T56: =IF(AND(M56>0,G56>0),M56/G56,"") | U56: =IF(AND(M56>0,N56>0),M56/N56,"") | V56: =IF(AND(I56>=0,L56>0),I56/L56*100,"") | W56: =IF(AND(L56>0,H56>0,J56>0),(L56-I56)/(H56*J56),"") | X56: =IF(AND(M56>0,N56>0),M56/N56*0.7,"")
A57: 2026-01 | B57: 金条 | C57: 首贷 | D57: 人工 | E57: 华啸 | F57: 20629 | G57: 186 | H57: 4205300 | I57: 2716 | J57: 0.07 | K57: 1.068 | L57: 19276 | M57: 15506 | N57: 10 | O57: =IF(L57>0,L57-I57,"") | P57: =IF(AND(M57>0,L57>0),M57/L57*100,"") | Q57: =IF(AND(G57>0,F57>0),G57/F57*100,"") | R57: =IF(AND(H57>0,G57>0),H57/G57,"") | S57: =IF(AND(L57>0,G57>0),L57/G57,"") | T57: =IF(AND(M57>0,G57>0),M57/G57,"") | U57: =IF(AND(M57>0,N57>0),M57/N57,"") | V57: =IF(AND(I57>=0,L57>0),I57/L57*100,"") | W57: =IF(AND(L57>0,H57>0,J57>0),(L57-I57)/(H57*J57),"") | X57: =IF(AND(M57>0,N57>0),M57/N57*0.7,"")
A58: 2026-01 | B58: 金条 | C58: 复贷 | D58: 人工 | E58: 华啸 | F58: 212920 | G58: 11634 | H58: 408171700 | I58: 38787 | J58: 0.36 | K58: 1.068 | L58: 477296 | M58: 410589 | N58: 50 | O58: =IF(L58>0,L58-I58,"") | P58: =IF(AND(M58>0,L58>0),M58/L58*100,"") | Q58: =IF(AND(G58>0,F58>0),G58/F58*100,"") | R58: =IF(AND(H58>0,G58>0),H58/G58,"") | S58: =IF(AND(L58>0,G58>0),L58/G58,"") | T58: =IF(AND(M58>0,G58>0),M58/G58,"") | U58: =IF(AND(M58>0,N58>0),M58/N58,"") | V58: =IF(AND(I58>=0,L58>0),I58/L58*100,"") | W58: =IF(AND(L58>0,H58>0,J58>0),(L58-I58)/(H58*J58),"") | X58: =IF(AND(M58>0,N58>0),M58/N58*0.7,"")
... A68: 2026-01 | B68: 金条 | C68: 复贷 | D68: 人工 | E68: 赛维斯 | F68: 242316 | G68: 12098 | H68: 437334800 | I68: 38736 | J68: 0.36 | K68: 1.068 | L68: 527506 | M68: 457650 | N68: 64 | O68: =IF(L68>0,L68-I68,"") | P68: =IF(AND(M68>0,L68>0),M68/L68*100,"") | Q68: =IF(AND(G68>0,F68>0),G68/F68*100,"") | R68: =IF(AND(H68>0,G68>0),H68/G68,"") | S68: =IF(AND(L68>0,G68>0),L68/G68,"") | T68: =IF(AND(M68>0,G68>0),M68/G68,"") | U68: =IF(AND(M68>0,N68>0),M68/N68,"") | V68: =IF(AND(I68>=0,L68>0),I68/L68*100,"") | W68: =IF(AND(L68>0,H68>0,J68>0),(L68-I68)/(H68*J68),"") | X68: =IF(AND(M68>0,N68>0),M68/N68*0.7,"")
A69: 2026-01 | B69: 金条 | C69: 首贷 | D69: 人工 | E69: 宿迁兆科 | F69: 41052 | G69: 685 | H69: 16765900 | I69: 7924 | J69: 0.07 | K69: 1.068 | L69: 82134 | M69: 69484 | O69: =IF(L69>0,L69-I69,"") | P69: =IF(AND(M69>0,L69>0),M69/L69*100,"") | Q69: =IF(AND(G69>0,F69>0),G69/F69*100,"") | R69: =IF(AND(H69>0,G69>0),H69/G69,"") | S69: =IF(AND(L69>0,G69>0),L69/G69,"") | T69: =IF(AND(M69>0,G69>0),M69/G69,"") | U69: =IF(AND(M69>0,N69>0),M69/N69,"") | V69: =IF(AND(I69>=0,L69>0),I69/L69*100,"") | W69: =IF(AND(L69>0,H69>0,J69>0),(L69-I69)/(H69*J69),"") | X69: =IF(AND(M69>0,N69>0),M69/N69*0.7,"")
A70: 2026-01 | B70: 金条 | C70: 复贷 | D70: 人工 | E70: 宿迁兆科 | F70: 50956 | G70: 3650 | H70: 142522400 | I70: 9010 | J70: 0.36 | K70: 1.068 | L70: 165556 | M70: 146579 | O70: =IF(L70>0,L70-I70,"") | P70: =IF(AND(M70>0,L70>0),M70/L70*100,"") | Q70: =IF(AND(G70>0,F70>0),G70/F70*100,"") | R70: =IF(AND(H70>0,G70>0),H70/G70,"") | S70: =IF(AND(L70>0,G70>0),L70/G70,"") | T70: =IF(AND(M70>0,G70>0),M70/G70,"") | U70: =IF(AND(M70>0,N70>0),M70/N70,"") | V70: =IF(AND(I70>=0,L70>0),I70/L70*100,"") | W70: =IF(AND(L70>0,H70>0,J70>0),(L70-I70)/(H70*J70),"") | X70: =IF(AND(M70>0,N70>0),M70/N70*0.7,"")
A71: 2026-01 | B71: 金条 | C71: 首贷 | D71: 人工 | E71: 毅航合肥 | F71: 986604 | G71: 13379 | H71: 569556800 | I71: 156090 | J71: 0.07 | K71: 1.068 | L71: 2596220 | M71: 2284766 | N71: 220 | O71: =IF(L71>0,L71-I71,"") | P71: =IF(AND(M71>0,L71>0),M71/L71*100,"") | Q71: =IF(AND(G71>0,F71>0),G71/F71*100,"") | R71: =IF(AND(H71>0,G71>0),H71/G71,"") | S71: =IF(AND(L71>0,G71>0),L71/G71,"") | T71: =IF(AND(M71>0,G71>0),M71/G71,"") | U71: =IF(AND(M71>0,N71>0),M71/N71,"") | V71: =IF(AND(I71>=0,L71>0),I71/L71*100,"") | W71: =IF(AND(L71>0,H71>0,J71>0),(L71-I71)/(H71*J71),"") | X71: =IF(AND(M71>0,N71>0),M71/N71*0.7,"")
A72: 2026-01 | B72: 金条 | C72: 复贷 | D72: 人工 | E72: 毅航合肥 | F72: 668038 | G72: 36025 | H72: 1443946600 | I72: 106584 | J72: 0.36 | K72: 1.068 | L72: 1736541 | M72: 1526177 | N72: 140 | O72: =IF(L72>0,L72-I72,"") | P72: =IF(AND(M72>0,L72>0),M72/L72*100,"") | Q72: =IF(AND(G72>0,F72>0),G72/F72*100,"") | R72: =IF(AND(H72>0,G72>0),H72/G72,"") | S72: =IF(AND(L72>0,G72>0),L72/G72,"") | T72: =IF(AND(M72>0,G72>0),M72/G72,"") | U72: =IF(AND(M72>0,N72>0),M72/N72,"") | V72: =IF(AND(I72>=0,L72>0),I72/L72*100,"") | W72: =IF(AND(L72>0,H72>0,J72>0),(L72-I72)/(H72*J72),"") | X72: =IF(AND(M72>0,N72>0),M72/N72*0.7,"")
A73: 2026-01 | B73: 金条 | C73: 首贷 | D73: 纯机 | E73: 电话邦 | F73: 1026258 | G73: 769 | H73: 9663500 | I73: 95564 | J73: 0.07 | K73: 1.068 | L73: 107276 | M73: 10966 | O73: =IF(L73>0,L73-I73,"") | P73: =IF(AND(M73>0,L73>0),M73/L73*100,"") | Q73: =IF(AND(G73>0,F73>0),G73/F73*100,"") | R73: =IF(AND(H73>0,G73>0),H73/G73,"") | S73: =IF(AND(L73>0,G73>0),L73/G73,"") | T73: =IF(AND(M73>0,G73>0),M73/G73,"") | U73: =IF(AND(M73>0,N73>0),M73/N73,"") | V73: =IF(AND(I73>=0,L73>0),I73/L73*100,"") | W73: =IF(AND(L73>0,H73>0,J73>0),(L73-I73)/(H73*J73),"") | X73: =IF(AND(M73>0,N73>0),M73/N73*0.7,"")
A74: 2026-01 | B74: 金条 | C74: 首贷 | D74: 纯机 | E74: 九四 | F74: 935002 | G74: 788 | H74: 10265000 | I74: 83835 | J74: 0.07 | K74: 1.068 | L74: 109926 | M74: 24429 | O74: =IF(L74>0,L74-I74,"") | P74: =IF(AND(M74>0,L74>0),M74/L74*100,"") | Q74: =IF(AND(G74>0,F74>0),G74/F74*100,"") | R74: =IF(AND(H74>0,G74>0),H74/G74,"") | S74: =IF(AND(L74>0,G74>0),L74/G74,"") | T74: =IF(AND(M74>0,G74>0),M74/G74,"") | U74: =IF(AND(M74>0,N74>0),M74/N74,"") | V74: =IF(AND(I74>=0,L74>0),I74/L74*100,"") | W74: =IF(AND(L74>0,H74>0,J74>0),(L74-I74)/(H74*J74),"") | X74: =IF(AND(M74>0,N74>0),M74/N74*0.7,"")
A75: 2026-01 | B75: 金条 | C75: 首贷 | D75: 纯机 | E75: 零犀 | F75: 15800865 | G75: 17745 | H75: 392797900 | I75: 1455996 | J75: 0.07 | K75: 1.068 | L75: 2475428 | M75: 954524 | O75: =IF(L75>0,L75-I75,"") | P75: =IF(AND(M75>0,L75>0),M75/L75*100,"") | Q75: =IF(AND(G75>0,F75>0),G75/F75*100,"") | R75: =IF(AND(H75>0,G75>0),H75/G75,"") | S75: =IF(AND(L75>0,G75>0),L75/G75,"") | T75: =IF(AND(M75>0,G75>0),M75/G75,"") | U75: =IF(AND(M75>0,N75>0),M75/N75,"") | V75: =IF(AND(I75>=0,L75>0),I75/L75*100,"") | W75: =IF(AND(L75>0,H75>0,J75>0),(L75-I75)/(H75*J75),"") | X75: =IF(AND(M75>0,N75>0),M75/N75*0.7,"")
A76: 2026-01 | B76: 金条 | C76: 复贷 | D76: 纯机 | E76: 零犀 | F76: 570744 | G76: 38787 | H76: 1036391900 | I76: 76207 | J76: 0.36 | K76: 1.068 | L76: 159190 | M76: 77699 | O76: =IF(L76>0,L76-I76,"") | P76: =IF(AND(M76>0,L76>0),M76/L76*100,"") | Q76: =IF(AND(G76>0,F76>0),G76/F76*100,"") | R76: =IF(AND(H76>0,G76>0),H76/G76,"") | S76: =IF(AND(L76>0,G76>0),L76/G76,"") | T76: =IF(AND(M76>0,G76>0),M76/G76,"") | U76: =IF(AND(M76>0,N76>0),M76/N76,"") | V76: =IF(AND(I76>=0,L76>0),I76/L76*100,"") | W76: =IF(AND(L76>0,H76>0,J76>0),(L76-I76)/(H76*J76),"") | X76: =IF(AND(M76>0,N76>0),M76/N76*0.7,"")
A77: 2026-01 | B77: 金条 | C77: 首贷 | D77: 纯机 | E77: 言犀赛夫 | F77: 6250302 | G77: 6240 | H77: 111146600 | I77: 574540 | J77: 0.07 | K77: 1.068 | L77: 870480 | M77: 277097 | O77: =IF(L77>0,L77-I77,"") | P77: =IF(AND(M77>0,L77>0),M77/L77*100,"") | Q77: =IF(AND(G77>0,F77>0),G77/F77*100,"") | R77: =IF(AND(H77>0,G77>0),H77/G77,"") | S77: =IF(AND(L77>0,G77>0),L77/G77,"") | T77: =IF(AND(M77>0,G77>0),M77/G77,"") | U77: =IF(AND(M77>0,N77>0),M77/N77,"") | V77: =IF(AND(I77>=0,L77>0),I77/L77*100,"") | W77: =IF(AND(L77>0,H77>0,J77>0),(L77-I77)/(H77*J77),"") | X77: =IF(AND(M77>0,N77>0),M77/N77*0.7,"")
A78: 2026-01 | B78: 金条 | C78: 复贷 | D78: 纯机 | E78: 言犀赛夫 | F78: 356573 | G78: 24815 | H78: 688121700 | I78: 47871 | J78: 0.36 | K78: 1.068 | L78: 105695 | M78: 54143 | O78: =IF(L78>0,L78-I78,"") | P78: =IF(AND(M78>0,L78>0),M78/L78*100,"") | Q78: =IF(AND(G78>0,F78>0),G78/F78*100,"") | R78: =IF(AND(H78>0,G78>0),H78/G78,"") | S78: =IF(AND(L78>0,G78>0),L78/G78,"") | T78: =IF(AND(M78>0,G78>0),M78/G78,"") | U78: =IF(AND(M78>0,N78>0),M78/N78,"") | V78: =IF(AND(I78>=0,L78>0),I78/L78*100,"") | W78: =IF(AND(L78>0,H78>0,J78>0),(L78-I78)/(H78*J78),"") | X78: =IF(AND(M78>0,N78>0),M78/N78*0.7,"")
A79: 2026-02 | B79: 金条 | C79: 首贷 | D79: 人机 | E79: 零犀伽玛 | F79: 1707961 | G79: 5415 | H79: 85660400 | I79: 192263 | J79: 0.07 | K79: 1.068 | L79: 461873 | M79: 252444 | N79: 34 | O79: =IF(L79>0,L79-I79,"") | P79: =IF(AND(M79>0,L79>0),M79/L79*100,"") | Q79: =IF(AND(G79>0,F79>0),G79/F79*100,"") | R79: =IF(AND(H79>0,G79>0),H79/G79,"") | S79: =IF(AND(L79>0,G79>0),L79/G79,"") | T79: =IF(AND(M79>0,G79>0),M79/G79,"") | U79: =IF(AND(M79>0,N79>0),M79/N79,"") | V79: =IF(AND(I79>=0,L79>0),I79/L79*100,"") | W79: =IF(AND(L79>0,H79>0,J79>0),(L79-I79)/(H79*J79),"") | X79: =IF(AND(M79>0,N79>0),M79/N79*0.7,"")
A80: 2026-02 | B80: 金条 | C80: 首贷 | D80: 人机 | E80: 零犀 | F80: 7609280 | G80: 26505 | H80: 486979600 | I80: 812497 | J80: 0.07 | K80: 1.068 | L80: 2636880 | M80: 1708224 | N80: 83 | O80: =IF(L80>0,L80-I80,"") | P80: =IF(AND(M80>0,L80>0),M80/L80*100,"") | Q80: =IF(AND(G80>0,F80>0),G80/F80*100,"") | R80: =IF(AND(H80>0,G80>0),H80/G80,"") | S80: =IF(AND(L80>0,G80>0),L80/G80,"") | T80: =IF(AND(M80>0,G80>0),M80/G80,"") | U80: =IF(AND(M80>0,N80>0),M80/N80,"") | V80: =IF(AND(I80>=0,L80>0),I80/L80*100,"") | W80: =IF(AND(L80>0,H80>0,J80>0),(L80-I80)/(H80*J80),"") | X80: =IF(AND(M80>0,N80>0),M80/N80*0.7,"")
A81: 2026-02 | B81: 金条 | C81: 复贷 | D81: 人机 | E81: 零犀 | F81: 1141113 | G81: 7859 | H81: 452672200 | I81: 110634 | J81: 0.36 | K81: 1.068 | L81: 521478 | M81: 384686 | N81: 13 | O81: =IF(L81>0,L81-I81,"") | P81: =IF(AND(M81>0,L81>0),M81/L81*100,"") | Q81: =IF(AND(G81>0,F81>0),G81/F81*100,"") | R81: =IF(AND(H81>0,G81>0),H81/G81,"") | S81: =IF(AND(L81>0,G81>0),L81/G81,"") | T81: =IF(AND(M81>0,G81>0),M81/G81,"") | U81: =IF(AND(M81>0,N81>0),M81/N81,"") | V81: =IF(AND(I81>=0,L81>0),I81/L81*100,"") | W81: =IF(AND(L81>0,H81>0,J81>0),(L81-I81)/(H81*J81),"") | X81: =IF(AND(M81>0,N81>0),M81/N81*0.7,"")
A82: 2026-02 | B82: 金条 | C82: 首贷 | D82: 人机 | E82: 零犀毛毛虫 | F82: 1629177 | G82: 5382 | H82: 94785000 | I82: 177917 | J82: 0.07 | K82: 1.068 | L82: 514619 | M82: 315264 | N82: 29 | O82: =IF(L82>0,L82-I82,"") | P82: =IF(AND(M82>0,L82>0),M82/L82*100,"") | Q82: =IF(AND(G82>0,F82>0),G82/F82*100,"") | R82: =IF(AND(H82>0,G82>0),H82/G82,"") | S82: =IF(AND(L82>0,G82>0),L82/G82,"") | T82: =IF(AND(M82>0,G82>0),M82/G82,"") | U82: =IF(AND(M82>0,N82>0),M82/N82,"") | V82: =IF(AND(I82>=0,L82>0),I82/L82*100,"") | W82: =IF(AND(L82>0,H82>0,J82>0),(L82-I82)/(H82*J82),"") | X82: =IF(AND(M82>0,N82>0),M82/N82*0.7,"")
A83: 2026-02 | B83: 金条 | C83: 首贷 | D83: 人机 | E83: 零犀赛维斯 | F83: 1460836 | G83: 4708 | H83: 80363800 | I83: 173852 | J83: 0.07 | K83: 1.068 | L83: 440231 | M83: 249418 | N83: 29 | O83: =IF(L83>0,L83-I83,"") | P83: =IF(AND(M83>0,L83>0),M83/L83*100,"") | Q83: =IF(AND(G83>0,F83>0),G83/F83*100,"") | R83: =IF(AND(H83>0,G83>0),H83/G83,"") | S83: =IF(AND(L83>0,G83>0),L83/G83,"") | T83: =IF(AND(M83>0,G83>0),M83/G83,"") | U83: =IF(AND(M83>0,N83>0),M83/N83,"") | V83: =IF(AND(I83>=0,L83>0),I83/L83*100,"") | W83: =IF(AND(L83>0,H83>0,J83>0),(L83-I83)/(H83*J83),"") | X83: =IF(AND(M83>0,N83>0),M83/N83*0.7,"")
A84: 2026-02 | B84: 金条 | C84: 首贷 | D84: 人机 | E84: 零犀毅航 | F84: 2805719 | G84: 9502 | H84: 163371200 | I84: 333082 | J84: 0.07 | K84: 1.068 | L84: 899327 | M84: 530192 | N84: 49 | O84: =IF(L84>0,L84-I84,"") | P84: =IF(AND(M84>0,L84>0),M84/L84*100,"") | Q84: =IF(AND(G84>0,F84>0),G84/F84*100,"") | R84: =IF(AND(H84>0,G84>0),H84/G84,"") | S84: =IF(AND(L84>0,G84>0),L84/G84,"") | T84: =IF(AND(M84>0,G84>0),M84/G84,"") | U84: =IF(AND(M84>0,N84>0),M84/N84,"") | V84: =IF(AND(I84>=0,L84>0),I84/L84*100,"") | W84: =IF(AND(L84>0,H84>0,J84>0),(L84-I84)/(H84*J84),"") | X84: =IF(AND(M84>0,N84>0),M84/N84*0.7,"")
A85: 2026-02 | B85: 金条 | C85: 首贷 | D85: 人机 | E85: 赛维斯 | F85: 1689656 | G85: 5046 | H85: 86820600 | I85: 210074 | J85: 0.07 | K85: 1.068 | L85: 474192 | M85: 247302 | N85: 26 | O85: =IF(L85>0,L85-I85,"") | P85: =IF(AND(M85>0,L85>0),M85/L85*100,"") | Q85: =IF(AND(G85>0,F85>0),G85/F85*100,"") | R85: =IF(AND(H85>0,G85>0),H85/G85,"") | S85: =IF(AND(L85>0,G85>0),L85/G85,"") | T85: =IF(AND(M85>0,G85>0),M85/G85,"") | U85: =IF(AND(M85>0,N85>0),M85/N85,"") | V85: =IF(AND(I85>=0,L85>0),I85/L85*100,"") | W85: =IF(AND(L85>0,H85>0,J85>0),(L85-I85)/(H85*J85),"") | X85: =IF(AND(M85>0,N85>0),M85/N85*0.7,"")
A86: 2026-02 | B86: 金条 | C86: 复贷 | D86: 人机 | E86: 赛维斯 | F86: 1041307 | G86: 6409 | H86: 351528700 | I86: 122268 | J86: 0.36 | K86: 1.068 | L86: 404961 | M86: 264694 | N86: 12 | O86: =IF(L86>0,L86-I86,"") | P86: =IF(AND(M86>0,L86>0),M86/L86*100,"") | Q86: =IF(AND(G86>0,F86>0),G86/F86*100,"") | R86: =IF(AND(H86>0,G86>0),H86/G86,"") | S86: =IF(AND(L86>0,G86>0),L86/G86,"") | T86: =IF(AND(M86>0,G86>0),M86/G86,"") | U86: =IF(AND(M86>0,N86>0),M86/N86,"") | V86: =IF(AND(I86>=0,L86>0),I86/L86*100,"") | W86: =IF(AND(L86>0,H86>0,J86>0),(L86-I86)/(H86*J86),"") | X86: =IF(AND(M86>0,N86>0),M86/N86*0.7,"")
A87: 2026-02 | B87: 金条 | C87: 首贷 | D87: 人工 | E87: 博岳石家庄 | F87: 129632 | G87: 1517 | H87: 61036500 | I87: 19063 | J87: 0.07 | K87: 1.068 | L87: 295577 | M87: 258908 | N87: 43 | O87: =IF(L87>0,L87-I87,"") | P87: =IF(AND(M87>0,L87>0),M87/L87*100,"") | Q87: =IF(AND(G87>0,F87>0),G87/F87*100,"") | R87: =IF(AND(H87>0,G87>0),H87/G87,"") | S87: =IF(AND(L87>0,G87>0),L87/G87,"") | T87: =IF(AND(M87>0,G87>0),M87/G87,"") | U87: =IF(AND(M87>0,N87>0),M87/N87,"") | V87: =IF(AND(I87>=0,L87>0),I87/L87*100,"") | W87: =IF(AND(L87>0,H87>0,J87>0),(L87-I87)/(H87*J87),"") | X87: =IF(AND(M87>0,N87>0),M87/N87*0.7,"")
A88: 2026-02 | B88: 金条 | C88: 复贷 | D88: 人工 | E88: 博岳石家庄 | F88: 164577 | G88: 7878 | H88: 249006400 | I88: 24334 | J88: 0.36 | K88: 1.068 | L88: 290370 | M88: 249097 | N88: 50 | O88: =IF(L88>0,L88-I88,"") | P88: =IF(AND(M88>0,L88>0),M88/L88*100,"") | Q88: =IF(AND(G88>0,F88>0),G88/F88*100,"") | R88: =IF(AND(H88>0,G88>0),H88/G88,"") | S88: =IF(AND(L88>0,G88>0),L88/G88,"") | T88: =IF(AND(M88>0,G88>0),M88/G88,"") | U88: =IF(AND(M88>0,N88>0),M88/N88,"") | V88: =IF(AND(I88>=0,L88>0),I88/L88*100,"") | W88: =IF(AND(L88>0,H88>0,J88>0),(L88-I88)/(H88*J88),"") | X88: =IF(AND(M88>0,N88>0),M88/N88*0.7,"")
A89: 2026-02 | B89: 金条 | C89: 首贷 | D89: 人工 | E89: 伽玛 | F89: 216432 | G89: 2273 | H89: 75351900 | I89: 35774 | J89: 0.07 | K89: 1.068 | L89: 355049 | M89: 298947 | N89: 70 | O89: =IF(L89>0,L89-I89,"") | P89: =IF(AND(M89>0,L89>0),M89/L89*100,"") | Q89: =IF(AND(G89>0,F89>0),G89/F89*100,"") | R89: =IF(AND(H89>0,G89>0),H89/G89,"") | S89: =IF(AND(L89>0,G89>0),L89/G89,"") | T89: =IF(AND(M89>0,G89>0),M89/G89,"") | U89: =IF(AND(M89>0,N89>0),M89/N89,"") | V89: =IF(AND(I89>=0,L89>0),I89/L89*100,"") | W89: =IF(AND(L89>0,H89>0,J89>0),(L89-I89)/(H89*J89),"") | X89: =IF(AND(M89>0,N89>0),M89/N89*0.7,"")
A90: 2026-02 | B90: 金条 | C90: 复贷 | D90: 人工 | E90: 伽玛 | F90: 265200 | G90: 13609 | H90: 503449100 | I90: 46785 | J90: 0.36 | K90: 1.068 | L90: 589173 | M90: 507854 | N90: 81 | O90: =IF(L90>0,L90-I90,"") | P90: =IF(AND(M90>0,L90>0),M90/L90*100,"") | Q90: =IF(AND(G90>0,F90>0),G90/F90*100,"") | R90: =IF(AND(H90>0,G90>0),H90/G90,"") | S90: =IF(AND(L90>0,G90>0),L90/G90,"") | T90: =IF(AND(M90>0,G90>0),M90/G90,"") | U90: =IF(AND(M90>0,N90>0),M90/N90,"") | V90: =IF(AND(I90>=0,L90>0),I90/L90*100,"") | W90: =IF(AND(L90>0,H90>0,J90>0),(L90-I90)/(H90*J90),"") | X90: =IF(AND(M90>0,N90>0),M90/N90*0.7,"")
... A110: 2026-02 | B110: 金条 | C110: 复贷 | D110: 人工 | E110: 毅航合肥 | F110: 444726 | G110: 24049 | H110: 1020778600 | I110: 72218 | J110: 0.36 | K110: 1.068 | L110: 1225353 | M110: 1079715 | N110: 136 | O110: =IF(L110>0,L110-I110,"") | P110: =IF(AND(M110>0,L110>0),M110/L110*100,"") | Q110: =IF(AND(G110>0,F110>0),G110/F110*100,"") | R110: =IF(AND(H110>0,G110>0),H110/G110,"") | S110: =IF(AND(L110>0,G110>0),L110/G110,"") | T110: =IF(AND(M110>0,G110>0),M110/G110,"") | U110: =IF(AND(M110>0,N110>0),M110/N110,"") | V110: =IF(AND(I110>=0,L110>0),I110/L110*100,"") | W110: =IF(AND(L110>0,H110>0,J110>0),(L110-I110)/(H110*J110),"") | X110: =IF(AND(M110>0,N110>0),M110/N110*0.7,"")
A111: 2026-02 | B111: 金条 | C111: 首贷 | D111: 纯机 | E111: 电话邦 | F111: 679727 | G111: 448 | H111: 5229200 | I111: 59535 | J111: 0.07 | K111: 1.068 | L111: 62496 | M111: 2772 | O111: =IF(L111>0,L111-I111,"") | P111: =IF(AND(M111>0,L111>0),M111/L111*100,"") | Q111: =IF(AND(G111>0,F111>0),G111/F111*100,"") | R111: =IF(AND(H111>0,G111>0),H111/G111,"") | S111: =IF(AND(L111>0,G111>0),L111/G111,"") | T111: =IF(AND(M111>0,G111>0),M111/G111,"") | U111: =IF(AND(M111>0,N111>0),M111/N111,"") | V111: =IF(AND(I111>=0,L111>0),I111/L111*100,"") | W111: =IF(AND(L111>0,H111>0,J111>0),(L111-I111)/(H111*J111),"") | X111: =IF(AND(M111>0,N111>0),M111/N111*0.7,"")
A112: 2026-02 | B112: 金条 | C112: 首贷 | D112: 纯机 | E112: 九四 | F112: 757231 | G112: 510 | H112: 4888200 | I112: 64296 | J112: 0.07 | K112: 1.068 | L112: 71145 | M112: 6413 | O112: =IF(L112>0,L112-I112,"") | P112: =IF(AND(M112>0,L112>0),M112/L112*100,"") | Q112: =IF(AND(G112>0,F112>0),G112/F112*100,"") | R112: =IF(AND(H112>0,G112>0),H112/G112,"") | S112: =IF(AND(L112>0,G112>0),L112/G112,"") | T112: =IF(AND(M112>0,G112>0),M112/G112,"") | U112: =IF(AND(M112>0,N112>0),M112/N112,"") | V112: =IF(AND(I112>=0,L112>0),I112/L112*100,"") | W112: =IF(AND(L112>0,H112>0,J112>0),(L112-I112)/(H112*J112),"") | X112: =IF(AND(M112>0,N112>0),M112/N112*0.7,"")
A113: 2026-02 | B113: 金条 | C113: 首贷 | D113: 纯机 | E113: 零犀 | F113: 11578489 | G113: 11853 | H113: 221449000 | I113: 1395777 | J113: 0.07 | K113: 1.068 | L113: 1653494 | M113: 241308 | O113: =IF(L113>0,L113-I113,"") | P113: =IF(AND(M113>0,L113>0),M113/L113*100,"") | Q113: =IF(AND(G113>0,F113>0),G113/F113*100,"") | R113: =IF(AND(H113>0,G113>0),H113/G113,"") | S113: =IF(AND(L113>0,G113>0),L113/G113,"") | T113: =IF(AND(M113>0,G113>0),M113/G113,"") | U113: =IF(AND(M113>0,N113>0),M113/N113,"") | V113: =IF(AND(I113>=0,L113>0),I113/L113*100,"") | W113: =IF(AND(L113>0,H113>0,J113>0),(L113-I113)/(H113*J113),"") | X113: =IF(AND(M113>0,N113>0),M113/N113*0.7,"")
A114: 2026-02 | B114: 金条 | C114: 复贷 | D114: 纯机 | E114: 零犀 | F114: 466239 | G114: 28881 | H114: 854886900 | I114: 56488 | J114: 0.36 | K114: 1.068 | L114: 131311 | M114: 70058 | O114: =IF(L114>0,L114-I114,"") | P114: =IF(AND(M114>0,L114>0),M114/L114*100,"") | Q114: =IF(AND(G114>0,F114>0),G114/F114*100,"") | R114: =IF(AND(H114>0,G114>0),H114/G114,"") | S114: =IF(AND(L114>0,G114>0),L114/G114,"") | T114: =IF(AND(M114>0,G114>0),M114/G114,"") | U114: =IF(AND(M114>0,N114>0),M114/N114,"") | V114: =IF(AND(I114>=0,L114>0),I114/L114*100,"") | W114: =IF(AND(L114>0,H114>0,J114>0),(L114-I114)/(H114*J114),"") | X114: =IF(AND(M114>0,N114>0),M114/N114*0.7,"")
A115: 2026-02 | B115: 金条 | C115: 首贷 | D115: 纯机 | E115: 言犀赛夫 | F115: 4579692 | G115: 4029 | H115: 54195100 | I115: 415376 | J115: 0.07 | K115: 1.068 | L115: 562046 | M115: 137331 | O115: =IF(L115>0,L115-I115,"") | P115: =IF(AND(M115>0,L115>0),M115/L115*100,"") | Q115: =IF(AND(G115>0,F115>0),G115/F115*100,"") | R115: =IF(AND(H115>0,G115>0),H115/G115,"") | S115: =IF(AND(L115>0,G115>0),L115/G115,"") | T115: =IF(AND(M115>0,G115>0),M115/G115,"") | U115: =IF(AND(M115>0,N115>0),M115/N115,"") | V115: =IF(AND(I115>=0,L115>0),I115/L115*100,"") | W115: =IF(AND(L115>0,H115>0,J115>0),(L115-I115)/(H115*J115),"") | X115: =IF(AND(M115>0,N115>0),M115/N115*0.7,"")
A116: 2026-02 | B116: 金条 | C116: 复贷 | D116: 纯机 | E116: 言犀赛夫 | F116: 358167 | G116: 20414 | H116: 608433500 | I116: 45257 | J116: 0.36 | K116: 1.068 | L116: 93455 | M116: 45130 | O116: =IF(L116>0,L116-I116,"") | P116: =IF(AND(M116>0,L116>0),M116/L116*100,"") | Q116: =IF(AND(G116>0,F116>0),G116/F116*100,"") | R116: =IF(AND(H116>0,G116>0),H116/G116,"") | S116: =IF(AND(L116>0,G116>0),L116/G116,"") | T116: =IF(AND(M116>0,G116>0),M116/G116,"") | U116: =IF(AND(M116>0,N116>0),M116/N116,"") | V116: =IF(AND(I116>=0,L116>0),I116/L116*100,"") | W116: =IF(AND(L116>0,H116>0,J116>0),(L116-I116)/(H116*J116),"") | X116: =IF(AND(M116>0,N116>0),M116/N116*0.7,"")
A117: 2026-03 | B117: 金条 | C117: 首贷 | D117: 人机 | E117: 零犀伽玛 | F117: 2377809 | G117: 7463 | H117: 118973900 | I117: 270934 | J117: 0.07 | K117: 1.068 | L117: 637468 | M117: 343196 | N117: 29 | O117: =IF(L117>0,L117-I117,"") | P117: =IF(AND(M117>0,L117>0),M117/L117*100,"") | Q117: =IF(AND(G117>0,F117>0),G117/F117*100,"") | R117: =IF(AND(H117>0,G117>0),H117/G117,"") | S117: =IF(AND(L117>0,G117>0),L117/G117,"") | T117: =IF(AND(M117>0,G117>0),M117/G117,"") | U117: =IF(AND(M117>0,N117>0),M117/N117,"") | V117: =IF(AND(I117>=0,L117>0),I117/L117*100,"") | W117: =IF(AND(L117>0,H117>0,J117>0),(L117-I117)/(H117*J117),"") | X117: =IF(AND(M117>0,N117>0),M117/N117*0.7,"")
A118: 2026-03 | B118: 金条 | C118: 首贷 | D118: 人机 | E118: 零犀 | F118: 11431889 | G118: 36796 | H118: 651917900 | I118: 1171970 | J118: 0.07 | K118: 1.068 | L118: 3538571 | M118: 2215918 | N118: 79 | O118: =IF(L118>0,L118-I118,"") | P118: =IF(AND(M118>0,L118>0),M118/L118*100,"") | Q118: =IF(AND(G118>0,F118>0),G118/F118*100,"") | R118: =IF(AND(H118>0,G118>0),H118/G118,"") | S118: =IF(AND(L118>0,G118>0),L118/G118,"") | T118: =IF(AND(M118>0,G118>0),M118/G118,"") | U118: =IF(AND(M118>0,N118>0),M118/N118,"") | V118: =IF(AND(I118>=0,L118>0),I118/L118*100,"") | W118: =IF(AND(L118>0,H118>0,J118>0),(L118-I118)/(H118*J118),"") | X118: =IF(AND(M118>0,N118>0),M118/N118*0.7,"")
A119: 2026-03 | B119: 金条 | C119: 复贷 | D119: 人机 | E119: 零犀 | F119: 2422401 | G119: 12800 | H119: 698872500 | I119: 208376 | J119: 0.36 | K119: 1.068 | L119: 805101 | M119: 558731 | N119: 12 | O119: =IF(L119>0,L119-I119,"") | P119: =IF(AND(M119>0,L119>0),M119/L119*100,"") | Q119: =IF(AND(G119>0,F119>0),G119/F119*100,"") | R119: =IF(AND(H119>0,G119>0),H119/G119,"") | S119: =IF(AND(L119>0,G119>0),L119/G119,"") | T119: =IF(AND(M119>0,G119>0),M119/G119,"") | U119: =IF(AND(M119>0,N119>0),M119/N119,"") | V119: =IF(AND(I119>=0,L119>0),I119/L119*100,"") | W119: =IF(AND(L119>0,H119>0,J119>0),(L119-I119)/(H119*J119),"") | X119: =IF(AND(M119>0,N119>0),M119/N119*0.7,"")
A120: 2026-03 | B120: 金条 | C120: 首贷 | D120: 人机 | E120: 零犀毛毛虫 | F120: 2487539 | G120: 7715 | H120: 125628900 | I120: 275693 | J120: 0.07 | K120: 1.068 | L120: 677182 | M120: 375927 | N120: 29 | O120: =IF(L120>0,L120-I120,"") | P120: =IF(AND(M120>0,L120>0),M120/L120*100,"") | Q120: =IF(AND(G120>0,F120>0),G120/F120*100,"") | R120: =IF(AND(H120>0,G120>0),H120/G120,"") | S120: =IF(AND(L120>0,G120>0),L120/G120,"") | T120: =IF(AND(M120>0,G120>0),M120/G120,"") | U120: =IF(AND(M120>0,N120>0),M120/N120,"") | V120: =IF(AND(I120>=0,L120>0),I120/L120*100,"") | W120: =IF(AND(L120>0,H120>0,J120>0),(L120-I120)/(H120*J120),"") | X120: =IF(AND(M120>0,N120>0),M120/N120*0.7,"")
A121: 2026-03 | B121: 金条 | C121: 首贷 | D121: 人机 | E121: 零犀赛维斯 | F121: 2067952 | G121: 6303 | H121: 97673200 | I121: 248131 | J121: 0.07 | K121: 1.068 | L121: 523903 | M121: 258213 | N121: 22 | O121: =IF(L121>0,L121-I121,"") | P121: =IF(AND(M121>0,L121>0),M121/L121*100,"") | Q121: =IF(AND(G121>0,F121>0),G121/F121*100,"") | R121: =IF(AND(H121>0,G121>0),H121/G121,"") | S121: =IF(AND(L121>0,G121>0),L121/G121,"") | T121: =IF(AND(M121>0,G121>0),M121/G121,"") | U121: =IF(AND(M121>0,N121>0),M121/N121,"") | V121: =IF(AND(I121>=0,L121>0),I121/L121*100,"") | W121: =IF(AND(L121>0,H121>0,J121>0),(L121-I121)/(H121*J121),"") | X121: =IF(AND(M121>0,N121>0),M121/N121*0.7,"")
A122: 2026-03 | B122: 金条 | C122: 首贷 | D122: 人机 | E122: 零犀毅航 | F122: 4490702 | G122: 14117 | H122: 269057100 | I122: 488765 | J122: 0.07 | K122: 1.068 | L122: 1454274 | M122: 904034 | N122: 49 | O122: =IF(L122>0,L122-I122,"") | P122: =IF(AND(M122>0,L122>0),M122/L122*100,"") | Q122: =IF(AND(G122>0,F122>0),G122/F122*100,"") | R122: =IF(AND(H122>0,G122>0),H122/G122,"") | S122: =IF(AND(L122>0,G122>0),L122/G122,"") | T122: =IF(AND(M122>0,G122>0),M122/G122,"") | U122: =IF(AND(M122>0,N122>0),M122/N122,"") | V122: =IF(AND(I122>=0,L122>0),I122/L122*100,"") | W122: =IF(AND(L122>0,H122>0,J122>0),(L122-I122)/(H122*J122),"") | X122: =IF(AND(M122>0,N122>0),M122/N122*0.7,"")
A123: 2026-03 | B123: 金条 | C123: 首贷 | D123: 人机 | E123: 赛维斯 | F123: 2538583 | G123: 6992 | H123: 116176800 | I123: 322159 | J123: 0.07 | K123: 1.068 | L123: 624824 | M123: 283394 | N123: 26 | O123: =IF(L123>0,L123-I123,"") | P123: =IF(AND(M123>0,L123>0),M123/L123*100,"") | Q123: =IF(AND(G123>0,F123>0),G123/F123*100,"") | R123: =IF(AND(H123>0,G123>0),H123/G123,"") | S123: =IF(AND(L123>0,G123>0),L123/G123,"") | T123: =IF(AND(M123>0,G123>0),M123/G123,"") | U123: =IF(AND(M123>0,N123>0),M123/N123,"") | V123: =IF(AND(I123>=0,L123>0),I123/L123*100,"") | W123: =IF(AND(L123>0,H123>0,J123>0),(L123-I123)/(H123*J123),"") | X123: =IF(AND(M123>0,N123>0),M123/N123*0.7,"")
A124: 2026-03 | B124: 金条 | C124: 复贷 | D124: 人机 | E124: 赛维斯 | F124: 1898555 | G124: 10480 | H124: 533657300 | I124: 228213 | J124: 0.36 | K124: 1.068 | L124: 614773 | M124: 361948 | N124: 12 | O124: =IF(L124>0,L124-I124,"") | P124: =IF(AND(M124>0,L124>0),M124/L124*100,"") | Q124: =IF(AND(G124>0,F124>0),G124/F124*100,"") | R124: =IF(AND(H124>0,G124>0),H124/G124,"") | S124: =IF(AND(L124>0,G124>0),L124/G124,"") | T124: =IF(AND(M124>0,G124>0),M124/G124,"") | U124: =IF(AND(M124>0,N124>0),M124/N124,"") | V124: =IF(AND(I124>=0,L124>0),I124/L124*100,"") | W124: =IF(AND(L124>0,H124>0,J124>0),(L124-I124)/(H124*J124),"") | X124: =IF(AND(M124>0,N124>0),M124/N124*0.7,"")
A125: 2026-03 | B125: 金条 | C125: 首贷 | D125: 人工 | E125: 博岳石家庄 | F125: 204986 | G125: 2136 | H125: 91549500 | I125: 24706 | J125: 0.07 | K125: 1.068 | L125: 430834 | M125: 380270 | N125: 52 | O125: =IF(L125>0,L125-I125,"") | P125: =IF(AND(M125>0,L125>0),M125/L125*100,"") | Q125: =IF(AND(G125>0,F125>0),G125/F125*100,"") | R125: =IF(AND(H125>0,G125>0),H125/G125,"") | S125: =IF(AND(L125>0,G125>0),L125/G125,"") | T125: =IF(AND(M125>0,G125>0),M125/G125,"") | U125: =IF(AND(M125>0,N125>0),M125/N125,"") | V125: =IF(AND(I125>=0,L125>0),I125/L125*100,"") | W125: =IF(AND(L125>0,H125>0,J125>0),(L125-I125)/(H125*J125),"") | X125: =IF(AND(M125>0,N125>0),M125/N125*0.7,"")
A126: 2026-03 | B126: 金条 | C126: 复贷 | D126: 人工 | E126: 博岳石家庄 | F126: 231880 | G126: 9590 | H126: 349531600 | I126: 32479 | J126: 0.36 | K126: 1.068 | L126: 406602 | M126: 350303 | N126: 50 | O126: =IF(L126>0,L126-I126,"") | P126: =IF(AND(M126>0,L126>0),M126/L126*100,"") | Q126: =IF(AND(G126>0,F126>0),G126/F126*100,"") | R126: =IF(AND(H126>0,G126>0),H126/G126,"") | S126: =IF(AND(L126>0,G126>0),L126/G126,"") | T126: =IF(AND(M126>0,G126>0),M126/G126,"") | U126: =IF(AND(M126>0,N126>0),M126/N126,"") | V126: =IF(AND(I126>=0,L126>0),I126/L126*100,"") | W126: =IF(AND(L126>0,H126>0,J126>0),(L126-I126)/(H126*J126),"") | X126: =IF(AND(M126>0,N126>0),M126/N126*0.7,"")
A127: 2026-03 | B127: 金条 | C127: 首贷 | D127: 人工 | E127: 伽玛 | F127: 305661 | G127: 2905 | H127: 115348900 | I127: 47393 | J127: 0.07 | K127: 1.068 | L127: 549032 | M127: 469699 | N127: 56 | O127: =IF(L127>0,L127-I127,"") | P127: =IF(AND(M127>0,L127>0),M127/L127*100,"") | Q127: =IF(AND(G127>0,F127>0),G127/F127*100,"") | R127: =IF(AND(H127>0,G127>0),H127/G127,"") | S127: =IF(AND(L127>0,G127>0),L127/G127,"") | T127: =IF(AND(M127>0,G127>0),M127/G127,"") | U127: =IF(AND(M127>0,N127>0),M127/N127,"") | V127: =IF(AND(I127>=0,L127>0),I127/L127*100,"") | W127: =IF(AND(L127>0,H127>0,J127>0),(L127-I127)/(H127*J127),"") | X127: =IF(AND(M127>0,N127>0),M127/N127*0.7,"")
A128: 2026-03 | B128: 金条 | C128: 复贷 | D128: 人工 | E128: 伽玛 | F128: 413875 | G128: 17924 | H128: 785229900 | I128: 67463 | J128: 0.36 | K128: 1.068 | L128: 918049 | M128: 796429 | N128: 86 | O128: =IF(L128>0,L128-I128,"") | P128: =IF(AND(M128>0,L128>0),M128/L128*100,"") | Q128: =IF(AND(G128>0,F128>0),G128/F128*100,"") | R128: =IF(AND(H128>0,G128>0),H128/G128,"") | S128: =IF(AND(L128>0,G128>0),L128/G128,"") | T128: =IF(AND(M128>0,G128>0),M128/G128,"") | U128: =IF(AND(M128>0,N128>0),M128/N128,"") | V128: =IF(AND(I128>=0,L128>0),I128/L128*100,"") | W128: =IF(AND(L128>0,H128>0,J128>0),(L128-I128)/(H128*J128),"") | X128: =IF(AND(M128>0,N128>0),M128/N128*0.7,"")
... A148: 2026-03 | B148: 金条 | C148: 复贷 | D148: 人工 | E148: 毅航合肥 | F148: 697035 | G148: 32640 | H148: 1670536800 | I148: 116471 | J148: 0.36 | K148: 1.068 | L148: 1988757 | M148: 1753077 | N148: 145 | O148: =IF(L148>0,L148-I148,"") | P148: =IF(AND(M148>0,L148>0),M148/L148*100,"") | Q148: =IF(AND(G148>0,F148>0),G148/F148*100,"") | R148: =IF(AND(H148>0,G148>0),H148/G148,"") | S148: =IF(AND(L148>0,G148>0),L148/G148,"") | T148: =IF(AND(M148>0,G148>0),M148/G148,"") | U148: =IF(AND(M148>0,N148>0),M148/N148,"") | V148: =IF(AND(I148>=0,L148>0),I148/L148*100,"") | W148: =IF(AND(L148>0,H148>0,J148>0),(L148-I148)/(H148*J148),"") | X148: =IF(AND(M148>0,N148>0),M148/N148*0.7,"")
A149: 2026-03 | B149: 金条 | C149: 首贷 | D149: 纯机 | E149: 电话邦 | F149: 879690 | G149: 730 | H149: 7788700 | I149: 89108 | J149: 0.07 | K149: 1.068 | L149: 101835 | M149: 11916 | O149: =IF(L149>0,L149-I149,"") | P149: =IF(AND(M149>0,L149>0),M149/L149*100,"") | Q149: =IF(AND(G149>0,F149>0),G149/F149*100,"") | R149: =IF(AND(H149>0,G149>0),H149/G149,"") | S149: =IF(AND(L149>0,G149>0),L149/G149,"") | T149: =IF(AND(M149>0,G149>0),M149/G149,"") | U149: =IF(AND(M149>0,N149>0),M149/N149,"") | V149: =IF(AND(I149>=0,L149>0),I149/L149*100,"") | W149: =IF(AND(L149>0,H149>0,J149>0),(L149-I149)/(H149*J149),"") | X149: =IF(AND(M149>0,N149>0),M149/N149*0.7,"")
A150: 2026-03 | B150: 金条 | C150: 首贷 | D150: 纯机 | E150: 九四 | F150: 1200021 | G150: 891 | H150: 6642800 | I150: 101065 | J150: 0.07 | K150: 1.068 | L150: 124294 | M150: 21751 | O150: =IF(L150>0,L150-I150,"") | P150: =IF(AND(M150>0,L150>0),M150/L150*100,"") | Q150: =IF(AND(G150>0,F150>0),G150/F150*100,"") | R150: =IF(AND(H150>0,G150>0),H150/G150,"") | S150: =IF(AND(L150>0,G150>0),L150/G150,"") | T150: =IF(AND(M150>0,G150>0),M150/G150,"") | U150: =IF(AND(M150>0,N150>0),M150/N150,"") | V150: =IF(AND(I150>=0,L150>0),I150/L150*100,"") | W150: =IF(AND(L150>0,H150>0,J150>0),(L150-I150)/(H150*J150),"") | X150: =IF(AND(M150>0,N150>0),M150/N150*0.7,"")
A151: 2026-03 | B151: 金条 | C151: 首贷 | D151: 纯机 | E151: 零犀 | F151: 16714872 | G151: 19299 | H151: 346103900 | I151: 1727518 | J151: 0.07 | K151: 1.068 | L151: 2692211 | M151: 903270 | O151: =IF(L151>0,L151-I151,"") | P151: =IF(AND(M151>0,L151>0),M151/L151*100,"") | Q151: =IF(AND(G151>0,F151>0),G151/F151*100,"") | R151: =IF(AND(H151>0,G151>0),H151/G151,"") | S151: =IF(AND(L151>0,G151>0),L151/G151,"") | T151: =IF(AND(M151>0,G151>0),M151/G151,"") | U151: =IF(AND(M151>0,N151>0),M151/N151,"") | V151: =IF(AND(I151>=0,L151>0),I151/L151*100,"") | W151: =IF(AND(L151>0,H151>0,J151>0),(L151-I151)/(H151*J151),"") | X151: =IF(AND(M151>0,N151>0),M151/N151*0.7,"")
A152: 2026-03 | B152: 金条 | C152: 复贷 | D152: 纯机 | E152: 零犀 | F152: 509342 | G152: 36306 | H152: 1240670900 | I152: 65530 | J152: 0.36 | K152: 1.068 | L152: 190567 | M152: 117076 | O152: =IF(L152>0,L152-I152,"") | P152: =IF(AND(M152>0,L152>0),M152/L152*100,"") | Q152: =IF(AND(G152>0,F152>0),G152/F152*100,"") | R152: =IF(AND(H152>0,G152>0),H152/G152,"") | S152: =IF(AND(L152>0,G152>0),L152/G152,"") | T152: =IF(AND(M152>0,G152>0),M152/G152,"") | U152: =IF(AND(M152>0,N152>0),M152/N152,"") | V152: =IF(AND(I152>=0,L152>0),I152/L152*100,"") | W152: =IF(AND(L152>0,H152>0,J152>0),(L152-I152)/(H152*J152),"") | X152: =IF(AND(M152>0,N152>0),M152/N152*0.7,"")
A153: 2026-03 | B153: 金条 | C153: 首贷 | D153: 纯机 | E153: 言犀赛夫 | F153: 6756249 | G153: 6354 | H153: 83365600 | I153: 600283 | J153: 0.07 | K153: 1.068 | L153: 886383 | M153: 267884 | O153: =IF(L153>0,L153-I153,"") | P153: =IF(AND(M153>0,L153>0),M153/L153*100,"") | Q153: =IF(AND(G153>0,F153>0),G153/F153*100,"") | R153: =IF(AND(H153>0,G153>0),H153/G153,"") | S153: =IF(AND(L153>0,G153>0),L153/G153,"") | T153: =IF(AND(M153>0,G153>0),M153/G153,"") | U153: =IF(AND(M153>0,N153>0),M153/N153,"") | V153: =IF(AND(I153>=0,L153>0),I153/L153*100,"") | W153: =IF(AND(L153>0,H153>0,J153>0),(L153-I153)/(H153*J153),"") | X153: =IF(AND(M153>0,N153>0),M153/N153*0.7,"")
A154: 2026-03 | B154: 金条 | C154: 复贷 | D154: 纯机 | E154: 言犀赛夫 | F154: 344837 | G154: 25300 | H154: 844152200 | I154: 48408 | J154: 0.36 | K154: 1.068 | L154: 129662 | M154: 76080 | O154: =IF(L154>0,L154-I154,"") | P154: =IF(AND(M154>0,L154>0),M154/L154*100,"") | Q154: =IF(AND(G154>0,F154>0),G154/F154*100,"") | R154: =IF(AND(H154>0,G154>0),H154/G154,"") | S154: =IF(AND(L154>0,G154>0),L154/G154,"") | T154: =IF(AND(M154>0,G154>0),M154/G154,"") | U154: =IF(AND(M154>0,N154>0),M154/N154,"") | V154: =IF(AND(I154>=0,L154>0),I154/L154*100,"") | W154: =IF(AND(L154>0,H154>0,J154>0),(L154-I154)/(H154*J154),"") | X154: =IF(AND(M154>0,N154>0),M154/N154*0.7,"")
...

Sheet 人机全景
A1: 人机供应商全景分析
A3: 供应商 | B3: 月份 | C3: 到手薪资 | D3: 人力 | E3: 元/人/月 | F3: 真实人工x70% | G3: 线路费占比% | H3: 转化率% | I3: 户均贷款
A4: 宿迁兆科 | B4: 2025-12 | C4: =SUMIFS(清洗后明细!M:M,清洗后明细!A:A,"2025-12",清洗后明细!E:E,"宿迁兆科",清洗后明细!D:D,"人机") | D4: =SUMIFS(清洗后明细!N:N,清洗后明细!A:A,"2025-12",清洗后明细!E:E,"宿迁兆科",清洗后明细!D:D,"人机") | E4: =IF(SUMIFS(清洗后明细!M:M,清洗后明细!A:A,"2025-12",清洗后明细!E:E,"宿迁兆科",清洗后明细!D:D,"人机")>0,SUMIFS(清洗后明细!M:M,清洗后明细!A:A,"2025-12",清洗后明细!E:E,"宿迁兆科",清洗后明细!D:D,"人机")/SUMIFS(清洗后明细!N:N,清洗后明细!A:A,"2025-12",清洗后明细!E:E,"宿迁兆科",清洗后明细!D:D,"人机"),"") | F4: =IF(SUMIFS(清洗后明细!M:M,清洗后明细!A:A,"2025-12",清洗后明细!E:E,"宿迁兆科",清洗后明细!D:D,"人机")>0,SUMIFS(清洗后明细!M:M,清洗后明细!A:A,"2025-12",清洗后明细!E:E,"宿迁兆科",清洗后明细!D:D,"人机")/SUMIFS(清洗后明细!N:N,清洗后明细!A:A,"2025-12",清洗后明细!E:E,"宿迁兆科",清洗后明细!D:D,"人机")*0.7,"") | G4: =IF(SUMIFS(清洗后明细!L:L,清洗后明细!A:A,"2025-12",清洗后明细!E:E,"宿迁兆科",清洗后明细!D:D,"人机")>0,SUMIFS(清洗后明细!I:I,清洗后明细!A:A,"2025-12",清洗后明细!E:E,"宿迁兆科",清洗后明细!D:D,"人机")/SUMIFS(清洗后明细!L:L,清洗后明细!A:A,"2025-12",清洗后明细!E:E,"宿迁兆科",清洗后明细!D:D,"人机")*100,"") | H4: =IF(SUMIFS(清洗后明细!F:F,清洗后明细!A:A,"2025-12",清洗后明细!E:E,"宿迁兆科",清洗后明细!D:D,"人机")>0,SUMIFS(清洗后明细!G:G,清洗后明细!A:A,"2025-12",清洗后明细!E:E,"宿迁兆科",清洗后明细!D:D,"人机")/SUMIFS(清洗后明细!F:F,清洗后明细!A:A,"2025-12",清洗后明细!E:E,"宿迁兆科",清洗后明细!D:D,"人机")*100,"") | I4: =IF(SUMIFS(清洗后明细!G:G,清洗后明细!A:A,"2025-12",清洗后明细!E:E,"宿迁兆科",清洗后明细!D:D,"人机")>0,SUMIFS(清洗后明细!H:H,清洗后明细!A:A,"2025-12",清洗后明细!E:E,"宿迁兆科",清洗后明细!D:D,"人机")/SUMIFS(清洗后明细!G:G,清洗后明细!A:A,"2025-12",清洗后明细!E:E,"宿迁兆科",清洗后明细!D:D,"人机"),"")
A5: 宿迁兆科 | B5: 2026-01 | C5: =SUMIFS(清洗后明细!M:M,清洗后明细!A:A,"2026-01",清洗后明细!E:E,"宿迁兆科",清洗后明细!D:D,"人机") | D5: =SUMIFS(清洗后明细!N:N,清洗后明细!A:A,"2026-01",清洗后明细!E:E,"宿迁兆科",清洗后明细!D:D,"人机") | E5: =IF(SUMIFS(清洗后明细!M:M,清洗后明细!A:A,"2026-01",清洗后明细!E:E,"宿迁兆科",清洗后明细!D:D,"人机")>0,SUMIFS(清洗后明细!M:M,清洗后明细!A:A,"2026-01",清洗后明细!E:E,"宿迁兆科",清洗后明细!D:D,"人机")/SUMIFS(清洗后明细!N:N,清洗后明细!A:A,"2026-01",清洗后明细!E:E,"宿迁兆科",清洗后明细!D:D,"人机"),"") | F5: =IF(SUMIFS(清洗后明细!M:M,清洗后明细!A:A,"2026-01",清洗后明细!E:E,"宿迁兆科",清洗后明细!D:D,"人机")>0,SUMIFS(清洗后明细!M:M,清洗后明细!A:A,"2026-01",清洗后明细!E:E,"宿迁兆科",清洗后明细!D:D,"人机")/SUMIFS(清洗后明细!N:N,清洗后明细!A:A,"2026-01",清洗后明细!E:E,"宿迁兆科",清洗后明细!D:D,"人机")*0.7,"") | G5: =IF(SUMIFS(清洗后明细!L:L,清洗后明细!A:A,"2026-01",清洗后明细!E:E,"宿迁兆科",清洗后明细!D:D,"人机")>0,SUMIFS(清洗后明细!I:I,清洗后明细!A:A,"2026-01",清洗后明细!E:E,"宿迁兆科",清洗后明细!D:D,"人机")/SUMIFS(清洗后明细!L:L,清洗后明细!A:A,"2026-01",清洗后明细!E:E,"宿迁兆科",清洗后明细!D:D,"人机")*100,"") | H5: =IF(SUMIFS(清洗后明细!F:F,清洗后明细!A:A,"2026-01",清洗后明细!E:E,"宿迁兆科",清洗后明细!D:D,"人机")>0,SUMIFS(清洗后明细!G:G,清洗后明细!A:A,"2026-01",清洗后明细!E:E,"宿迁兆科",清洗后明细!D:D,"人机")/SUMIFS(清洗后明细!F:F,清洗后明细!A:A,"2026-01",清洗后明细!E:E,"宿迁兆科",清洗后明细!D:D,"人机")*100,"") | I5: =IF(SUMIFS(清洗后明细!G:G,清洗后明细!A:A,"2026-01",清洗后明细!E:E,"宿迁兆科",清洗后明细!D:D,"人机")>0,SUMIFS(清洗后明细!H:H,清洗后明细!A:A,"2026-01",清洗后明细!E:E,"宿迁兆科",清洗后明细!D:D,"人机")/SUMIFS(清洗后明细!G:G,清洗后明细!A:A,"2026-01",清洗后明细!E:E,"宿迁兆科",清洗后明细!D:D,"人机"),"")
A6: 宿迁兆科 | B6: 2026-02 | C6: =SUMIFS(清洗后明细!M:M,清洗后明细!A:A,"2026-02",清洗后明细!E:E,"宿迁兆科",清洗后明细!D:D,"人机") | D6: =SUMIFS(清洗后明细!N:N,清洗后明细!A:A,"2026-02",清洗后明细!E:E,"宿迁兆科",清洗后明细!D:D,"人机") | E6: =IF(SUMIFS(清洗后明细!M:M,清洗后明细!A:A,"2026-02",清洗后明细!E:E,"宿迁兆科",清洗后明细!D:D,"人机")>0,SUMIFS(清洗后明细!M:M,清洗后明细!A:A,"2026-02",清洗后明细!E:E,"宿迁兆科",清洗后明细!D:D,"人机")/SUMIFS(清洗后明细!N:N,清洗后明细!A:A,"2026-02",清洗后明细!E:E,"宿迁兆科",清洗后明细!D:D,"人机"),"") | F6: =IF(SUMIFS(清洗后明细!M:M,清洗后明细!A:A,"2026-02",清洗后明细!E:E,"宿迁兆科",清洗后明细!D:D,"人机")>0,SUMIFS(清洗后明细!M:M,清洗后明细!A:A,"2026-02",清洗后明细!E:E,"宿迁兆科",清洗后明细!D:D,"人机")/SUMIFS(清洗后明细!N:N,清洗后明细!A:A,"2026-02",清洗后明细!E:E,"宿迁兆科",清洗后明细!D:D,"人机")*0.7,"") | G6: =IF(SUMIFS(清洗后明细!L:L,清洗后明细!A:A,"2026-02",清洗后明细!E:E,"宿迁兆科",清洗后明细!D:D,"人机")>0,SUMIFS(清洗后明细!I:I,清洗后明细!A:A,"2026-02",清洗后明细!E:E,"宿迁兆科",清洗后明细!D:D,"人机")/SUMIFS(清洗后明细!L:L,清洗后明细!A:A,"2026-02",清洗后明细!E:E,"宿迁兆科",清洗后明细!D:D,"人机")*100,"") | H6: =IF(SUMIFS(清洗后明细!F:F,清洗后明细!A:A,"2026-02",清洗后明细!E:E,"宿迁兆科",清洗后明细!D:D,"人机")>0,SUMIFS(清洗后明细!G:G,清洗后明细!A:A,"2026-02",清洗后明细!E:E,"宿迁兆科",清洗后明细!D:D,"人机")/SUMIFS(清洗后明细!F:F,清洗后明细!A:A,"2026-02",清洗后明细!E:E,"宿迁兆科",清洗后明细!D:D,"人机")*100,"") | I6: =IF(SUMIFS(清洗后明细!G:G,清洗后明细!A:A,"2026-02",清洗后明细!E:E,"宿迁兆科",清洗后明细!D:D,"人机")>0,SUMIFS(清洗后明细!H:H,清洗后明细!A:A,"2026-02",清洗后明细!E:E,"宿迁兆科",清洗后明细!D:D,"人机")/SUMIFS(清洗后明细!G:G,清洗后明细!A:A,"2026-02",清洗后明细!E:E,"宿迁兆科",清洗后明细!D:D,"人机"),"")
A7: 宿迁兆科 | B7: 2026-03 | C7: =SUMIFS(清洗后明细!M:M,清洗后明细!A:A,"2026-03",清洗后明细!E:E,"宿迁兆科",清洗后明细!D:D,"人机") | D7: =SUMIFS(清洗后明细!N:N,清洗后明细!A:A,"2026-03",清洗后明细!E:E,"宿迁兆科",清洗后明细!D:D,"人机") | E7: =IF(SUMIFS(清洗后明细!M:M,清洗后明细!A:A,"2026-03",清洗后明细!E:E,"宿迁兆科",清洗后明细!D:D,"人机")>0,SUMIFS(清洗后明细!M:M,清洗后明细!A:A,"2026-03",清洗后明细!E:E,"宿迁兆科",清洗后明细!D:D,"人机")/SUMIFS(清洗后明细!N:N,清洗后明细!A:A,"2026-03",清洗后明细!E:E,"宿迁兆科",清洗后明细!D:D,"人机"),"") | F7: =IF(SUMIFS(清洗后明细!M:M,清洗后明细!A:A,"2026-03",清洗后明细!E:E,"宿迁兆科",清洗后明细!D:D,"人机")>0,SUMIFS(清洗后明细!M:M,清洗后明细!A:A,"2026-03",清洗后明细!E:E,"宿迁兆科",清洗后明细!D:D,"人机")/SUMIFS(清洗后明细!N:N,清洗后明细!A:A,"2026-03",清洗后明细!E:E,"宿迁兆科",清洗后明细!D:D,"人机")*0.7,"") | G7: =IF(SUMIFS(清洗后明细!L:L,清洗后明细!A:A,"2026-03",清洗后明细!E:E,"宿迁兆科",清洗后明细!D:D,"人机")>0,SUMIFS(清洗后明细!I:I,清洗后明细!A:A,"2026-03",清洗后明细!E:E,"宿迁兆科",清洗后明细!D:D,"人机")/SUMIFS(清洗后明细!L:L,清洗后明细!A:A,"2026-03",清洗后明细!E:E,"宿迁兆科",清洗后明细!D:D,"人机")*100,"") | H7: =IF(SUMIFS(清洗后明细!F:F,清洗后明细!A:A,"2026-03",清洗后明细!E:E,"宿迁兆科",清洗后明细!D:D,"人机")>0,SUMIFS(清洗后明细!G:G,清洗后明细!A:A,"2026-03",清洗后明细!E:E,"宿迁兆科",清洗后明细!D:D,"人机")/SUMIFS(清洗后明细!F:F,清洗后明细!A:A,"2026-03",清洗后明细!E:E,"宿迁兆科",清洗后明细!D:D,"人机")*100,"") | I7: =IF(SUMIFS(清洗后明细!G:G,清洗后明细!A:A,"2026-03",清洗后明细!E:E,"宿迁兆科",清洗后明细!D:D,"人机")>0,SUMIFS(清洗后明细!H:H,清洗后明细!A:A,"2026-03",清洗后明细!E:E,"宿迁兆科",清洗后明细!D:D,"人机")/SUMIFS(清洗后明细!G:G,清洗后明细!A:A,"2026-03",清洗后明细!E:E,"宿迁兆科",清洗后明细!D:D,"人机"),"")
A8: 宿迁兆科 | B8: 2026-04 | C8: =SUMIFS(清洗后明细!M:M,清洗后明细!A:A,"2026-04",清洗后明细!E:E,"宿迁兆科",清洗后明细!D:D,"人机") | D8: =SUMIFS(清洗后明细!N:N,清洗后明细!A:A,"2026-04",清洗后明细!E:E,"宿迁兆科",清洗后明细!D:D,"人机") | E8: =IF(SUMIFS(清洗后明细!M:M,清洗后明细!A:A,"2026-04",清洗后明细!E:E,"宿迁兆科",清洗后明细!D:D,"人机")>0,SUMIFS(清洗后明细!M:M,清洗后明细!A:A,"2026-04",清洗后明细!E:E,"宿迁兆科",清洗后明细!D:D,"人机")/SUMIFS(清洗后明细!N:N,清洗后明细!A:A,"2026-04",清洗后明细!E:E,"宿迁兆科",清洗后明细!D:D,"人机"),"") | F8: =IF(SUMIFS(清洗后明细!M:M,清洗后明细!A:A,"2026-04",清洗后明细!E:E,"宿迁兆科",清洗后明细!D:D,"人机")>0,SUMIFS(清洗后明细!M:M,清洗后明细!A:A,"2026-04",清洗后明细!E:E,"宿迁兆科",清洗后明细!D:D,"人机")/SUMIFS(清洗后明细!N:N,清洗后明细!A:A,"2026-04",清洗后明细!E:E,"宿迁兆科",清洗后明细!D:D,"人机")*0.7,"") | G8: =IF(SUMIFS(清洗后明细!L:L,清洗后明细!A:A,"2026-04",清洗后明细!E:E,"宿迁兆科",清洗后明细!D:D,"人机")>0,SUMIFS(清洗后明细!I:I,清洗后明细!A:A,"2026-04",清洗后明细!E:E,"宿迁兆科",清洗后明细!D:D,"人机")/SUMIFS(清洗后明细!L:L,清洗后明细!A:A,"2026-04",清洗后明细!E:E,"宿迁兆科",清洗后明细!D:D,"人机")*100,"") | H8: =IF(SUMIFS(清洗后明细!F:F,清洗后明细!A:A,"2026-04",清洗后明细!E:E,"宿迁兆科",清洗后明细!D:D,"人机")>0,SUMIFS(清洗后明细!G:G,清洗后明细!A:A,"2026-04",清洗后明细!E:E,"宿迁兆科",清洗后明细!D:D,"人机")/SUMIFS(清洗后明细!F:F,清洗后明细!A:A,"2026-04",清洗后明细!E:E,"宿迁兆科",清洗后明细!D:D,"人机")*100,"") | I8: =IF(SUMIFS(清洗后明细!G:G,清洗后明细!A:A,"2026-04",清洗后明细!E:E,"宿迁兆科",清洗后明细!D:D,"人机")>0,SUMIFS(清洗后明细!H:H,清洗后明细!A:A,"2026-04",清洗后明细!E:E,"宿迁兆科",清洗后明细!D:D,"人机")/SUMIFS(清洗后明细!G:G,清洗后明细!A:A,"2026-04",清洗后明细!E:E,"宿迁兆科",清洗后明细!D:D,"人机"),"")
A9: 宿迁兆科 | B9: 2026-05 | C9: =SUMIFS(清洗后明细!M:M,清洗后明细!A:A,"2026-05",清洗后明细!E:E,"宿迁兆科",清洗后明细!D:D,"人机") | D9: =SUMIFS(清洗后明细!N:N,清洗后明细!A:A,"2026-05",清洗后明细!E:E,"宿迁兆科",清洗后明细!D:D,"人机") | E9: =IF(SUMIFS(清洗后明细!M:M,清洗后明细!A:A,"2026-05",清洗后明细!E:E,"宿迁兆科",清洗后明细!D:D,"人机")>0,SUMIFS(清洗后明细!M:M,清洗后明细!A:A,"2026-05",清洗后明细!E:E,"宿迁兆科",清洗后明细!D:D,"人机")/SUMIFS(清洗后明细!N:N,清洗后明细!A:A,"2026-05",清洗后明细!E:E,"宿迁兆科",清洗后明细!D:D,"人机"),"") | F9: =IF(SUMIFS(清洗后明细!M:M,清洗后明细!A:A,"2026-05",清洗后明细!E:E,"宿迁兆科",清洗后明细!D:D,"人机")>0,SUMIFS(清洗后明细!M:M,清洗后明细!A:A,"2026-05",清洗后明细!E:E,"宿迁兆科",清洗后明细!D:D,"人机")/SUMIFS(清洗后明细!N:N,清洗后明细!A:A,"2026-05",清洗后明细!E:E,"宿迁兆科",清洗后明细!D:D,"人机")*0.7,"") | G9: =IF(SUMIFS(清洗后明细!L:L,清洗后明细!A:A,"2026-05",清洗后明细!E:E,"宿迁兆科",清洗后明细!D:D,"人机")>0,SUMIFS(清洗后明细!I:I,清洗后明细!A:A,"2026-05",清洗后明细!E:E,"宿迁兆科",清洗后明细!D:D,"人机")/SUMIFS(清洗后明细!L:L,清洗后明细!A:A,"2026-05",清洗后明细!E:E,"宿迁兆科",清洗后明细!D:D,"人机")*100,"") | H9: =IF(SUMIFS(清洗后明细!F:F,清洗后明细!A:A,"2026-05",清洗后明细!E:E,"宿迁兆科",清洗后明细!D:D,"人机")>0,SUMIFS(清洗后明细!G:G,清洗后明细!A:A,"2026-05",清洗后明细!E:E,"宿迁兆科",清洗后明细!D:D,"人机")/SUMIFS(清洗后明细!F:F,清洗后明细!A:A,"2026-05",清洗后明细!E:E,"宿迁兆科",清洗后明细!D:D,"人机")*100,"") | I9: =IF(SUMIFS(清洗后明细!G:G,清洗后明细!A:A,"2026-05",清洗后明细!E:E,"宿迁兆科",清洗后明细!D:D,"人机")>0,SUMIFS(清洗后明细!H:H,清洗后明细!A:A,"2026-05",清洗后明细!E:E,"宿迁兆科",清洗后明细!D:D,"人机")/SUMIFS(清洗后明细!G:G,清洗后明细!A:A,"2026-05",清洗后明细!E:E,"宿迁兆科",清洗后明细!D:D,"人机"),"")
A10: 宿迁兆科 | B10: 2026-06 | C10: =SUMIFS(清洗后明细!M:M,清洗后明细!A:A,"2026-06",清洗后明细!E:E,"宿迁兆科",清洗后明细!D:D,"人机") | D10: =SUMIFS(清洗后明细!N:N,清洗后明细!A:A,"2026-06",清洗后明细!E:E,"宿迁兆科",清洗后明细!D:D,"人机") | E10: =IF(SUMIFS(清洗后明细!M:M,清洗后明细!A:A,"2026-06",清洗后明细!E:E,"宿迁兆科",清洗后明细!D:D,"人机")>0,SUMIFS(清洗后明细!M:M,清洗后明细!A:A,"2026-06",清洗后明细!E:E,"宿迁兆科",清洗后明细!D:D,"人机")/SUMIFS(清洗后明细!N:N,清洗后明细!A:A,"2026-06",清洗后明细!E:E,"宿迁兆科",清洗后明细!D:D,"人机"),"") | F10: =IF(SUMIFS(清洗后明细!M:M,清洗后明细!A:A,"2026-06",清洗后明细!E:E,"宿迁兆科",清洗后明细!D:D,"人机")>0,SUMIFS(清洗后明细!M:M,清洗后明细!A:A,"2026-06",清洗后明细!E:E,"宿迁兆科",清洗后明细!D:D,"人机")/SUMIFS(清洗后明细!N:N,清洗后明细!A:A,"2026-06",清洗后明细!E:E,"宿迁兆科",清洗后明细!D:D,"人机")*0.7,"") | G10: =IF(SUMIFS(清洗后明细!L:L,清洗后明细!A:A,"2026-06",清洗后明细!E:E,"宿迁兆科",清洗后明细!D:D,"人机")>0,SUMIFS(清洗后明细!I:I,清洗后明细!A:A,"2026-06",清洗后明细!E:E,"宿迁兆科",清洗后明细!D:D,"人机")/SUMIFS(清洗后明细!L:L,清洗后明细!A:A,"2026-06",清洗后明细!E:E,"宿迁兆科",清洗后明细!D:D,"人机")*100,"") | H10: =IF(SUMIFS(清洗后明细!F:F,清洗后明细!A:A,"2026-06",清洗后明细!E:E,"宿迁兆科",清洗后明细!D:D,"人机")>0,SUMIFS(清洗后明细!G:G,清洗后明细!A:A,"2026-06",清洗后明细!E:E,"宿迁兆科",清洗后明细!D:D,"人机")/SUMIFS(清洗后明细!F:F,清洗后明细!A:A,"2026-06",清洗后明细!E:E,"宿迁兆科",清洗后明细!D:D,"人机")*100,"") | I10: =IF(SUMIFS(清洗后明细!G:G,清洗后明细!A:A,"2026-06",清洗后明细!E:E,"宿迁兆科",清洗后明细!D:D,"人机")>0,SUMIFS(清洗后明细!H:H,清洗后明细!A:A,"2026-06",清洗后明细!E:E,"宿迁兆科",清洗后明细!D:D,"人机")/SUMIFS(清洗后明细!G:G,清洗后明细!A:A,"2026-06",清洗后明细!E:E,"宿迁兆科",清洗后明细!D:D,"人机"),"")
A11: 赛维斯 | B11: 2025-12 | C11: =SUMIFS(清洗后明细!M:M,清洗后明细!A:A,"2025-12",清洗后明细!E:E,"赛维斯",清洗后明细!D:D,"人机") | D11: =SUMIFS(清洗后明细!N:N,清洗后明细!A:A,"2025-12",清洗后明细!E:E,"赛维斯",清洗后明细!D:D,"人机") | E11: =IF(SUMIFS(清洗后明细!M:M,清洗后明细!A:A,"2025-12",清洗后明细!E:E,"赛维斯",清洗后明细!D:D,"人机")>0,SUMIFS(清洗后明细!M:M,清洗后明细!A:A,"2025-12",清洗后明细!E:E,"赛维斯",清洗后明细!D:D,"人机")/SUMIFS(清洗后明细!N:N,清洗后明细!A:A,"2025-12",清洗后明细!E:E,"赛维斯",清洗后明细!D:D,"人机"),"") | F11: =IF(SUMIFS(清洗后明细!M:M,清洗后明细!A:A,"2025-12",清洗后明细!E:E,"赛维斯",清洗后明细!D:D,"人机")>0,SUMIFS(清洗后明细!M:M,清洗后明细!A:A,"2025-12",清洗后明细!E:E,"赛维斯",清洗后明细!D:D,"人机")/SUMIFS(清洗后明细!N:N,清洗后明细!A:A,"2025-12",清洗后明细!E:E,"赛维斯",清洗后明细!D:D,"人机")*0.7,"") | G11: =IF(SUMIFS(清洗后明细!L:L,清洗后明细!A:A,"2025-12",清洗后明细!E:E,"赛维斯",清洗后明细!D:D,"人机")>0,SUMIFS(清洗后明细!I:I,清洗后明细!A:A,"2025-12",清洗后明细!E:E,"赛维斯",清洗后明细!D:D,"人机")/SUMIFS(清洗后明细!L:L,清洗后明细!A:A,"2025-12",清洗后明细!E:E,"赛维斯",清洗后明细!D:D,"人机")*100,"") | H11: =IF(SUMIFS(清洗后明细!F:F,清洗后明细!A:A,"2025-12",清洗后明细!E:E,"赛维斯",清洗后明细!D:D,"人机")>0,SUMIFS(清洗后明细!G:G,清洗后明细!A:A,"2025-12",清洗后明细!E:E,"赛维斯",清洗后明细!D:D,"人机")/SUMIFS(清洗后明细!F:F,清洗后明细!A:A,"2025-12",清洗后明细!E:E,"赛维斯",清洗后明细!D:D,"人机")*100,"") | I11: =IF(SUMIFS(清洗后明细!G:G,清洗后明细!A:A,"2025-12",清洗后明细!E:E,"赛维斯",清洗后明细!D:D,"人机")>0,SUMIFS(清洗后明细!H:H,清洗后明细!A:A,"2025-12",清洗后明细!E:E,"赛维斯",清洗后明细!D:D,"人机")/SUMIFS(清洗后明细!G:G,清洗后明细!A:A,"2025-12",清洗后明细!E:E,"赛维斯",清洗后明细!D:D,"人机"),"")
A12: 赛维斯 | B12: 2026-01 | C12: =SUMIFS(清洗后明细!M:M,清洗后明细!A:A,"2026-01",清洗后明细!E:E,"赛维斯",清洗后明细!D:D,"人机") | D12: =SUMIFS(清洗后明细!N:N,清洗后明细!A:A,"2026-01",清洗后明细!E:E,"赛维斯",清洗后明细!D:D,"人机") | E12: =IF(SUMIFS(清洗后明细!M:M,清洗后明细!A:A,"2026-01",清洗后明细!E:E,"赛维斯",清洗后明细!D:D,"人机")>0,SUMIFS(清洗后明细!M:M,清洗后明细!A:A,"2026-01",清洗后明细!E:E,"赛维斯",清洗后明细!D:D,"人机")/SUMIFS(清洗后明细!N:N,清洗后明细!A:A,"2026-01",清洗后明细!E:E,"赛维斯",清洗后明细!D:D,"人机"),"") | F12: =IF(SUMIFS(清洗后明细!M:M,清洗后明细!A:A,"2026-01",清洗后明细!E:E,"赛维斯",清洗后明细!D:D,"人机")>0,SUMIFS(清洗后明细!M:M,清洗后明细!A:A,"2026-01",清洗后明细!E:E,"赛维斯",清洗后明细!D:D,"人机")/SUMIFS(清洗后明细!N:N,清洗后明细!A:A,"2026-01",清洗后明细!E:E,"赛维斯",清洗后明细!D:D,"人机")*0.7,"") | G12: =IF(SUMIFS(清洗后明细!L:L,清洗后明细!A:A,"2026-01",清洗后明细!E:E,"赛维斯",清洗后明细!D:D,"人机")>0,SUMIFS(清洗后明细!I:I,清洗后明细!A:A,"2026-01",清洗后明细!E:E,"赛维斯",清洗后明细!D:D,"人机")/SUMIFS(清洗后明细!L:L,清洗后明细!A:A,"2026-01",清洗后明细!E:E,"赛维斯",清洗后明细!D:D,"人机")*100,"") | H12: =IF(SUMIFS(清洗后明细!F:F,清洗后明细!A:A,"2026-01",清洗后明细!E:E,"赛维斯",清洗后明细!D:D,"人机")>0,SUMIFS(清洗后明细!G:G,清洗后明细!A:A,"2026-01",清洗后明细!E:E,"赛维斯",清洗后明细!D:D,"人机")/SUMIFS(清洗后明细!F:F,清洗后明细!A:A,"2026-01",清洗后明细!E:E,"赛维斯",清洗后明细!D:D,"人机")*100,"") | I12: =IF(SUMIFS(清洗后明细!G:G,清洗后明细!A:A,"2026-01",清洗后明细!E:E,"赛维斯",清洗后明细!D:D,"人机")>0,SUMIFS(清洗后明细!H:H,清洗后明细!A:A,"2026-01",清洗后明细!E:E,"赛维斯",清洗后明细!D:D,"人机")/SUMIFS(清洗后明细!G:G,清洗后明细!A:A,"2026-01",清洗后明细!E:E,"赛维斯",清洗后明细!D:D,"人机"),"")
A13: 赛维斯 | B13: 2026-02 | C13: =SUMIFS(清洗后明细!M:M,清洗后明细!A:A,"2026-02",清洗后明细!E:E,"赛维斯",清洗后明细!D:D,"人机") | D13: =SUMIFS(清洗后明细!N:N,清洗后明细!A:A,"2026-02",清洗后明细!E:E,"赛维斯",清洗后明细!D:D,"人机") | E13: =IF(SUMIFS(清洗后明细!M:M,清洗后明细!A:A,"2026-02",清洗后明细!E:E,"赛维斯",清洗后明细!D:D,"人机")>0,SUMIFS(清洗后明细!M:M,清洗后明细!A:A,"2026-02",清洗后明细!E:E,"赛维斯",清洗后明细!D:D,"人机")/SUMIFS(清洗后明细!N:N,清洗后明细!A:A,"2026-02",清洗后明细!E:E,"赛维斯",清洗后明细!D:D,"人机"),"") | F13: =IF(SUMIFS(清洗后明细!M:M,清洗后明细!A:A,"2026-02",清洗后明细!E:E,"赛维斯",清洗后明细!D:D,"人机")>0,SUMIFS(清洗后明细!M:M,清洗后明细!A:A,"2026-02",清洗后明细!E:E,"赛维斯",清洗后明细!D:D,"人机")/SUMIFS(清洗后明细!N:N,清洗后明细!A:A,"2026-02",清洗后明细!E:E,"赛维斯",清洗后明细!D:D,"人机")*0.7,"") | G13: =IF(SUMIFS(清洗后明细!L:L,清洗后明细!A:A,"2026-02",清洗后明细!E:E,"赛维斯",清洗后明细!D:D,"人机")>0,SUMIFS(清洗后明细!I:I,清洗后明细!A:A,"2026-02",清洗后明细!E:E,"赛维斯",清洗后明细!D:D,"人机")/SUMIFS(清洗后明细!L:L,清洗后明细!A:A,"2026-02",清洗后明细!E:E,"赛维斯",清洗后明细!D:D,"人机")*100,"") | H13: =IF(SUMIFS(清洗后明细!F:F,清洗后明细!A:A,"2026-02",清洗后明细!E:E,"赛维斯",清洗后明细!D:D,"人机")>0,SUMIFS(清洗后明细!G:G,清洗后明细!A:A,"2026-02",清洗后明细!E:E,"赛维斯",清洗后明细!D:D,"人机")/SUMIFS(清洗后明细!F:F,清洗后明细!A:A,"2026-02",清洗后明细!E:E,"赛维斯",清洗后明细!D:D,"人机")*100,"") | I13: =IF(SUMIFS(清洗后明细!G:G,清洗后明细!A:A,"2026-02",清洗后明细!E:E,"赛维斯",清洗后明细!D:D,"人机")>0,SUMIFS(清洗后明细!H:H,清洗后明细!A:A,"2026-02",清洗后明细!E:E,"赛维斯",清洗后明细!D:D,"人机")/SUMIFS(清洗后明细!G:G,清洗后明细!A:A,"2026-02",清洗后明细!E:E,"赛维斯",清洗后明细!D:D,"人机"),"")
A14: 赛维斯 | B14: 2026-03 | C14: =SUMIFS(清洗后明细!M:M,清洗后明细!A:A,"2026-03",清洗后明细!E:E,"赛维斯",清洗后明细!D:D,"人机") | D14: =SUMIFS(清洗后明细!N:N,清洗后明细!A:A,"2026-03",清洗后明细!E:E,"赛维斯",清洗后明细!D:D,"人机") | E14: =IF(SUMIFS(清洗后明细!M:M,清洗后明细!A:A,"2026-03",清洗后明细!E:E,"赛维斯",清洗后明细!D:D,"人机")>0,SUMIFS(清洗后明细!M:M,清洗后明细!A:A,"2026-03",清洗后明细!E:E,"赛维斯",清洗后明细!D:D,"人机")/SUMIFS(清洗后明细!N:N,清洗后明细!A:A,"2026-03",清洗后明细!E:E,"赛维斯",清洗后明细!D:D,"人机"),"") | F14: =IF(SUMIFS(清洗后明细!M:M,清洗后明细!A:A,"2026-03",清洗后明细!E:E,"赛维斯",清洗后明细!D:D,"人机")>0,SUMIFS(清洗后明细!M:M,清洗后明细!A:A,"2026-03",清洗后明细!E:E,"赛维斯",清洗后明细!D:D,"人机")/SUMIFS(清洗后明细!N:N,清洗后明细!A:A,"2026-03",清洗后明细!E:E,"赛维斯",清洗后明细!D:D,"人机")*0.7,"") | G14: =IF(SUMIFS(清洗后明细!L:L,清洗后明细!A:A,"2026-03",清洗后明细!E:E,"赛维斯",清洗后明细!D:D,"人机")>0,SUMIFS(清洗后明细!I:I,清洗后明细!A:A,"2026-03",清洗后明细!E:E,"赛维斯",清洗后明细!D:D,"人机")/SUMIFS(清洗后明细!L:L,清洗后明细!A:A,"2026-03",清洗后明细!E:E,"赛维斯",清洗后明细!D:D,"人机")*100,"") | H14: =IF(SUMIFS(清洗后明细!F:F,清洗后明细!A:A,"2026-03",清洗后明细!E:E,"赛维斯",清洗后明细!D:D,"人机")>0,SUMIFS(清洗后明细!G:G,清洗后明细!A:A,"2026-03",清洗后明细!E:E,"赛维斯",清洗后明细!D:D,"人机")/SUMIFS(清洗后明细!F:F,清洗后明细!A:A,"2026-03",清洗后明细!E:E,"赛维斯",清洗后明细!D:D,"人机")*100,"") | I14: =IF(SUMIFS(清洗后明细!G:G,清洗后明细!A:A,"2026-03",清洗后明细!E:E,"赛维斯",清洗后明细!D:D,"人机")>0,SUMIFS(清洗后明细!H:H,清洗后明细!A:A,"2026-03",清洗后明细!E:E,"赛维斯",清洗后明细!D:D,"人机")/SUMIFS(清洗后明细!G:G,清洗后明细!A:A,"2026-03",清洗后明细!E:E,"赛维斯",清洗后明细!D:D,"人机"),"")
A15: 赛维斯 | B15: 2026-04 | C15: =SUMIFS(清洗后明细!M:M,清洗后明细!A:A,"2026-04",清洗后明细!E:E,"赛维斯",清洗后明细!D:D,"人机") | D15: =SUMIFS(清洗后明细!N:N,清洗后明细!A:A,"2026-04",清洗后明细!E:E,"赛维斯",清洗后明细!D:D,"人机") | E15: =IF(SUMIFS(清洗后明细!M:M,清洗后明细!A:A,"2026-04",清洗后明细!E:E,"赛维斯",清洗后明细!D:D,"人机")>0,SUMIFS(清洗后明细!M:M,清洗后明细!A:A,"2026-04",清洗后明细!E:E,"赛维斯",清洗后明细!D:D,"人机")/SUMIFS(清洗后明细!N:N,清洗后明细!A:A,"2026-04",清洗后明细!E:E,"赛维斯",清洗后明细!D:D,"人机"),"") | F15: =IF(SUMIFS(清洗后明细!M:M,清洗后明细!A:A,"2026-04",清洗后明细!E:E,"赛维斯",清洗后明细!D:D,"人机")>0,SUMIFS(清洗后明细!M:M,清洗后明细!A:A,"2026-04",清洗后明细!E:E,"赛维斯",清洗后明细!D:D,"人机")/SUMIFS(清洗后明细!N:N,清洗后明细!A:A,"2026-04",清洗后明细!E:E,"赛维斯",清洗后明细!D:D,"人机")*0.7,"") | G15: =IF(SUMIFS(清洗后明细!L:L,清洗后明细!A:A,"2026-04",清洗后明细!E:E,"赛维斯",清洗后明细!D:D,"人机")>0,SUMIFS(清洗后明细!I:I,清洗后明细!A:A,"2026-04",清洗后明细!E:E,"赛维斯",清洗后明细!D:D,"人机")/SUMIFS(清洗后明细!L:L,清洗后明细!A:A,"2026-04",清洗后明细!E:E,"赛维斯",清洗后明细!D:D,"人机")*100,"") | H15: =IF(SUMIFS(清洗后明细!F:F,清洗后明细!A:A,"2026-04",清洗后明细!E:E,"赛维斯",清洗后明细!D:D,"人机")>0,SUMIFS(清洗后明细!G:G,清洗后明细!A:A,"2026-04",清洗后明细!E:E,"赛维斯",清洗后明细!D:D,"人机")/SUMIFS(清洗后明细!F:F,清洗后明细!A:A,"2026-04",清洗后明细!E:E,"赛维斯",清洗后明细!D:D,"人机")*100,"") | I15: =IF(SUMIFS(清洗后明细!G:G,清洗后明细!A:A,"2026-04",清洗后明细!E:E,"赛维斯",清洗后明细!D:D,"人机")>0,SUMIFS(清洗后明细!H:H,清洗后明细!A:A,"2026-04",清洗后明细!E:E,"赛维斯",清洗后明细!D:D,"人机")/SUMIFS(清洗后明细!G:G,清洗后明细!A:A,"2026-04",清洗后明细!E:E,"赛维斯",清洗后明细!D:D,"人机"),"")
A16: 赛维斯 | B16: 2026-05 | C16: =SUMIFS(清洗后明细!M:M,清洗后明细!A:A,"2026-05",清洗后明细!E:E,"赛维斯",清洗后明细!D:D,"人机") | D16: =SUMIFS(清洗后明细!N:N,清洗后明细!A:A,"2026-05",清洗后明细!E:E,"赛维斯",清洗后明细!D:D,"人机") | E16: =IF(SUMIFS(清洗后明细!M:M,清洗后明细!A:A,"2026-05",清洗后明细!E:E,"赛维斯",清洗后明细!D:D,"人机")>0,SUMIFS(清洗后明细!M:M,清洗后明细!A:A,"2026-05",清洗后明细!E:E,"赛维斯",清洗后明细!D:D,"人机")/SUMIFS(清洗后明细!N:N,清洗后明细!A:A,"2026-05",清洗后明细!E:E,"赛维斯",清洗后明细!D:D,"人机"),"") | F16: =IF(SUMIFS(清洗后明细!M:M,清洗后明细!A:A,"2026-05",清洗后明细!E:E,"赛维斯",清洗后明细!D:D,"人机")>0,SUMIFS(清洗后明细!M:M,清洗后明细!A:A,"2026-05",清洗后明细!E:E,"赛维斯",清洗后明细!D:D,"人机")/SUMIFS(清洗后明细!N:N,清洗后明细!A:A,"2026-05",清洗后明细!E:E,"赛维斯",清洗后明细!D:D,"人机")*0.7,"") | G16: =IF(SUMIFS(清洗后明细!L:L,清洗后明细!A:A,"2026-05",清洗后明细!E:E,"赛维斯",清洗后明细!D:D,"人机")>0,SUMIFS(清洗后明细!I:I,清洗后明细!A:A,"2026-05",清洗后明细!E:E,"赛维斯",清洗后明细!D:D,"人机")/SUMIFS(清洗后明细!L:L,清洗后明细!A:A,"2026-05",清洗后明细!E:E,"赛维斯",清洗后明细!D:D,"人机")*100,"") | H16: =IF(SUMIFS(清洗后明细!F:F,清洗后明细!A:A,"2026-05",清洗后明细!E:E,"赛维斯",清洗后明细!D:D,"人机")>0,SUMIFS(清洗后明细!G:G,清洗后明细!A:A,"2026-05",清洗后明细!E:E,"赛维斯",清洗后明细!D:D,"人机")/SUMIFS(清洗后明细!F:F,清洗后明细!A:A,"2026-05",清洗后明细!E:E,"赛维斯",清洗后明细!D:D,"人机")*100,"") | I16: =IF(SUMIFS(清洗后明细!G:G,清洗后明细!A:A,"2026-05",清洗后明细!E:E,"赛维斯",清洗后明细!D:D,"人机")>0,SUMIFS(清洗后明细!H:H,清洗后明细!A:A,"2026-05",清洗后明细!E:E,"赛维斯",清洗后明细!D:D,"人机")/SUMIFS(清洗后明细!G:G,清洗后明细!A:A,"2026-05",清洗后明细!E:E,"赛维斯",清洗后明细!D:D,"人机"),"")
A17: 赛维斯 | B17: 2026-06 | C17: =SUMIFS(清洗后明细!M:M,清洗后明细!A:A,"2026-06",清洗后明细!E:E,"赛维斯",清洗后明细!D:D,"人机") | D17: =SUMIFS(清洗后明细!N:N,清洗后明细!A:A,"2026-06",清洗后明细!E:E,"赛维斯",清洗后明细!D:D,"人机") | E17: =IF(SUMIFS(清洗后明细!M:M,清洗后明细!A:A,"2026-06",清洗后明细!E:E,"赛维斯",清洗后明细!D:D,"人机")>0,SUMIFS(清洗后明细!M:M,清洗后明细!A:A,"2026-06",清洗后明细!E:E,"赛维斯",清洗后明细!D:D,"人机")/SUMIFS(清洗后明细!N:N,清洗后明细!A:A,"2026-06",清洗后明细!E:E,"赛维斯",清洗后明细!D:D,"人机"),"") | F17: =IF(SUMIFS(清洗后明细!M:M,清洗后明细!A:A,"2026-06",清洗后明细!E:E,"赛维斯",清洗后明细!D:D,"人机")>0,SUMIFS(清洗后明细!M:M,清洗后明细!A:A,"2026-06",清洗后明细!E:E,"赛维斯",清洗后明细!D:D,"人机")/SUMIFS(清洗后明细!N:N,清洗后明细!A:A,"2026-06",清洗后明细!E:E,"赛维斯",清洗后明细!D:D,"人机")*0.7,"") | G17: =IF(SUMIFS(清洗后明细!L:L,清洗后明细!A:A,"2026-06",清洗后明细!E:E,"赛维斯",清洗后明细!D:D,"人机")>0,SUMIFS(清洗后明细!I:I,清洗后明细!A:A,"2026-06",清洗后明细!E:E,"赛维斯",清洗后明细!D:D,"人机")/SUMIFS(清洗后明细!L:L,清洗后明细!A:A,"2026-06",清洗后明细!E:E,"赛维斯",清洗后明细!D:D,"人机")*100,"") | H17: =IF(SUMIFS(清洗后明细!F:F,清洗后明细!A:A,"2026-06",清洗后明细!E:E,"赛维斯",清洗后明细!D:D,"人机")>0,SUMIFS(清洗后明细!G:G,清洗后明细!A:A,"2026-06",清洗后明细!E:E,"赛维斯",清洗后明细!D:D,"人机")/SUMIFS(清洗后明细!F:F,清洗后明细!A:A,"2026-06",清洗后明细!E:E,"赛维斯",清洗后明细!D:D,"人机")*100,"") | I17: =IF(SUMIFS(清洗后明细!G:G,清洗后明细!A:A,"2026-06",清洗后明细!E:E,"赛维斯",清洗后明细!D:D,"人机")>0,SUMIFS(清洗后明细!H:H,清洗后明细!A:A,"2026-06",清洗后明细!E:E,"赛维斯",清洗后明细!D:D,"人机")/SUMIFS(清洗后明细!G:G,清洗后明细!A:A,"2026-06",清洗后明细!E:E,"赛维斯",清洗后明细!D:D,"人机"),"")
A18: 零犀 | B18: 2025-12 | C18: =SUMIFS(清洗后明细!M:M,清洗后明细!A:A,"2025-12",清洗后明细!E:E,"零犀",清洗后明细!D:D,"人机") | D18: =SUMIFS(清洗后明细!N:N,清洗后明细!A:A,"2025-12",清洗后明细!E:E,"零犀",清洗后明细!D:D,"人机") | E18: =IF(SUMIFS(清洗后明细!M:M,清洗后明细!A:A,"2025-12",清洗后明细!E:E,"零犀",清洗后明细!D:D,"人机")>0,SUMIFS(清洗后明细!M:M,清洗后明细!A:A,"2025-12",清洗后明细!E:E,"零犀",清洗后明细!D:D,"人机")/SUMIFS(清洗后明细!N:N,清洗后明细!A:A,"2025-12",清洗后明细!E:E,"零犀",清洗后明细!D:D,"人机"),"") | F18: =IF(SUMIFS(清洗后明细!M:M,清洗后明细!A:A,"2025-12",清洗后明细!E:E,"零犀",清洗后明细!D:D,"人机")>0,SUMIFS(清洗后明细!M:M,清洗后明细!A:A,"2025-12",清洗后明细!E:E,"零犀",清洗后明细!D:D,"人机")/SUMIFS(清洗后明细!N:N,清洗后明细!A:A,"2025-12",清洗后明细!E:E,"零犀",清洗后明细!D:D,"人机")*0.7,"") | G18: =IF(SUMIFS(清洗后明细!L:L,清洗后明细!A:A,"2025-12",清洗后明细!E:E,"零犀",清洗后明细!D:D,"人机")>0,SUMIFS(清洗后明细!I:I,清洗后明细!A:A,"2025-12",清洗后明细!E:E,"零犀",清洗后明细!D:D,"人机")/SUMIFS(清洗后明细!L:L,清洗后明细!A:A,"2025-12",清洗后明细!E:E,"零犀",清洗后明细!D:D,"人机")*100,"") | H18: =IF(SUMIFS(清洗后明细!F:F,清洗后明细!A:A,"2025-12",清洗后明细!E:E,"零犀",清洗后明细!D:D,"人机")>0,SUMIFS(清洗后明细!G:G,清洗后明细!A:A,"2025-12",清洗后明细!E:E,"零犀",清洗后明细!D:D,"人机")/SUMIFS(清洗后明细!F:F,清洗后明细!A:A,"2025-12",清洗后明细!E:E,"零犀",清洗后明细!D:D,"人机")*100,"") | I18: =IF(SUMIFS(清洗后明细!G:G,清洗后明细!A:A,"2025-12",清洗后明细!E:E,"零犀",清洗后明细!D:D,"人机")>0,SUMIFS(清洗后明细!H:H,清洗后明细!A:A,"2025-12",清洗后明细!E:E,"零犀",清洗后明细!D:D,"人机")/SUMIFS(清洗后明细!G:G,清洗后明细!A:A,"2025-12",清洗后明细!E:E,"零犀",清洗后明细!D:D,"人机"),"")
A19: 零犀 | B19: 2026-01 | C19: =SUMIFS(清洗后明细!M:M,清洗后明细!A:A,"2026-01",清洗后明细!E:E,"零犀",清洗后明细!D:D,"人机") | D19: =SUMIFS(清洗后明细!N:N,清洗后明细!A:A,"2026-01",清洗后明细!E:E,"零犀",清洗后明细!D:D,"人机") | E19: =IF(SUMIFS(清洗后明细!M:M,清洗后明细!A:A,"2026-01",清洗后明细!E:E,"零犀",清洗后明细!D:D,"人机")>0,SUMIFS(清洗后明细!M:M,清洗后明细!A:A,"2026-01",清洗后明细!E:E,"零犀",清洗后明细!D:D,"人机")/SUMIFS(清洗后明细!N:N,清洗后明细!A:A,"2026-01",清洗后明细!E:E,"零犀",清洗后明细!D:D,"人机"),"") | F19: =IF(SUMIFS(清洗后明细!M:M,清洗后明细!A:A,"2026-01",清洗后明细!E:E,"零犀",清洗后明细!D:D,"人机")>0,SUMIFS(清洗后明细!M:M,清洗后明细!A:A,"2026-01",清洗后明细!E:E,"零犀",清洗后明细!D:D,"人机")/SUMIFS(清洗后明细!N:N,清洗后明细!A:A,"2026-01",清洗后明细!E:E,"零犀",清洗后明细!D:D,"人机")*0.7,"") | G19: =IF(SUMIFS(清洗后明细!L:L,清洗后明细!A:A,"2026-01",清洗后明细!E:E,"零犀",清洗后明细!D:D,"人机")>0,SUMIFS(清洗后明细!I:I,清洗后明细!A:A,"2026-01",清洗后明细!E:E,"零犀",清洗后明细!D:D,"人机")/SUMIFS(清洗后明细!L:L,清洗后明细!A:A,"2026-01",清洗后明细!E:E,"零犀",清洗后明细!D:D,"人机")*100,"") | H19: =IF(SUMIFS(清洗后明细!F:F,清洗后明细!A:A,"2026-01",清洗后明细!E:E,"零犀",清洗后明细!D:D,"人机")>0,SUMIFS(清洗后明细!G:G,清洗后明细!A:A,"2026-01",清洗后明细!E:E,"零犀",清洗后明细!D:D,"人机")/SUMIFS(清洗后明细!F:F,清洗后明细!A:A,"2026-01",清洗后明细!E:E,"零犀",清洗后明细!D:D,"人机")*100,"") | I19: =IF(SUMIFS(清洗后明细!G:G,清洗后明细!A:A,"2026-01",清洗后明细!E:E,"零犀",清洗后明细!D:D,"人机")>0,SUMIFS(清洗后明细!H:H,清洗后明细!A:A,"2026-01",清洗后明细!E:E,"零犀",清洗后明细!D:D,"人机")/SUMIFS(清洗后明细!G:G,清洗后明细!A:A,"2026-01",清洗后明细!E:E,"零犀",清洗后明细!D:D,"人机"),"")
A20: 零犀 | B20: 2026-02 | C20: =SUMIFS(清洗后明细!M:M,清洗后明细!A:A,"2026-02",清洗后明细!E:E,"零犀",清洗后明细!D:D,"人机") | D20: =SUMIFS(清洗后明细!N:N,清洗后明细!A:A,"2026-02",清洗后明细!E:E,"零犀",清洗后明细!D:D,"人机") | E20: =IF(SUMIFS(清洗后明细!M:M,清洗后明细!A:A,"2026-02",清洗后明细!E:E,"零犀",清洗后明细!D:D,"人机")>0,SUMIFS(清洗后明细!M:M,清洗后明细!A:A,"2026-02",清洗后明细!E:E,"零犀",清洗后明细!D:D,"人机")/SUMIFS(清洗后明细!N:N,清洗后明细!A:A,"2026-02",清洗后明细!E:E,"零犀",清洗后明细!D:D,"人机"),"") | F20: =IF(SUMIFS(清洗后明细!M:M,清洗后明细!A:A,"2026-02",清洗后明细!E:E,"零犀",清洗后明细!D:D,"人机")>0,SUMIFS(清洗后明细!M:M,清洗后明细!A:A,"2026-02",清洗后明细!E:E,"零犀",清洗后明细!D:D,"人机")/SUMIFS(清洗后明细!N:N,清洗后明细!A:A,"2026-02",清洗后明细!E:E,"零犀",清洗后明细!D:D,"人机")*0.7,"") | G20: =IF(SUMIFS(清洗后明细!L:L,清洗后明细!A:A,"2026-02",清洗后明细!E:E,"零犀",清洗后明细!D:D,"人机")>0,SUMIFS(清洗后明细!I:I,清洗后明细!A:A,"2026-02",清洗后明细!E:E,"零犀",清洗后明细!D:D,"人机")/SUMIFS(清洗后明细!L:L,清洗后明细!A:A,"2026-02",清洗后明细!E:E,"零犀",清洗后明细!D:D,"人机")*100,"") | H20: =IF(SUMIFS(清洗后明细!F:F,清洗后明细!A:A,"2026-02",清洗后明细!E:E,"零犀",清洗后明细!D:D,"人机")>0,SUMIFS(清洗后明细!G:G,清洗后明细!A:A,"2026-02",清洗后明细!E:E,"零犀",清洗后明细!D:D,"人机")/SUMIFS(清洗后明细!F:F,清洗后明细!A:A,"2026-02",清洗后明细!E:E,"零犀",清洗后明细!D:D,"人机")*100,"") | I20: =IF(SUMIFS(清洗后明细!G:G,清洗后明细!A:A,"2026-02",清洗后明细!E:E,"零犀",清洗后明细!D:D,"人机")>0,SUMIFS(清洗后明细!H:H,清洗后明细!A:A,"2026-02",清洗后明细!E:E,"零犀",清洗后明细!D:D,"人机")/SUMIFS(清洗后明细!G:G,清洗后明细!A:A,"2026-02",清洗后明细!E:E,"零犀",清洗后明细!D:D,"人机"),"")
A21: 零犀 | B21: 2026-03 | C21: =SUMIFS(清洗后明细!M:M,清洗后明细!A:A,"2026-03",清洗后明细!E:E,"零犀",清洗后明细!D:D,"人机") | D21: =SUMIFS(清洗后明细!N:N,清洗后明细!A:A,"2026-03",清洗后明细!E:E,"零犀",清洗后明细!D:D,"人机") | E21: =IF(SUMIFS(清洗后明细!M:M,清洗后明细!A:A,"2026-03",清洗后明细!E:E,"零犀",清洗后明细!D:D,"人机")>0,SUMIFS(清洗后明细!M:M,清洗后明细!A:A,"2026-03",清洗后明细!E:E,"零犀",清洗后明细!D:D,"人机")/SUMIFS(清洗后明细!N:N,清洗后明细!A:A,"2026-03",清洗后明细!E:E,"零犀",清洗后明细!D:D,"人机"),"") | F21: =IF(SUMIFS(清洗后明细!M:M,清洗后明细!A:A,"2026-03",清洗后明细!E:E,"零犀",清洗后明细!D:D,"人机")>0,SUMIFS(清洗后明细!M:M,清洗后明细!A:A,"2026-03",清洗后明细!E:E,"零犀",清洗后明细!D:D,"人机")/SUMIFS(清洗后明细!N:N,清洗后明细!A:A,"2026-03",清洗后明细!E:E,"零犀",清洗后明细!D:D,"人机")*0.7,"") | G21: =IF(SUMIFS(清洗后明细!L:L,清洗后明细!A:A,"2026-03",清洗后明细!E:E,"零犀",清洗后明细!D:D,"人机")>0,SUMIFS(清洗后明细!I:I,清洗后明细!A:A,"2026-03",清洗后明细!E:E,"零犀",清洗后明细!D:D,"人机")/SUMIFS(清洗后明细!L:L,清洗后明细!A:A,"2026-03",清洗后明细!E:E,"零犀",清洗后明细!D:D,"人机")*100,"") | H21: =IF(SUMIFS(清洗后明细!F:F,清洗后明细!A:A,"2026-03",清洗后明细!E:E,"零犀",清洗后明细!D:D,"人机")>0,SUMIFS(清洗后明细!G:G,清洗后明细!A:A,"2026-03",清洗后明细!E:E,"零犀",清洗后明细!D:D,"人机")/SUMIFS(清洗后明细!F:F,清洗后明细!A:A,"2026-03",清洗后明细!E:E,"零犀",清洗后明细!D:D,"人机")*100,"") | I21: =IF(SUMIFS(清洗后明细!G:G,清洗后明细!A:A,"2026-03",清洗后明细!E:E,"零犀",清洗后明细!D:D,"人机")>0,SUMIFS(清洗后明细!H:H,清洗后明细!A:A,"2026-03",清洗后明细!E:E,"零犀",清洗后明细!D:D,"人机")/SUMIFS(清洗后明细!G:G,清洗后明细!A:A,"2026-03",清洗后明细!E:E,"零犀",清洗后明细!D:D,"人机"),"")
A22: 零犀 | B22: 2026-04 | C22: =SUMIFS(清洗后明细!M:M,清洗后明细!A:A,"2026-04",清洗后明细!E:E,"零犀",清洗后明细!D:D,"人机") | D22: =SUMIFS(清洗后明细!N:N,清洗后明细!A:A,"2026-04",清洗后明细!E:E,"零犀",清洗后明细!D:D,"人机") | E22: =IF(SUMIFS(清洗后明细!M:M,清洗后明细!A:A,"2026-04",清洗后明细!E:E,"零犀",清洗后明细!D:D,"人机")>0,SUMIFS(清洗后明细!M:M,清洗后明细!A:A,"2026-04",清洗后明细!E:E,"零犀",清洗后明细!D:D,"人机")/SUMIFS(清洗后明细!N:N,清洗后明细!A:A,"2026-04",清洗后明细!E:E,"零犀",清洗后明细!D:D,"人机"),"") | F22: =IF(SUMIFS(清洗后明细!M:M,清洗后明细!A:A,"2026-04",清洗后明细!E:E,"零犀",清洗后明细!D:D,"人机")>0,SUMIFS(清洗后明细!M:M,清洗后明细!A:A,"2026-04",清洗后明细!E:E,"零犀",清洗后明细!D:D,"人机")/SUMIFS(清洗后明细!N:N,清洗后明细!A:A,"2026-04",清洗后明细!E:E,"零犀",清洗后明细!D:D,"人机")*0.7,"") | G22: =IF(SUMIFS(清洗后明细!L:L,清洗后明细!A:A,"2026-04",清洗后明细!E:E,"零犀",清洗后明细!D:D,"人机")>0,SUMIFS(清洗后明细!I:I,清洗后明细!A:A,"2026-04",清洗后明细!E:E,"零犀",清洗后明细!D:D,"人机")/SUMIFS(清洗后明细!L:L,清洗后明细!A:A,"2026-04",清洗后明细!E:E,"零犀",清洗后明细!D:D,"人机")*100,"") | H22: =IF(SUMIFS(清洗后明细!F:F,清洗后明细!A:A,"2026-04",清洗后明细!E:E,"零犀",清洗后明细!D:D,"人机")>0,SUMIFS(清洗后明细!G:G,清洗后明细!A:A,"2026-04",清洗后明细!E:E,"零犀",清洗后明细!D:D,"人机")/SUMIFS(清洗后明细!F:F,清洗后明细!A:A,"2026-04",清洗后明细!E:E,"零犀",清洗后明细!D:D,"人机")*100,"") | I22: =IF(SUMIFS(清洗后明细!G:G,清洗后明细!A:A,"2026-04",清洗后明细!E:E,"零犀",清洗后明细!D:D,"人机")>0,SUMIFS(清洗后明细!H:H,清洗后明细!A:A,"2026-04",清洗后明细!E:E,"零犀",清洗后明细!D:D,"人机")/SUMIFS(清洗后明细!G:G,清洗后明细!A:A,"2026-04",清洗后明细!E:E,"零犀",清洗后明细!D:D,"人机"),"")
A23: 零犀 | B23: 2026-05 | C23: =SUMIFS(清洗后明细!M:M,清洗后明细!A:A,"2026-05",清洗后明细!E:E,"零犀",清洗后明细!D:D,"人机") | D23: =SUMIFS(清洗后明细!N:N,清洗后明细!A:A,"2026-05",清洗后明细!E:E,"零犀",清洗后明细!D:D,"人机") | E23: =IF(SUMIFS(清洗后明细!M:M,清洗后明细!A:A,"2026-05",清洗后明细!E:E,"零犀",清洗后明细!D:D,"人机")>0,SUMIFS(清洗后明细!M:M,清洗后明细!A:A,"2026-05",清洗后明细!E:E,"零犀",清洗后明细!D:D,"人机")/SUMIFS(清洗后明细!N:N,清洗后明细!A:A,"2026-05",清洗后明细!E:E,"零犀",清洗后明细!D:D,"人机"),"") | F23: =IF(SUMIFS(清洗后明细!M:M,清洗后明细!A:A,"2026-05",清洗后明细!E:E,"零犀",清洗后明细!D:D,"人机")>0,SUMIFS(清洗后明细!M:M,清洗后明细!A:A,"2026-05",清洗后明细!E:E,"零犀",清洗后明细!D:D,"人机")/SUMIFS(清洗后明细!N:N,清洗后明细!A:A,"2026-05",清洗后明细!E:E,"零犀",清洗后明细!D:D,"人机")*0.7,"") | G23: =IF(SUMIFS(清洗后明细!L:L,清洗后明细!A:A,"2026-05",清洗后明细!E:E,"零犀",清洗后明细!D:D,"人机")>0,SUMIFS(清洗后明细!I:I,清洗后明细!A:A,"2026-05",清洗后明细!E:E,"零犀",清洗后明细!D:D,"人机")/SUMIFS(清洗后明细!L:L,清洗后明细!A:A,"2026-05",清洗后明细!E:E,"零犀",清洗后明细!D:D,"人机")*100,"") | H23: =IF(SUMIFS(清洗后明细!F:F,清洗后明细!A:A,"2026-05",清洗后明细!E:E,"零犀",清洗后明细!D:D,"人机")>0,SUMIFS(清洗后明细!G:G,清洗后明细!A:A,"2026-05",清洗后明细!E:E,"零犀",清洗后明细!D:D,"人机")/SUMIFS(清洗后明细!F:F,清洗后明细!A:A,"2026-05",清洗后明细!E:E,"零犀",清洗后明细!D:D,"人机")*100,"") | I23: =IF(SUMIFS(清洗后明细!G:G,清洗后明细!A:A,"2026-05",清洗后明细!E:E,"零犀",清洗后明细!D:D,"人机")>0,SUMIFS(清洗后明细!H:H,清洗后明细!A:A,"2026-05",清洗后明细!E:E,"零犀",清洗后明细!D:D,"人机")/SUMIFS(清洗后明细!G:G,清洗后明细!A:A,"2026-05",清洗后明细!E:E,"零犀",清洗后明细!D:D,"人机"),"")
A24: 零犀 | B24: 2026-06 | C24: =SUMIFS(清洗后明细!M:M,清洗后明细!A:A,"2026-06",清洗后明细!E:E,"零犀",清洗后明细!D:D,"人机") | D24: =SUMIFS(清洗后明细!N:N,清洗后明细!A:A,"2026-06",清洗后明细!E:E,"零犀",清洗后明细!D:D,"人机") | E24: =IF(SUMIFS(清洗后明细!M:M,清洗后明细!A:A,"2026-06",清洗后明细!E:E,"零犀",清洗后明细!D:D,"人机")>0,SUMIFS(清洗后明细!M:M,清洗后明细!A:A,"2026-06",清洗后明细!E:E,"零犀",清洗后明细!D:D,"人机")/SUMIFS(清洗后明细!N:N,清洗后明细!A:A,"2026-06",清洗后明细!E:E,"零犀",清洗后明细!D:D,"人机"),"") | F24: =IF(SUMIFS(清洗后明细!M:M,清洗后明细!A:A,"2026-06",清洗后明细!E:E,"零犀",清洗后明细!D:D,"人机")>0,SUMIFS(清洗后明细!M:M,清洗后明细!A:A,"2026-06",清洗后明细!E:E,"零犀",清洗后明细!D:D,"人机")/SUMIFS(清洗后明细!N:N,清洗后明细!A:A,"2026-06",清洗后明细!E:E,"零犀",清洗后明细!D:D,"人机")*0.7,"") | G24: =IF(SUMIFS(清洗后明细!L:L,清洗后明细!A:A,"2026-06",清洗后明细!E:E,"零犀",清洗后明细!D:D,"人机")>0,SUMIFS(清洗后明细!I:I,清洗后明细!A:A,"2026-06",清洗后明细!E:E,"零犀",清洗后明细!D:D,"人机")/SUMIFS(清洗后明细!L:L,清洗后明细!A:A,"2026-06",清洗后明细!E:E,"零犀",清洗后明细!D:D,"人机")*100,"") | H24: =IF(SUMIFS(清洗后明细!F:F,清洗后明细!A:A,"2026-06",清洗后明细!E:E,"零犀",清洗后明细!D:D,"人机")>0,SUMIFS(清洗后明细!G:G,清洗后明细!A:A,"2026-06",清洗后明细!E:E,"零犀",清洗后明细!D:D,"人机")/SUMIFS(清洗后明细!F:F,清洗后明细!A:A,"2026-06",清洗后明细!E:E,"零犀",清洗后明细!D:D,"人机")*100,"") | I24: =IF(SUMIFS(清洗后明细!G:G,清洗后明细!A:A,"2026-06",清洗后明细!E:E,"零犀",清洗后明细!D:D,"人机")>0,SUMIFS(清洗后明细!H:H,清洗后明细!A:A,"2026-06",清洗后明细!E:E,"零犀",清洗后明细!D:D,"人机")/SUMIFS(清洗后明细!G:G,清洗后明细!A:A,"2026-06",清洗后明细!E:E,"零犀",清洗后明细!D:D,"人机"),"")
A25: 零犀伽玛 | B25: 2025-12 | C25: =SUMIFS(清洗后明细!M:M,清洗后明细!A:A,"2025-12",清洗后明细!E:E,"零犀伽玛",清洗后明细!D:D,"人机") | D25: =SUMIFS(清洗后明细!N:N,清洗后明细!A:A,"2025-12",清洗后明细!E:E,"零犀伽玛",清洗后明细!D:D,"人机") | E25: =IF(SUMIFS(清洗后明细!M:M,清洗后明细!A:A,"2025-12",清洗后明细!E:E,"零犀伽玛",清洗后明细!D:D,"人机")>0,SUMIFS(清洗后明细!M:M,清洗后明细!A:A,"2025-12",清洗后明细!E:E,"零犀伽玛",清洗后明细!D:D,"人机")/SUMIFS(清洗后明细!N:N,清洗后明细!A:A,"2025-12",清洗后明细!E:E,"零犀伽玛",清洗后明细!D:D,"人机"),"") | F25: =IF(SUMIFS(清洗后明细!M:M,清洗后明细!A:A,"2025-12",清洗后明细!E:E,"零犀伽玛",清洗后明细!D:D,"人机")>0,SUMIFS(清洗后明细!M:M,清洗后明细!A:A,"2025-12",清洗后明细!E:E,"零犀伽玛",清洗后明细!D:D,"人机")/SUMIFS(清洗后明细!N:N,清洗后明细!A:A,"2025-12",清洗后明细!E:E,"零犀伽玛",清洗后明细!D:D,"人机")*0.7,"") | G25: =IF(SUMIFS(清洗后明细!L:L,清洗后明细!A:A,"2025-12",清洗后明细!E:E,"零犀伽玛",清洗后明细!D:D,"人机")>0,SUMIFS(清洗后明细!I:I,清洗后明细!A:A,"2025-12",清洗后明细!E:E,"零犀伽玛",清洗后明细!D:D,"人机")/SUMIFS(清洗后明细!L:L,清洗后明细!A:A,"2025-12",清洗后明细!E:E,"零犀伽玛",清洗后明细!D:D,"人机")*100,"") | H25: =IF(SUMIFS(清洗后明细!F:F,清洗后明细!A:A,"2025-12",清洗后明细!E:E,"零犀伽玛",清洗后明细!D:D,"人机")>0,SUMIFS(清洗后明细!G:G,清洗后明细!A:A,"2025-12",清洗后明细!E:E,"零犀伽玛",清洗后明细!D:D,"人机")/SUMIFS(清洗后明细!F:F,清洗后明细!A:A,"2025-12",清洗后明细!E:E,"零犀伽玛",清洗后明细!D:D,"人机")*100,"") | I25: =IF(SUMIFS(清洗后明细!G:G,清洗后明细!A:A,"2025-12",清洗后明细!E:E,"零犀伽玛",清洗后明细!D:D,"人机")>0,SUMIFS(清洗后明细!H:H,清洗后明细!A:A,"2025-12",清洗后明细!E:E,"零犀伽玛",清洗后明细!D:D,"人机")/SUMIFS(清洗后明细!G:G,清洗后明细!A:A,"2025-12",清洗后明细!E:E,"零犀伽玛",清洗后明细!D:D,"人机"),"")
A26: 零犀伽玛 | B26: 2026-01 | C26: =SUMIFS(清洗后明细!M:M,清洗后明细!A:A,"2026-01",清洗后明细!E:E,"零犀伽玛",清洗后明细!D:D,"人机") | D26: =SUMIFS(清洗后明细!N:N,清洗后明细!A:A,"2026-01",清洗后明细!E:E,"零犀伽玛",清洗后明细!D:D,"人机") | E26: =IF(SUMIFS(清洗后明细!M:M,清洗后明细!A:A,"2026-01",清洗后明细!E:E,"零犀伽玛",清洗后明细!D:D,"人机")>0,SUMIFS(清洗后明细!M:M,清洗后明细!A:A,"2026-01",清洗后明细!E:E,"零犀伽玛",清洗后明细!D:D,"人机")/SUMIFS(清洗后明细!N:N,清洗后明细!A:A,"2026-01",清洗后明细!E:E,"零犀伽玛",清洗后明细!D:D,"人机"),"") | F26: =IF(SUMIFS(清洗后明细!M:M,清洗后明细!A:A,"2026-01",清洗后明细!E:E,"零犀伽玛",清洗后明细!D:D,"人机")>0,SUMIFS(清洗后明细!M:M,清洗后明细!A:A,"2026-01",清洗后明细!E:E,"零犀伽玛",清洗后明细!D:D,"人机")/SUMIFS(清洗后明细!N:N,清洗后明细!A:A,"2026-01",清洗后明细!E:E,"零犀伽玛",清洗后明细!D:D,"人机")*0.7,"") | G26: =IF(SUMIFS(清洗后明细!L:L,清洗后明细!A:A,"2026-01",清洗后明细!E:E,"零犀伽玛",清洗后明细!D:D,"人机")>0,SUMIFS(清洗后明细!I:I,清洗后明细!A:A,"2026-01",清洗后明细!E:E,"零犀伽玛",清洗后明细!D:D,"人机")/SUMIFS(清洗后明细!L:L,清洗后明细!A:A,"2026-01",清洗后明细!E:E,"零犀伽玛",清洗后明细!D:D,"人机")*100,"") | H26: =IF(SUMIFS(清洗后明细!F:F,清洗后明细!A:A,"2026-01",清洗后明细!E:E,"零犀伽玛",清洗后明细!D:D,"人机")>0,SUMIFS(清洗后明细!G:G,清洗后明细!A:A,"2026-01",清洗后明细!E:E,"零犀伽玛",清洗后明细!D:D,"人机")/SUMIFS(清洗后明细!F:F,清洗后明细!A:A,"2026-01",清洗后明细!E:E,"零犀伽玛",清洗后明细!D:D,"人机")*100,"") | I26: =IF(SUMIFS(清洗后明细!G:G,清洗后明细!A:A,"2026-01",清洗后明细!E:E,"零犀伽玛",清洗后明细!D:D,"人机")>0,SUMIFS(清洗后明细!H:H,清洗后明细!A:A,"2026-01",清洗后明细!E:E,"零犀伽玛",清洗后明细!D:D,"人机")/SUMIFS(清洗后明细!G:G,清洗后明细!A:A,"2026-01",清洗后明细!E:E,"零犀伽玛",清洗后明细!D:D,"人机"),"")
A27: 零犀伽玛 | B27: 2026-02 | C27: =SUMIFS(清洗后明细!M:M,清洗后明细!A:A,"2026-02",清洗后明细!E:E,"零犀伽玛",清洗后明细!D:D,"人机") | D27: =SUMIFS(清洗后明细!N:N,清洗后明细!A:A,"2026-02",清洗后明细!E:E,"零犀伽玛",清洗后明细!D:D,"人机") | E27: =IF(SUMIFS(清洗后明细!M:M,清洗后明细!A:A,"2026-02",清洗后明细!E:E,"零犀伽玛",清洗后明细!D:D,"人机")>0,SUMIFS(清洗后明细!M:M,清洗后明细!A:A,"2026-02",清洗后明细!E:E,"零犀伽玛",清洗后明细!D:D,"人机")/SUMIFS(清洗后明细!N:N,清洗后明细!A:A,"2026-02",清洗后明细!E:E,"零犀伽玛",清洗后明细!D:D,"人机"),"") | F27: =IF(SUMIFS(清洗后明细!M:M,清洗后明细!A:A,"2026-02",清洗后明细!E:E,"零犀伽玛",清洗后明细!D:D,"人机")>0,SUMIFS(清洗后明细!M:M,清洗后明细!A:A,"2026-02",清洗后明细!E:E,"零犀伽玛",清洗后明细!D:D,"人机")/SUMIFS(清洗后明细!N:N,清洗后明细!A:A,"2026-02",清洗后明细!E:E,"零犀伽玛",清洗后明细!D:D,"人机")*0.7,"") | G27: =IF(SUMIFS(清洗后明细!L:L,清洗后明细!A:A,"2026-02",清洗后明细!E:E,"零犀伽玛",清洗后明细!D:D,"人机")>0,SUMIFS(清洗后明细!I:I,清洗后明细!A:A,"2026-02",清洗后明细!E:E,"零犀伽玛",清洗后明细!D:D,"人机")/SUMIFS(清洗后明细!L:L,清洗后明细!A:A,"2026-02",清洗后明细!E:E,"零犀伽玛",清洗后明细!D:D,"人机")*100,"") | H27: =IF(SUMIFS(清洗后明细!F:F,清洗后明细!A:A,"2026-02",清洗后明细!E:E,"零犀伽玛",清洗后明细!D:D,"人机")>0,SUMIFS(清洗后明细!G:G,清洗后明细!A:A,"2026-02",清洗后明细!E:E,"零犀伽玛",清洗后明细!D:D,"人机")/SUMIFS(清洗后明细!F:F,清洗后明细!A:A,"2026-02",清洗后明细!E:E,"零犀伽玛",清洗后明细!D:D,"人机")*100,"") | I27: =IF(SUMIFS(清洗后明细!G:G,清洗后明细!A:A,"2026-02",清洗后明细!E:E,"零犀伽玛",清洗后明细!D:D,"人机")>0,SUMIFS(清洗后明细!H:H,清洗后明细!A:A,"2026-02",清洗后明细!E:E,"零犀伽玛",清洗后明细!D:D,"人机")/SUMIFS(清洗后明细!G:G,清洗后明细!A:A,"2026-02",清洗后明细!E:E,"零犀伽玛",清洗后明细!D:D,"人机"),"")
A28: 零犀伽玛 | B28: 2026-03 | C28: =SUMIFS(清洗后明细!M:M,清洗后明细!A:A,"2026-03",清洗后明细!E:E,"零犀伽玛",清洗后明细!D:D,"人机") | D28: =SUMIFS(清洗后明细!N:N,清洗后明细!A:A,"2026-03",清洗后明细!E:E,"零犀伽玛",清洗后明细!D:D,"人机") | E28: =IF(SUMIFS(清洗后明细!M:M,清洗后明细!A:A,"2026-03",清洗后明细!E:E,"零犀伽玛",清洗后明细!D:D,"人机")>0,SUMIFS(清洗后明细!M:M,清洗后明细!A:A,"2026-03",清洗后明细!E:E,"零犀伽玛",清洗后明细!D:D,"人机")/SUMIFS(清洗后明细!N:N,清洗后明细!A:A,"2026-03",清洗后明细!E:E,"零犀伽玛",清洗后明细!D:D,"人机"),"") | F28: =IF(SUMIFS(清洗后明细!M:M,清洗后明细!A:A,"2026-03",清洗后明细!E:E,"零犀伽玛",清洗后明细!D:D,"人机")>0,SUMIFS(清洗后明细!M:M,清洗后明细!A:A,"2026-03",清洗后明细!E:E,"零犀伽玛",清洗后明细!D:D,"人机")/SUMIFS(清洗后明细!N:N,清洗后明细!A:A,"2026-03",清洗后明细!E:E,"零犀伽玛",清洗后明细!D:D,"人机")*0.7,"") | G28: =IF(SUMIFS(清洗后明细!L:L,清洗后明细!A:A,"2026-03",清洗后明细!E:E,"零犀伽玛",清洗后明细!D:D,"人机")>0,SUMIFS(清洗后明细!I:I,清洗后明细!A:A,"2026-03",清洗后明细!E:E,"零犀伽玛",清洗后明细!D:D,"人机")/SUMIFS(清洗后明细!L:L,清洗后明细!A:A,"2026-03",清洗后明细!E:E,"零犀伽玛",清洗后明细!D:D,"人机")*100,"") | H28: =IF(SUMIFS(清洗后明细!F:F,清洗后明细!A:A,"2026-03",清洗后明细!E:E,"零犀伽玛",清洗后明细!D:D,"人机")>0,SUMIFS(清洗后明细!G:G,清洗后明细!A:A,"2026-03",清洗后明细!E:E,"零犀伽玛",清洗后明细!D:D,"人机")/SUMIFS(清洗后明细!F:F,清洗后明细!A:A,"2026-03",清洗后明细!E:E,"零犀伽玛",清洗后明细!D:D,"人机")*100,"") | I28: =IF(SUMIFS(清洗后明细!G:G,清洗后明细!A:A,"2026-03",清洗后明细!E:E,"零犀伽玛",清洗后明细!D:D,"人机")>0,SUMIFS(清洗后明细!H:H,清洗后明细!A:A,"2026-03",清洗后明细!E:E,"零犀伽玛",清洗后明细!D:D,"人机")/SUMIFS(清洗后明细!G:G,清洗后明细!A:A,"2026-03",清洗后明细!E:E,"零犀伽玛",清洗后明细!D:D,"人机"),"")
A29: 零犀伽玛 | B29: 2026-04 | C29: =SUMIFS(清洗后明细!M:M,清洗后明细!A:A,"2026-04",清洗后明细!E:E,"零犀伽玛",清洗后明细!D:D,"人机") | D29: =SUMIFS(清洗后明细!N:N,清洗后明细!A:A,"2026-04",清洗后明细!E:E,"零犀伽玛",清洗后明细!D:D,"人机") | E29: =IF(SUMIFS(清洗后明细!M:M,清洗后明细!A:A,"2026-04",清洗后明细!E:E,"零犀伽玛",清洗后明细!D:D,"人机")>0,SUMIFS(清洗后明细!M:M,清洗后明细!A:A,"2026-04",清洗后明细!E:E,"零犀伽玛",清洗后明细!D:D,"人机")/SUMIFS(清洗后明细!N:N,清洗后明细!A:A,"2026-04",清洗后明细!E:E,"零犀伽玛",清洗后明细!D:D,"人机"),"") | F29: =IF(SUMIFS(清洗后明细!M:M,清洗后明细!A:A,"2026-04",清洗后明细!E:E,"零犀伽玛",清洗后明细!D:D,"人机")>0,SUMIFS(清洗后明细!M:M,清洗后明细!A:A,"2026-04",清洗后明细!E:E,"零犀伽玛",清洗后明细!D:D,"人机")/SUMIFS(清洗后明细!N:N,清洗后明细!A:A,"2026-04",清洗后明细!E:E,"零犀伽玛",清洗后明细!D:D,"人机")*0.7,"") | G29: =IF(SUMIFS(清洗后明细!L:L,清洗后明细!A:A,"2026-04",清洗后明细!E:E,"零犀伽玛",清洗后明细!D:D,"人机")>0,SUMIFS(清洗后明细!I:I,清洗后明细!A:A,"2026-04",清洗后明细!E:E,"零犀伽玛",清洗后明细!D:D,"人机")/SUMIFS(清洗后明细!L:L,清洗后明细!A:A,"2026-04",清洗后明细!E:E,"零犀伽玛",清洗后明细!D:D,"人机")*100,"") | H29: =IF(SUMIFS(清洗后明细!F:F,清洗后明细!A:A,"2026-04",清洗后明细!E:E,"零犀伽玛",清洗后明细!D:D,"人机")>0,SUMIFS(清洗后明细!G:G,清洗后明细!A:A,"2026-04",清洗后明细!E:E,"零犀伽玛",清洗后明细!D:D,"人机")/SUMIFS(清洗后明细!F:F,清洗后明细!A:A,"2026-04",清洗后明细!E:E,"零犀伽玛",清洗后明细!D:D,"人机")*100,"") | I29: =IF(SUMIFS(清洗后明细!G:G,清洗后明细!A:A,"2026-04",清洗后明细!E:E,"零犀伽玛",清洗后明细!D:D,"人机")>0,SUMIFS(清洗后明细!H:H,清洗后明细!A:A,"2026-04",清洗后明细!E:E,"零犀伽玛",清洗后明细!D:D,"人机")/SUMIFS(清洗后明细!G:G,清洗后明细!A:A,"2026-04",清洗后明细!E:E,"零犀伽玛",清洗后明细!D:D,"人机"),"")
A30: 零犀伽玛 | B30: 2026-05 | C30: =SUMIFS(清洗后明细!M:M,清洗后明细!A:A,"2026-05",清洗后明细!E:E,"零犀伽玛",清洗后明细!D:D,"人机") | D30: =SUMIFS(清洗后明细!N:N,清洗后明细!A:A,"2026-05",清洗后明细!E:E,"零犀伽玛",清洗后明细!D:D,"人机") | E30: =IF(SUMIFS(清洗后明细!M:M,清洗后明细!A:A,"2026-05",清洗后明细!E:E,"零犀伽玛",清洗后明细!D:D,"人机")>0,SUMIFS(清洗后明细!M:M,清洗后明细!A:A,"2026-05",清洗后明细!E:E,"零犀伽玛",清洗后明细!D:D,"人机")/SUMIFS(清洗后明细!N:N,清洗后明细!A:A,"2026-05",清洗后明细!E:E,"零犀伽玛",清洗后明细!D:D,"人机"),"") | F30: =IF(SUMIFS(清洗后明细!M:M,清洗后明细!A:A,"2026-05",清洗后明细!E:E,"零犀伽玛",清洗后明细!D:D,"人机")>0,SUMIFS(清洗后明细!M:M,清洗后明细!A:A,"2026-05",清洗后明细!E:E,"零犀伽玛",清洗后明细!D:D,"人机")/SUMIFS(清洗后明细!N:N,清洗后明细!A:A,"2026-05",清洗后明细!E:E,"零犀伽玛",清洗后明细!D:D,"人机")*0.7,"") | G30: =IF(SUMIFS(清洗后明细!L:L,清洗后明细!A:A,"2026-05",清洗后明细!E:E,"零犀伽玛",清洗后明细!D:D,"人机")>0,SUMIFS(清洗后明细!I:I,清洗后明细!A:A,"2026-05",清洗后明细!E:E,"零犀伽玛",清洗后明细!D:D,"人机")/SUMIFS(清洗后明细!L:L,清洗后明细!A:A,"2026-05",清洗后明细!E:E,"零犀伽玛",清洗后明细!D:D,"人机")*100,"") | H30: =IF(SUMIFS(清洗后明细!F:F,清洗后明细!A:A,"2026-05",清洗后明细!E:E,"零犀伽玛",清洗后明细!D:D,"人机")>0,SUMIFS(清洗后明细!G:G,清洗后明细!A:A,"2026-05",清洗后明细!E:E,"零犀伽玛",清洗后明细!D:D,"人机")/SUMIFS(清洗后明细!F:F,清洗后明细!A:A,"2026-05",清洗后明细!E:E,"零犀伽玛",清洗后明细!D:D,"人机")*100,"") | I30: =IF(SUMIFS(清洗后明细!G:G,清洗后明细!A:A,"2026-05",清洗后明细!E:E,"零犀伽玛",清洗后明细!D:D,"人机")>0,SUMIFS(清洗后明细!H:H,清洗后明细!A:A,"2026-05",清洗后明细!E:E,"零犀伽玛",清洗后明细!D:D,"人机")/SUMIFS(清洗后明细!G:G,清洗后明细!A:A,"2026-05",清洗后明细!E:E,"零犀伽玛",清洗后明细!D:D,"人机"),"")
A31: 零犀伽玛 | B31: 2026-06 | C31: =SUMIFS(清洗后明细!M:M,清洗后明细!A:A,"2026-06",清洗后明细!E:E,"零犀伽玛",清洗后明细!D:D,"人机") | D31: =SUMIFS(清洗后明细!N:N,清洗后明细!A:A,"2026-06",清洗后明细!E:E,"零犀伽玛",清洗后明细!D:D,"人机") | E31: =IF(SUMIFS(清洗后明细!M:M,清洗后明细!A:A,"2026-06",清洗后明细!E:E,"零犀伽玛",清洗后明细!D:D,"人机")>0,SUMIFS(清洗后明细!M:M,清洗后明细!A:A,"2026-06",清洗后明细!E:E,"零犀伽玛",清洗后明细!D:D,"人机")/SUMIFS(清洗后明细!N:N,清洗后明细!A:A,"2026-06",清洗后明细!E:E,"零犀伽玛",清洗后明细!D:D,"人机"),"") | F31: =IF(SUMIFS(清洗后明细!M:M,清洗后明细!A:A,"2026-06",清洗后明细!E:E,"零犀伽玛",清洗后明细!D:D,"人机")>0,SUMIFS(清洗后明细!M:M,清洗后明细!A:A,"2026-06",清洗后明细!E:E,"零犀伽玛",清洗后明细!D:D,"人机")/SUMIFS(清洗后明细!N:N,清洗后明细!A:A,"2026-06",清洗后明细!E:E,"零犀伽玛",清洗后明细!D:D,"人机")*0.7,"") | G31: =IF(SUMIFS(清洗后明细!L:L,清洗后明细!A:A,"2026-06",清洗后明细!E:E,"零犀伽玛",清洗后明细!D:D,"人机")>0,SUMIFS(清洗后明细!I:I,清洗后明细!A:A,"2026-06",清洗后明细!E:E,"零犀伽玛",清洗后明细!D:D,"人机")/SUMIFS(清洗后明细!L:L,清洗后明细!A:A,"2026-06",清洗后明细!E:E,"零犀伽玛",清洗后明细!D:D,"人机")*100,"") | H31: =IF(SUMIFS(清洗后明细!F:F,清洗后明细!A:A,"2026-06",清洗后明细!E:E,"零犀伽玛",清洗后明细!D:D,"人机")>0,SUMIFS(清洗后明细!G:G,清洗后明细!A:A,"2026-06",清洗后明细!E:E,"零犀伽玛",清洗后明细!D:D,"人机")/SUMIFS(清洗后明细!F:F,清洗后明细!A:A,"2026-06",清洗后明细!E:E,"零犀伽玛",清洗后明细!D:D,"人机")*100,"") | I31: =IF(SUMIFS(清洗后明细!G:G,清洗后明细!A:A,"2026-06",清洗后明细!E:E,"零犀伽玛",清洗后明细!D:D,"人机")>0,SUMIFS(清洗后明细!H:H,清洗后明细!A:A,"2026-06",清洗后明细!E:E,"零犀伽玛",清洗后明细!D:D,"人机")/SUMIFS(清洗后明细!G:G,清洗后明细!A:A,"2026-06",清洗后明细!E:E,"零犀伽玛",清洗后明细!D:D,"人机"),"")
A32: 零犀岐力 | B32: 2025-12 | C32: =SUMIFS(清洗后明细!M:M,清洗后明细!A:A,"2025-12",清洗后明细!E:E,"零犀岐力",清洗后明细!D:D,"人机") | D32: =SUMIFS(清洗后明细!N:N,清洗后明细!A:A,"2025-12",清洗后明细!E:E,"零犀岐力",清洗后明细!D:D,"人机") | E32: =IF(SUMIFS(清洗后明细!M:M,清洗后明细!A:A,"2025-12",清洗后明细!E:E,"零犀岐力",清洗后明细!D:D,"人机")>0,SUMIFS(清洗后明细!M:M,清洗后明细!A:A,"2025-12",清洗后明细!E:E,"零犀岐力",清洗后明细!D:D,"人机")/SUMIFS(清洗后明细!N:N,清洗后明细!A:A,"2025-12",清洗后明细!E:E,"零犀岐力",清洗后明细!D:D,"人机"),"") | F32: =IF(SUMIFS(清洗后明细!M:M,清洗后明细!A:A,"2025-12",清洗后明细!E:E,"零犀岐力",清洗后明细!D:D,"人机")>0,SUMIFS(清洗后明细!M:M,清洗后明细!A:A,"2025-12",清洗后明细!E:E,"零犀岐力",清洗后明细!D:D,"人机")/SUMIFS(清洗后明细!N:N,清洗后明细!A:A,"2025-12",清洗后明细!E:E,"零犀岐力",清洗后明细!D:D,"人机")*0.7,"") | G32: =IF(SUMIFS(清洗后明细!L:L,清洗后明细!A:A,"2025-12",清洗后明细!E:E,"零犀岐力",清洗后明细!D:D,"人机")>0,SUMIFS(清洗后明细!I:I,清洗后明细!A:A,"2025-12",清洗后明细!E:E,"零犀岐力",清洗后明细!D:D,"人机")/SUMIFS(清洗后明细!L:L,清洗后明细!A:A,"2025-12",清洗后明细!E:E,"零犀岐力",清洗后明细!D:D,"人机")*100,"") | H32: =IF(SUMIFS(清洗后明细!F:F,清洗后明细!A:A,"2025-12",清洗后明细!E:E,"零犀岐力",清洗后明细!D:D,"人机")>0,SUMIFS(清洗后明细!G:G,清洗后明细!A:A,"2025-12",清洗后明细!E:E,"零犀岐力",清洗后明细!D:D,"人机")/SUMIFS(清洗后明细!F:F,清洗后明细!A:A,"2025-12",清洗后明细!E:E,"零犀岐力",清洗后明细!D:D,"人机")*100,"") | I32: =IF(SUMIFS(清洗后明细!G:G,清洗后明细!A:A,"2025-12",清洗后明细!E:E,"零犀岐力",清洗后明细!D:D,"人机")>0,SUMIFS(清洗后明细!H:H,清洗后明细!A:A,"2025-12",清洗后明细!E:E,"零犀岐力",清洗后明细!D:D,"人机")/SUMIFS(清洗后明细!G:G,清洗后明细!A:A,"2025-12",清洗后明细!E:E,"零犀岐力",清洗后明细!D:D,"人机"),"")
A33: 零犀岐力 | B33: 2026-01 | C33: =SUMIFS(清洗后明细!M:M,清洗后明细!A:A,"2026-01",清洗后明细!E:E,"零犀岐力",清洗后明细!D:D,"人机") | D33: =SUMIFS(清洗后明细!N:N,清洗后明细!A:A,"2026-01",清洗后明细!E:E,"零犀岐力",清洗后明细!D:D,"人机") | E33: =IF(SUMIFS(清洗后明细!M:M,清洗后明细!A:A,"2026-01",清洗后明细!E:E,"零犀岐力",清洗后明细!D:D,"人机")>0,SUMIFS(清洗后明细!M:M,清洗后明细!A:A,"2026-01",清洗后明细!E:E,"零犀岐力",清洗后明细!D:D,"人机")/SUMIFS(清洗后明细!N:N,清洗后明细!A:A,"2026-01",清洗后明细!E:E,"零犀岐力",清洗后明细!D:D,"人机"),"") | F33: =IF(SUMIFS(清洗后明细!M:M,清洗后明细!A:A,"2026-01",清洗后明细!E:E,"零犀岐力",清洗后明细!D:D,"人机")>0,SUMIFS(清洗后明细!M:M,清洗后明细!A:A,"2026-01",清洗后明细!E:E,"零犀岐力",清洗后明细!D:D,"人机")/SUMIFS(清洗后明细!N:N,清洗后明细!A:A,"2026-01",清洗后明细!E:E,"零犀岐力",清洗后明细!D:D,"人机")*0.7,"") | G33: =IF(SUMIFS(清洗后明细!L:L,清洗后明细!A:A,"2026-01",清洗后明细!E:E,"零犀岐力",清洗后明细!D:D,"人机")>0,SUMIFS(清洗后明细!I:I,清洗后明细!A:A,"2026-01",清洗后明细!E:E,"零犀岐力",清洗后明细!D:D,"人机")/SUMIFS(清洗后明细!L:L,清洗后明细!A:A,"2026-01",清洗后明细!E:E,"零犀岐力",清洗后明细!D:D,"人机")*100,"") | H33: =IF(SUMIFS(清洗后明细!F:F,清洗后明细!A:A,"2026-01",清洗后明细!E:E,"零犀岐力",清洗后明细!D:D,"人机")>0,SUMIFS(清洗后明细!G:G,清洗后明细!A:A,"2026-01",清洗后明细!E:E,"零犀岐力",清洗后明细!D:D,"人机")/SUMIFS(清洗后明细!F:F,清洗后明细!A:A,"2026-01",清洗后明细!E:E,"零犀岐力",清洗后明细!D:D,"人机")*100,"") | I33: =IF(SUMIFS(清洗后明细!G:G,清洗后明细!A:A,"2026-01",清洗后明细!E:E,"零犀岐力",清洗后明细!D:D,"人机")>0,SUMIFS(清洗后明细!H:H,清洗后明细!A:A,"2026-01",清洗后明细!E:E,"零犀岐力",清洗后明细!D:D,"人机")/SUMIFS(清洗后明细!G:G,清洗后明细!A:A,"2026-01",清洗后明细!E:E,"零犀岐力",清洗后明细!D:D,"人机"),"")
A34: 零犀岐力 | B34: 2026-02 | C34: =SUMIFS(清洗后明细!M:M,清洗后明细!A:A,"2026-02",清洗后明细!E:E,"零犀岐力",清洗后明细!D:D,"人机") | D34: =SUMIFS(清洗后明细!N:N,清洗后明细!A:A,"2026-02",清洗后明细!E:E,"零犀岐力",清洗后明细!D:D,"人机") | E34: =IF(SUMIFS(清洗后明细!M:M,清洗后明细!A:A,"2026-02",清洗后明细!E:E,"零犀岐力",清洗后明细!D:D,"人机")>0,SUMIFS(清洗后明细!M:M,清洗后明细!A:A,"2026-02",清洗后明细!E:E,"零犀岐力",清洗后明细!D:D,"人机")/SUMIFS(清洗后明细!N:N,清洗后明细!A:A,"2026-02",清洗后明细!E:E,"零犀岐力",清洗后明细!D:D,"人机"),"") | F34: =IF(SUMIFS(清洗后明细!M:M,清洗后明细!A:A,"2026-02",清洗后明细!E:E,"零犀岐力",清洗后明细!D:D,"人机")>0,SUMIFS(清洗后明细!M:M,清洗后明细!A:A,"2026-02",清洗后明细!E:E,"零犀岐力",清洗后明细!D:D,"人机")/SUMIFS(清洗后明细!N:N,清洗后明细!A:A,"2026-02",清洗后明细!E:E,"零犀岐力",清洗后明细!D:D,"人机")*0.7,"") | G34: =IF(SUMIFS(清洗后明细!L:L,清洗后明细!A:A,"2026-02",清洗后明细!E:E,"零犀岐力",清洗后明细!D:D,"人机")>0,SUMIFS(清洗后明细!I:I,清洗后明细!A:A,"2026-02",清洗后明细!E:E,"零犀岐力",清洗后明细!D:D,"人机")/SUMIFS(清洗后明细!L:L,清洗后明细!A:A,"2026-02",清洗后明细!E:E,"零犀岐力",清洗后明细!D:D,"人机")*100,"") | H34: =IF(SUMIFS(清洗后明细!F:F,清洗后明细!A:A,"2026-02",清洗后明细!E:E,"零犀岐力",清洗后明细!D:D,"人机")>0,SUMIFS(清洗后明细!G:G,清洗后明细!A:A,"2026-02",清洗后明细!E:E,"零犀岐力",清洗后明细!D:D,"人机")/SUMIFS(清洗后明细!F:F,清洗后明细!A:A,"2026-02",清洗后明细!E:E,"零犀岐力",清洗后明细!D:D,"人机")*100,"") | I34: =IF(SUMIFS(清洗后明细!G:G,清洗后明细!A:A,"2026-02",清洗后明细!E:E,"零犀岐力",清洗后明细!D:D,"人机")>0,SUMIFS(清洗后明细!H:H,清洗后明细!A:A,"2026-02",清洗后明细!E:E,"零犀岐力",清洗后明细!D:D,"人机")/SUMIFS(清洗后明细!G:G,清洗后明细!A:A,"2026-02",清洗后明细!E:E,"零犀岐力",清洗后明细!D:D,"人机"),"")
A35: 零犀岐力 | B35: 2026-03 | C35: =SUMIFS(清洗后明细!M:M,清洗后明细!A:A,"2026-03",清洗后明细!E:E,"零犀岐力",清洗后明细!D:D,"人机") | D35: =SUMIFS(清洗后明细!N:N,清洗后明细!A:A,"2026-03",清洗后明细!E:E,"零犀岐力",清洗后明细!D:D,"人机") | E35: =IF(SUMIFS(清洗后明细!M:M,清洗后明细!A:A,"2026-03",清洗后明细!E:E,"零犀岐力",清洗后明细!D:D,"人机")>0,SUMIFS(清洗后明细!M:M,清洗后明细!A:A,"2026-03",清洗后明细!E:E,"零犀岐力",清洗后明细!D:D,"人机")/SUMIFS(清洗后明细!N:N,清洗后明细!A:A,"2026-03",清洗后明细!E:E,"零犀岐力",清洗后明细!D:D,"人机"),"") | F35: =IF(SUMIFS(清洗后明细!M:M,清洗后明细!A:A,"2026-03",清洗后明细!E:E,"零犀岐力",清洗后明细!D:D,"人机")>0,SUMIFS(清洗后明细!M:M,清洗后明细!A:A,"2026-03",清洗后明细!E:E,"零犀岐力",清洗后明细!D:D,"人机")/SUMIFS(清洗后明细!N:N,清洗后明细!A:A,"2026-03",清洗后明细!E:E,"零犀岐力",清洗后明细!D:D,"人机")*0.7,"") | G35: =IF(SUMIFS(清洗后明细!L:L,清洗后明细!A:A,"2026-03",清洗后明细!E:E,"零犀岐力",清洗后明细!D:D,"人机")>0,SUMIFS(清洗后明细!I:I,清洗后明细!A:A,"2026-03",清洗后明细!E:E,"零犀岐力",清洗后明细!D:D,"人机")/SUMIFS(清洗后明细!L:L,清洗后明细!A:A,"2026-03",清洗后明细!E:E,"零犀岐力",清洗后明细!D:D,"人机")*100,"") | H35: =IF(SUMIFS(清洗后明细!F:F,清洗后明细!A:A,"2026-03",清洗后明细!E:E,"零犀岐力",清洗后明细!D:D,"人机")>0,SUMIFS(清洗后明细!G:G,清洗后明细!A:A,"2026-03",清洗后明细!E:E,"零犀岐力",清洗后明细!D:D,"人机")/SUMIFS(清洗后明细!F:F,清洗后明细!A:A,"2026-03",清洗后明细!E:E,"零犀岐力",清洗后明细!D:D,"人机")*100,"") | I35: =IF(SUMIFS(清洗后明细!G:G,清洗后明细!A:A,"2026-03",清洗后明细!E:E,"零犀岐力",清洗后明细!D:D,"人机")>0,SUMIFS(清洗后明细!H:H,清洗后明细!A:A,"2026-03",清洗后明细!E:E,"零犀岐力",清洗后明细!D:D,"人机")/SUMIFS(清洗后明细!G:G,清洗后明细!A:A,"2026-03",清洗后明细!E:E,"零犀岐力",清洗后明细!D:D,"人机"),"")
A36: 零犀岐力 | B36: 2026-04 | C36: =SUMIFS(清洗后明细!M:M,清洗后明细!A:A,"2026-04",清洗后明细!E:E,"零犀岐力",清洗后明细!D:D,"人机") | D36: =SUMIFS(清洗后明细!N:N,清洗后明细!A:A,"2026-04",清洗后明细!E:E,"零犀岐力",清洗后明细!D:D,"人机") | E36: =IF(SUMIFS(清洗后明细!M:M,清洗后明细!A:A,"2026-04",清洗后明细!E:E,"零犀岐力",清洗后明细!D:D,"人机")>0,SUMIFS(清洗后明细!M:M,清洗后明细!A:A,"2026-04",清洗后明细!E:E,"零犀岐力",清洗后明细!D:D,"人机")/SUMIFS(清洗后明细!N:N,清洗后明细!A:A,"2026-04",清洗后明细!E:E,"零犀岐力",清洗后明细!D:D,"人机"),"") | F36: =IF(SUMIFS(清洗后明细!M:M,清洗后明细!A:A,"2026-04",清洗后明细!E:E,"零犀岐力",清洗后明细!D:D,"人机")>0,SUMIFS(清洗后明细!M:M,清洗后明细!A:A,"2026-04",清洗后明细!E:E,"零犀岐力",清洗后明细!D:D,"人机")/SUMIFS(清洗后明细!N:N,清洗后明细!A:A,"2026-04",清洗后明细!E:E,"零犀岐力",清洗后明细!D:D,"人机")*0.7,"") | G36: =IF(SUMIFS(清洗后明细!L:L,清洗后明细!A:A,"2026-04",清洗后明细!E:E,"零犀岐力",清洗后明细!D:D,"人机")>0,SUMIFS(清洗后明细!I:I,清洗后明细!A:A,"2026-04",清洗后明细!E:E,"零犀岐力",清洗后明细!D:D,"人机")/SUMIFS(清洗后明细!L:L,清洗后明细!A:A,"2026-04",清洗后明细!E:E,"零犀岐力",清洗后明细!D:D,"人机")*100,"") | H36: =IF(SUMIFS(清洗后明细!F:F,清洗后明细!A:A,"2026-04",清洗后明细!E:E,"零犀岐力",清洗后明细!D:D,"人机")>0,SUMIFS(清洗后明细!G:G,清洗后明细!A:A,"2026-04",清洗后明细!E:E,"零犀岐力",清洗后明细!D:D,"人机")/SUMIFS(清洗后明细!F:F,清洗后明细!A:A,"2026-04",清洗后明细!E:E,"零犀岐力",清洗后明细!D:D,"人机")*100,"") | I36: =IF(SUMIFS(清洗后明细!G:G,清洗后明细!A:A,"2026-04",清洗后明细!E:E,"零犀岐力",清洗后明细!D:D,"人机")>0,SUMIFS(清洗后明细!H:H,清洗后明细!A:A,"2026-04",清洗后明细!E:E,"零犀岐力",清洗后明细!D:D,"人机")/SUMIFS(清洗后明细!G:G,清洗后明细!A:A,"2026-04",清洗后明细!E:E,"零犀岐力",清洗后明细!D:D,"人机"),"")
A37: 零犀岐力 | B37: 2026-05 | C37: =SUMIFS(清洗后明细!M:M,清洗后明细!A:A,"2026-05",清洗后明细!E:E,"零犀岐力",清洗后明细!D:D,"人机") | D37: =SUMIFS(清洗后明细!N:N,清洗后明细!A:A,"2026-05",清洗后明细!E:E,"零犀岐力",清洗后明细!D:D,"人机") | E37: =IF(SUMIFS(清洗后明细!M:M,清洗后明细!A:A,"2026-05",清洗后明细!E:E,"零犀岐力",清洗后明细!D:D,"人机")>0,SUMIFS(清洗后明细!M:M,清洗后明细!A:A,"2026-05",清洗后明细!E:E,"零犀岐力",清洗后明细!D:D,"人机")/SUMIFS(清洗后明细!N:N,清洗后明细!A:A,"2026-05",清洗后明细!E:E,"零犀岐力",清洗后明细!D:D,"人机"),"") | F37: =IF(SUMIFS(清洗后明细!M:M,清洗后明细!A:A,"2026-05",清洗后明细!E:E,"零犀岐力",清洗后明细!D:D,"人机")>0,SUMIFS(清洗后明细!M:M,清洗后明细!A:A,"2026-05",清洗后明细!E:E,"零犀岐力",清洗后明细!D:D,"人机")/SUMIFS(清洗后明细!N:N,清洗后明细!A:A,"2026-05",清洗后明细!E:E,"零犀岐力",清洗后明细!D:D,"人机")*0.7,"") | G37: =IF(SUMIFS(清洗后明细!L:L,清洗后明细!A:A,"2026-05",清洗后明细!E:E,"零犀岐力",清洗后明细!D:D,"人机")>0,SUMIFS(清洗后明细!I:I,清洗后明细!A:A,"2026-05",清洗后明细!E:E,"零犀岐力",清洗后明细!D:D,"人机")/SUMIFS(清洗后明细!L:L,清洗后明细!A:A,"2026-05",清洗后明细!E:E,"零犀岐力",清洗后明细!D:D,"人机")*100,"") | H37: =IF(SUMIFS(清洗后明细!F:F,清洗后明细!A:A,"2026-05",清洗后明细!E:E,"零犀岐力",清洗后明细!D:D,"人机")>0,SUMIFS(清洗后明细!G:G,清洗后明细!A:A,"2026-05",清洗后明细!E:E,"零犀岐力",清洗后明细!D:D,"人机")/SUMIFS(清洗后明细!F:F,清洗后明细!A:A,"2026-05",清洗后明细!E:E,"零犀岐力",清洗后明细!D:D,"人机")*100,"") | I37: =IF(SUMIFS(清洗后明细!G:G,清洗后明细!A:A,"2026-05",清洗后明细!E:E,"零犀岐力",清洗后明细!D:D,"人机")>0,SUMIFS(清洗后明细!H:H,清洗后明细!A:A,"2026-05",清洗后明细!E:E,"零犀岐力",清洗后明细!D:D,"人机")/SUMIFS(清洗后明细!G:G,清洗后明细!A:A,"2026-05",清洗后明细!E:E,"零犀岐力",清洗后明细!D:D,"人机"),"")
A38: 零犀岐力 | B38: 2026-06 | C38: =SUMIFS(清洗后明细!M:M,清洗后明细!A:A,"2026-06",清洗后明细!E:E,"零犀岐力",清洗后明细!D:D,"人机") | D38: =SUMIFS(清洗后明细!N:N,清洗后明细!A:A,"2026-06",清洗后明细!E:E,"零犀岐力",清洗后明细!D:D,"人机") | E38: =IF(SUMIFS(清洗后明细!M:M,清洗后明细!A:A,"2026-06",清洗后明细!E:E,"零犀岐力",清洗后明细!D:D,"人机")>0,SUMIFS(清洗后明细!M:M,清洗后明细!A:A,"2026-06",清洗后明细!E:E,"零犀岐力",清洗后明细!D:D,"人机")/SUMIFS(清洗后明细!N:N,清洗后明细!A:A,"2026-06",清洗后明细!E:E,"零犀岐力",清洗后明细!D:D,"人机"),"") | F38: =IF(SUMIFS(清洗后明细!M:M,清洗后明细!A:A,"2026-06",清洗后明细!E:E,"零犀岐力",清洗后明细!D:D,"人机")>0,SUMIFS(清洗后明细!M:M,清洗后明细!A:A,"2026-06",清洗后明细!E:E,"零犀岐力",清洗后明细!D:D,"人机")/SUMIFS(清洗后明细!N:N,清洗后明细!A:A,"2026-06",清洗后明细!E:E,"零犀岐力",清洗后明细!D:D,"人机")*0.7,"") | G38: =IF(SUMIFS(清洗后明细!L:L,清洗后明细!A:A,"2026-06",清洗后明细!E:E,"零犀岐力",清洗后明细!D:D,"人机")>0,SUMIFS(清洗后明细!I:I,清洗后明细!A:A,"2026-06",清洗后明细!E:E,"零犀岐力",清洗后明细!D:D,"人机")/SUMIFS(清洗后明细!L:L,清洗后明细!A:A,"2026-06",清洗后明细!E:E,"零犀岐力",清洗后明细!D:D,"人机")*100,"") | H38: =IF(SUMIFS(清洗后明细!F:F,清洗后明细!A:A,"2026-06",清洗后明细!E:E,"零犀岐力",清洗后明细!D:D,"人机")>0,SUMIFS(清洗后明细!G:G,清洗后明细!A:A,"2026-06",清洗后明细!E:E,"零犀岐力",清洗后明细!D:D,"人机")/SUMIFS(清洗后明细!F:F,清洗后明细!A:A,"2026-06",清洗后明细!E:E,"零犀岐力",清洗后明细!D:D,"人机")*100,"") | I38: =IF(SUMIFS(清洗后明细!G:G,清洗后明细!A:A,"2026-06",清洗后明细!E:E,"零犀岐力",清洗后明细!D:D,"人机")>0,SUMIFS(清洗后明细!H:H,清洗后明细!A:A,"2026-06",清洗后明细!E:E,"零犀岐力",清洗后明细!D:D,"人机")/SUMIFS(清洗后明细!G:G,清洗后明细!A:A,"2026-06",清洗后明细!E:E,"零犀岐力",清洗后明细!D:D,"人机"),"")
A39: 零犀毅航 | B39: 2025-12 | C39: =SUMIFS(清洗后明细!M:M,清洗后明细!A:A,"2025-12",清洗后明细!E:E,"零犀毅航",清洗后明细!D:D,"人机") | D39: =SUMIFS(清洗后明细!N:N,清洗后明细!A:A,"2025-12",清洗后明细!E:E,"零犀毅航",清洗后明细!D:D,"人机") | E39: =IF(SUMIFS(清洗后明细!M:M,清洗后明细!A:A,"2025-12",清洗后明细!E:E,"零犀毅航",清洗后明细!D:D,"人机")>0,SUMIFS(清洗后明细!M:M,清洗后明细!A:A,"2025-12",清洗后明细!E:E,"零犀毅航",清洗后明细!D:D,"人机")/SUMIFS(清洗后明细!N:N,清洗后明细!A:A,"2025-12",清洗后明细!E:E,"零犀毅航",清洗后明细!D:D,"人机"),"") | F39: =IF(SUMIFS(清洗后明细!M:M,清洗后明细!A:A,"2025-12",清洗后明细!E:E,"零犀毅航",清洗后明细!D:D,"人机")>0,SUMIFS(清洗后明细!M:M,清洗后明细!A:A,"2025-12",清洗后明细!E:E,"零犀毅航",清洗后明细!D:D,"人机")/SUMIFS(清洗后明细!N:N,清洗后明细!A:A,"2025-12",清洗后明细!E:E,"零犀毅航",清洗后明细!D:D,"人机")*0.7,"") | G39: =IF(SUMIFS(清洗后明细!L:L,清洗后明细!A:A,"2025-12",清洗后明细!E:E,"零犀毅航",清洗后明细!D:D,"人机")>0,SUMIFS(清洗后明细!I:I,清洗后明细!A:A,"2025-12",清洗后明细!E:E,"零犀毅航",清洗后明细!D:D,"人机")/SUMIFS(清洗后明细!L:L,清洗后明细!A:A,"2025-12",清洗后明细!E:E,"零犀毅航",清洗后明细!D:D,"人机")*100,"") | H39: =IF(SUMIFS(清洗后明细!F:F,清洗后明细!A:A,"2025-12",清洗后明细!E:E,"零犀毅航",清洗后明细!D:D,"人机")>0,SUMIFS(清洗后明细!G:G,清洗后明细!A:A,"2025-12",清洗后明细!E:E,"零犀毅航",清洗后明细!D:D,"人机")/SUMIFS(清洗后明细!F:F,清洗后明细!A:A,"2025-12",清洗后明细!E:E,"零犀毅航",清洗后明细!D:D,"人机")*100,"") | I39: =IF(SUMIFS(清洗后明细!G:G,清洗后明细!A:A,"2025-12",清洗后明细!E:E,"零犀毅航",清洗后明细!D:D,"人机")>0,SUMIFS(清洗后明细!H:H,清洗后明细!A:A,"2025-12",清洗后明细!E:E,"零犀毅航",清洗后明细!D:D,"人机")/SUMIFS(清洗后明细!G:G,清洗后明细!A:A,"2025-12",清洗后明细!E:E,"零犀毅航",清洗后明细!D:D,"人机"),"")
A40: 零犀毅航 | B40: 2026-01 | C40: =SUMIFS(清洗后明细!M:M,清洗后明细!A:A,"2026-01",清洗后明细!E:E,"零犀毅航",清洗后明细!D:D,"人机") | D40: =SUMIFS(清洗后明细!N:N,清洗后明细!A:A,"2026-01",清洗后明细!E:E,"零犀毅航",清洗后明细!D:D,"人机") | E40: =IF(SUMIFS(清洗后明细!M:M,清洗后明细!A:A,"2026-01",清洗后明细!E:E,"零犀毅航",清洗后明细!D:D,"人机")>0,SUMIFS(清洗后明细!M:M,清洗后明细!A:A,"2026-01",清洗后明细!E:E,"零犀毅航",清洗后明细!D:D,"人机")/SUMIFS(清洗后明细!N:N,清洗后明细!A:A,"2026-01",清洗后明细!E:E,"零犀毅航",清洗后明细!D:D,"人机"),"") | F40: =IF(SUMIFS(清洗后明细!M:M,清洗后明细!A:A,"2026-01",清洗后明细!E:E,"零犀毅航",清洗后明细!D:D,"人机")>0,SUMIFS(清洗后明细!M:M,清洗后明细!A:A,"2026-01",清洗后明细!E:E,"零犀毅航",清洗后明细!D:D,"人机")/SUMIFS(清洗后明细!N:N,清洗后明细!A:A,"2026-01",清洗后明细!E:E,"零犀毅航",清洗后明细!D:D,"人机")*0.7,"") | G40: =IF(SUMIFS(清洗后明细!L:L,清洗后明细!A:A,"2026-01",清洗后明细!E:E,"零犀毅航",清洗后明细!D:D,"人机")>0,SUMIFS(清洗后明细!I:I,清洗后明细!A:A,"2026-01",清洗后明细!E:E,"零犀毅航",清洗后明细!D:D,"人机")/SUMIFS(清洗后明细!L:L,清洗后明细!A:A,"2026-01",清洗后明细!E:E,"零犀毅航",清洗后明细!D:D,"人机")*100,"") | H40: =IF(SUMIFS(清洗后明细!F:F,清洗后明细!A:A,"2026-01",清洗后明细!E:E,"零犀毅航",清洗后明细!D:D,"人机")>0,SUMIFS(清洗后明细!G:G,清洗后明细!A:A,"2026-01",清洗后明细!E:E,"零犀毅航",清洗后明细!D:D,"人机")/SUMIFS(清洗后明细!F:F,清洗后明细!A:A,"2026-01",清洗后明细!E:E,"零犀毅航",清洗后明细!D:D,"人机")*100,"") | I40: =IF(SUMIFS(清洗后明细!G:G,清洗后明细!A:A,"2026-01",清洗后明细!E:E,"零犀毅航",清洗后明细!D:D,"人机")>0,SUMIFS(清洗后明细!H:H,清洗后明细!A:A,"2026-01",清洗后明细!E:E,"零犀毅航",清洗后明细!D:D,"人机")/SUMIFS(清洗后明细!G:G,清洗后明细!A:A,"2026-01",清洗后明细!E:E,"零犀毅航",清洗后明细!D:D,"人机"),"")
A41: 零犀毅航 | B41: 2026-02 | C41: =SUMIFS(清洗后明细!M:M,清洗后明细!A:A,"2026-02",清洗后明细!E:E,"零犀毅航",清洗后明细!D:D,"人机") | D41: =SUMIFS(清洗后明细!N:N,清洗后明细!A:A,"2026-02",清洗后明细!E:E,"零犀毅航",清洗后明细!D:D,"人机") | E41: =IF(SUMIFS(清洗后明细!M:M,清洗后明细!A:A,"2026-02",清洗后明细!E:E,"零犀毅航",清洗后明细!D:D,"人机")>0,SUMIFS(清洗后明细!M:M,清洗后明细!A:A,"2026-02",清洗后明细!E:E,"零犀毅航",清洗后明细!D:D,"人机")/SUMIFS(清洗后明细!N:N,清洗后明细!A:A,"2026-02",清洗后明细!E:E,"零犀毅航",清洗后明细!D:D,"人机"),"") | F41: =IF(SUMIFS(清洗后明细!M:M,清洗后明细!A:A,"2026-02",清洗后明细!E:E,"零犀毅航",清洗后明细!D:D,"人机")>0,SUMIFS(清洗后明细!M:M,清洗后明细!A:A,"2026-02",清洗后明细!E:E,"零犀毅航",清洗后明细!D:D,"人机")/SUMIFS(清洗后明细!N:N,清洗后明细!A:A,"2026-02",清洗后明细!E:E,"零犀毅航",清洗后明细!D:D,"人机")*0.7,"") | G41: =IF(SUMIFS(清洗后明细!L:L,清洗后明细!A:A,"2026-02",清洗后明细!E:E,"零犀毅航",清洗后明细!D:D,"人机")>0,SUMIFS(清洗后明细!I:I,清洗后明细!A:A,"2026-02",清洗后明细!E:E,"零犀毅航",清洗后明细!D:D,"人机")/SUMIFS(清洗后明细!L:L,清洗后明细!A:A,"2026-02",清洗后明细!E:E,"零犀毅航",清洗后明细!D:D,"人机")*100,"") | H41: =IF(SUMIFS(清洗后明细!F:F,清洗后明细!A:A,"2026-02",清洗后明细!E:E,"零犀毅航",清洗后明细!D:D,"人机")>0,SUMIFS(清洗后明细!G:G,清洗后明细!A:A,"2026-02",清洗后明细!E:E,"零犀毅航",清洗后明细!D:D,"人机")/SUMIFS(清洗后明细!F:F,清洗后明细!A:A,"2026-02",清洗后明细!E:E,"零犀毅航",清洗后明细!D:D,"人机")*100,"") | I41: =IF(SUMIFS(清洗后明细!G:G,清洗后明细!A:A,"2026-02",清洗后明细!E:E,"零犀毅航",清洗后明细!D:D,"人机")>0,SUMIFS(清洗后明细!H:H,清洗后明细!A:A,"2026-02",清洗后明细!E:E,"零犀毅航",清洗后明细!D:D,"人机")/SUMIFS(清洗后明细!G:G,清洗后明细!A:A,"2026-02",清洗后明细!E:E,"零犀毅航",清洗后明细!D:D,"人机"),"")
A42: 零犀毅航 | B42: 2026-03 | C42: =SUMIFS(清洗后明细!M:M,清洗后明细!A:A,"2026-03",清洗后明细!E:E,"零犀毅航",清洗后明细!D:D,"人机") | D42: =SUMIFS(清洗后明细!N:N,清洗后明细!A:A,"2026-03",清洗后明细!E:E,"零犀毅航",清洗后明细!D:D,"人机") | E42: =IF(SUMIFS(清洗后明细!M:M,清洗后明细!A:A,"2026-03",清洗后明细!E:E,"零犀毅航",清洗后明细!D:D,"人机")>0,SUMIFS(清洗后明细!M:M,清洗后明细!A:A,"2026-03",清洗后明细!E:E,"零犀毅航",清洗后明细!D:D,"人机")/SUMIFS(清洗后明细!N:N,清洗后明细!A:A,"2026-03",清洗后明细!E:E,"零犀毅航",清洗后明细!D:D,"人机"),"") | F42: =IF(SUMIFS(清洗后明细!M:M,清洗后明细!A:A,"2026-03",清洗后明细!E:E,"零犀毅航",清洗后明细!D:D,"人机")>0,SUMIFS(清洗后明细!M:M,清洗后明细!A:A,"2026-03",清洗后明细!E:E,"零犀毅航",清洗后明细!D:D,"人机")/SUMIFS(清洗后明细!N:N,清洗后明细!A:A,"2026-03",清洗后明细!E:E,"零犀毅航",清洗后明细!D:D,"人机")*0.7,"") | G42: =IF(SUMIFS(清洗后明细!L:L,清洗后明细!A:A,"2026-03",清洗后明细!E:E,"零犀毅航",清洗后明细!D:D,"人机")>0,SUMIFS(清洗后明细!I:I,清洗后明细!A:A,"2026-03",清洗后明细!E:E,"零犀毅航",清洗后明细!D:D,"人机")/SUMIFS(清洗后明细!L:L,清洗后明细!A:A,"2026-03",清洗后明细!E:E,"零犀毅航",清洗后明细!D:D,"人机")*100,"") | H42: =IF(SUMIFS(清洗后明细!F:F,清洗后明细!A:A,"2026-03",清洗后明细!E:E,"零犀毅航",清洗后明细!D:D,"人机")>0,SUMIFS(清洗后明细!G:G,清洗后明细!A:A,"2026-03",清洗后明细!E:E,"零犀毅航",清洗后明细!D:D,"人机")/SUMIFS(清洗后明细!F:F,清洗后明细!A:A,"2026-03",清洗后明细!E:E,"零犀毅航",清洗后明细!D:D,"人机")*100,"") | I42: =IF(SUMIFS(清洗后明细!G:G,清洗后明细!A:A,"2026-03",清洗后明细!E:E,"零犀毅航",清洗后明细!D:D,"人机")>0,SUMIFS(清洗后明细!H:H,清洗后明细!A:A,"2026-03",清洗后明细!E:E,"零犀毅航",清洗后明细!D:D,"人机")/SUMIFS(清洗后明细!G:G,清洗后明细!A:A,"2026-03",清洗后明细!E:E,"零犀毅航",清洗后明细!D:D,"人机"),"")
A43: 零犀毅航 | B43: 2026-04 | C43: =SUMIFS(清洗后明细!M:M,清洗后明细!A:A,"2026-04",清洗后明细!E:E,"零犀毅航",清洗后明细!D:D,"人机") | D43: =SUMIFS(清洗后明细!N:N,清洗后明细!A:A,"2026-04",清洗后明细!E:E,"零犀毅航",清洗后明细!D:D,"人机") | E43: =IF(SUMIFS(清洗后明细!M:M,清洗后明细!A:A,"2026-04",清洗后明细!E:E,"零犀毅航",清洗后明细!D:D,"人机")>0,SUMIFS(清洗后明细!M:M,清洗后明细!A:A,"2026-04",清洗后明细!E:E,"零犀毅航",清洗后明细!D:D,"人机")/SUMIFS(清洗后明细!N:N,清洗后明细!A:A,"2026-04",清洗后明细!E:E,"零犀毅航",清洗后明细!D:D,"人机"),"") | F43: =IF(SUMIFS(清洗后明细!M:M,清洗后明细!A:A,"2026-04",清洗后明细!E:E,"零犀毅航",清洗后明细!D:D,"人机")>0,SUMIFS(清洗后明细!M:M,清洗后明细!A:A,"2026-04",清洗后明细!E:E,"零犀毅航",清洗后明细!D:D,"人机")/SUMIFS(清洗后明细!N:N,清洗后明细!A:A,"2026-04",清洗后明细!E:E,"零犀毅航",清洗后明细!D:D,"人机")*0.7,"") | G43: =IF(SUMIFS(清洗后明细!L:L,清洗后明细!A:A,"2026-04",清洗后明细!E:E,"零犀毅航",清洗后明细!D:D,"人机")>0,SUMIFS(清洗后明细!I:I,清洗后明细!A:A,"2026-04",清洗后明细!E:E,"零犀毅航",清洗后明细!D:D,"人机")/SUMIFS(清洗后明细!L:L,清洗后明细!A:A,"2026-04",清洗后明细!E:E,"零犀毅航",清洗后明细!D:D,"人机")*100,"") | H43: =IF(SUMIFS(清洗后明细!F:F,清洗后明细!A:A,"2026-04",清洗后明细!E:E,"零犀毅航",清洗后明细!D:D,"人机")>0,SUMIFS(清洗后明细!G:G,清洗后明细!A:A,"2026-04",清洗后明细!E:E,"零犀毅航",清洗后明细!D:D,"人机")/SUMIFS(清洗后明细!F:F,清洗后明细!A:A,"2026-04",清洗后明细!E:E,"零犀毅航",清洗后明细!D:D,"人机")*100,"") | I43: =IF(SUMIFS(清洗后明细!G:G,清洗后明细!A:A,"2026-04",清洗后明细!E:E,"零犀毅航",清洗后明细!D:D,"人机")>0,SUMIFS(清洗后明细!H:H,清洗后明细!A:A,"2026-04",清洗后明细!E:E,"零犀毅航",清洗后明细!D:D,"人机")/SUMIFS(清洗后明细!G:G,清洗后明细!A:A,"2026-04",清洗后明细!E:E,"零犀毅航",清洗后明细!D:D,"人机"),"")
A44: 零犀毅航 | B44: 2026-05 | C44: =SUMIFS(清洗后明细!M:M,清洗后明细!A:A,"2026-05",清洗后明细!E:E,"零犀毅航",清洗后明细!D:D,"人机") | D44: =SUMIFS(清洗后明细!N:N,清洗后明细!A:A,"2026-05",清洗后明细!E:E,"零犀毅航",清洗后明细!D:D,"人机") | E44: =IF(SUMIFS(清洗后明细!M:M,清洗后明细!A:A,"2026-05",清洗后明细!E:E,"零犀毅航",清洗后明细!D:D,"人机")>0,SUMIFS(清洗后明细!M:M,清洗后明细!A:A,"2026-05",清洗后明细!E:E,"零犀毅航",清洗后明细!D:D,"人机")/SUMIFS(清洗后明细!N:N,清洗后明细!A:A,"2026-05",清洗后明细!E:E,"零犀毅航",清洗后明细!D:D,"人机"),"") | F44: =IF(SUMIFS(清洗后明细!M:M,清洗后明细!A:A,"2026-05",清洗后明细!E:E,"零犀毅航",清洗后明细!D:D,"人机")>0,SUMIFS(清洗后明细!M:M,清洗后明细!A:A,"2026-05",清洗后明细!E:E,"零犀毅航",清洗后明细!D:D,"人机")/SUMIFS(清洗后明细!N:N,清洗后明细!A:A,"2026-05",清洗后明细!E:E,"零犀毅航",清洗后明细!D:D,"人机")*0.7,"") | G44: =IF(SUMIFS(清洗后明细!L:L,清洗后明细!A:A,"2026-05",清洗后明细!E:E,"零犀毅航",清洗后明细!D:D,"人机")>0,SUMIFS(清洗后明细!I:I,清洗后明细!A:A,"2026-05",清洗后明细!E:E,"零犀毅航",清洗后明细!D:D,"人机")/SUMIFS(清洗后明细!L:L,清洗后明细!A:A,"2026-05",清洗后明细!E:E,"零犀毅航",清洗后明细!D:D,"人机")*100,"") | H44: =IF(SUMIFS(清洗后明细!F:F,清洗后明细!A:A,"2026-05",清洗后明细!E:E,"零犀毅航",清洗后明细!D:D,"人机")>0,SUMIFS(清洗后明细!G:G,清洗后明细!A:A,"2026-05",清洗后明细!E:E,"零犀毅航",清洗后明细!D:D,"人机")/SUMIFS(清洗后明细!F:F,清洗后明细!A:A,"2026-05",清洗后明细!E:E,"零犀毅航",清洗后明细!D:D,"人机")*100,"") | I44: =IF(SUMIFS(清洗后明细!G:G,清洗后明细!A:A,"2026-05",清洗后明细!E:E,"零犀毅航",清洗后明细!D:D,"人机")>0,SUMIFS(清洗后明细!H:H,清洗后明细!A:A,"2026-05",清洗后明细!E:E,"零犀毅航",清洗后明细!D:D,"人机")/SUMIFS(清洗后明细!G:G,清洗后明细!A:A,"2026-05",清洗后明细!E:E,"零犀毅航",清洗后明细!D:D,"人机"),"")
A45: 零犀毅航 | B45: 2026-06 | C45: =SUMIFS(清洗后明细!M:M,清洗后明细!A:A,"2026-06",清洗后明细!E:E,"零犀毅航",清洗后明细!D:D,"人机") | D45: =SUMIFS(清洗后明细!N:N,清洗后明细!A:A,"2026-06",清洗后明细!E:E,"零犀毅航",清洗后明细!D:D,"人机") | E45: =IF(SUMIFS(清洗后明细!M:M,清洗后明细!A:A,"2026-06",清洗后明细!E:E,"零犀毅航",清洗后明细!D:D,"人机")>0,SUMIFS(清洗后明细!M:M,清洗后明细!A:A,"2026-06",清洗后明细!E:E,"零犀毅航",清洗后明细!D:D,"人机")/SUMIFS(清洗后明细!N:N,清洗后明细!A:A,"2026-06",清洗后明细!E:E,"零犀毅航",清洗后明细!D:D,"人机"),"") | F45: =IF(SUMIFS(清洗后明细!M:M,清洗后明细!A:A,"2026-06",清洗后明细!E:E,"零犀毅航",清洗后明细!D:D,"人机")>0,SUMIFS(清洗后明细!M:M,清洗后明细!A:A,"2026-06",清洗后明细!E:E,"零犀毅航",清洗后明细!D:D,"人机")/SUMIFS(清洗后明细!N:N,清洗后明细!A:A,"2026-06",清洗后明细!E:E,"零犀毅航",清洗后明细!D:D,"人机")*0.7,"") | G45: =IF(SUMIFS(清洗后明细!L:L,清洗后明细!A:A,"2026-06",清洗后明细!E:E,"零犀毅航",清洗后明细!D:D,"人机")>0,SUMIFS(清洗后明细!I:I,清洗后明细!A:A,"2026-06",清洗后明细!E:E,"零犀毅航",清洗后明细!D:D,"人机")/SUMIFS(清洗后明细!L:L,清洗后明细!A:A,"2026-06",清洗后明细!E:E,"零犀毅航",清洗后明细!D:D,"人机")*100,"") | H45: =IF(SUMIFS(清洗后明细!F:F,清洗后明细!A:A,"2026-06",清洗后明细!E:E,"零犀毅航",清洗后明细!D:D,"人机")>0,SUMIFS(清洗后明细!G:G,清洗后明细!A:A,"2026-06",清洗后明细!E:E,"零犀毅航",清洗后明细!D:D,"人机")/SUMIFS(清洗后明细!F:F,清洗后明细!A:A,"2026-06",清洗后明细!E:E,"零犀毅航",清洗后明细!D:D,"人机")*100,"") | I45: =IF(SUMIFS(清洗后明细!G:G,清洗后明细!A:A,"2026-06",清洗后明细!E:E,"零犀毅航",清洗后明细!D:D,"人机")>0,SUMIFS(清洗后明细!H:H,清洗后明细!A:A,"2026-06",清洗后明细!E:E,"零犀毅航",清洗后明细!D:D,"人机")/SUMIFS(清洗后明细!G:G,清洗后明细!A:A,"2026-06",清洗后明细!E:E,"零犀毅航",清洗后明细!D:D,"人机"),"")
A46: 零犀毛毛虫 | B46: 2025-12 | C46: =SUMIFS(清洗后明细!M:M,清洗后明细!A:A,"2025-12",清洗后明细!E:E,"零犀毛毛虫",清洗后明细!D:D,"人机") | D46: =SUMIFS(清洗后明细!N:N,清洗后明细!A:A,"2025-12",清洗后明细!E:E,"零犀毛毛虫",清洗后明细!D:D,"人机") | E46: =IF(SUMIFS(清洗后明细!M:M,清洗后明细!A:A,"2025-12",清洗后明细!E:E,"零犀毛毛虫",清洗后明细!D:D,"人机")>0,SUMIFS(清洗后明细!M:M,清洗后明细!A:A,"2025-12",清洗后明细!E:E,"零犀毛毛虫",清洗后明细!D:D,"人机")/SUMIFS(清洗后明细!N:N,清洗后明细!A:A,"2025-12",清洗后明细!E:E,"零犀毛毛虫",清洗后明细!D:D,"人机"),"") | F46: =IF(SUMIFS(清洗后明细!M:M,清洗后明细!A:A,"2025-12",清洗后明细!E:E,"零犀毛毛虫",清洗后明细!D:D,"人机")>0,SUMIFS(清洗后明细!M:M,清洗后明细!A:A,"2025-12",清洗后明细!E:E,"零犀毛毛虫",清洗后明细!D:D,"人机")/SUMIFS(清洗后明细!N:N,清洗后明细!A:A,"2025-12",清洗后明细!E:E,"零犀毛毛虫",清洗后明细!D:D,"人机")*0.7,"") | G46: =IF(SUMIFS(清洗后明细!L:L,清洗后明细!A:A,"2025-12",清洗后明细!E:E,"零犀毛毛虫",清洗后明细!D:D,"人机")>0,SUMIFS(清洗后明细!I:I,清洗后明细!A:A,"2025-12",清洗后明细!E:E,"零犀毛毛虫",清洗后明细!D:D,"人机")/SUMIFS(清洗后明细!L:L,清洗后明细!A:A,"2025-12",清洗后明细!E:E,"零犀毛毛虫",清洗后明细!D:D,"人机")*100,"") | H46: =IF(SUMIFS(清洗后明细!F:F,清洗后明细!A:A,"2025-12",清洗后明细!E:E,"零犀毛毛虫",清洗后明细!D:D,"人机")>0,SUMIFS(清洗后明细!G:G,清洗后明细!A:A,"2025-12",清洗后明细!E:E,"零犀毛毛虫",清洗后明细!D:D,"人机")/SUMIFS(清洗后明细!F:F,清洗后明细!A:A,"2025-12",清洗后明细!E:E,"零犀毛毛虫",清洗后明细!D:D,"人机")*100,"") | I46: =IF(SUMIFS(清洗后明细!G:G,清洗后明细!A:A,"2025-12",清洗后明细!E:E,"零犀毛毛虫",清洗后明细!D:D,"人机")>0,SUMIFS(清洗后明细!H:H,清洗后明细!A:A,"2025-12",清洗后明细!E:E,"零犀毛毛虫",清洗后明细!D:D,"人机")/SUMIFS(清洗后明细!G:G,清洗后明细!A:A,"2025-12",清洗后明细!E:E,"零犀毛毛虫",清洗后明细!D:D,"人机"),"")
A47: 零犀毛毛虫 | B47: 2026-01 | C47: =SUMIFS(清洗后明细!M:M,清洗后明细!A:A,"2026-01",清洗后明细!E:E,"零犀毛毛虫",清洗后明细!D:D,"人机") | D47: =SUMIFS(清洗后明细!N:N,清洗后明细!A:A,"2026-01",清洗后明细!E:E,"零犀毛毛虫",清洗后明细!D:D,"人机") | E47: =IF(SUMIFS(清洗后明细!M:M,清洗后明细!A:A,"2026-01",清洗后明细!E:E,"零犀毛毛虫",清洗后明细!D:D,"人机")>0,SUMIFS(清洗后明细!M:M,清洗后明细!A:A,"2026-01",清洗后明细!E:E,"零犀毛毛虫",清洗后明细!D:D,"人机")/SUMIFS(清洗后明细!N:N,清洗后明细!A:A,"2026-01",清洗后明细!E:E,"零犀毛毛虫",清洗后明细!D:D,"人机"),"") | F47: =IF(SUMIFS(清洗后明细!M:M,清洗后明细!A:A,"2026-01",清洗后明细!E:E,"零犀毛毛虫",清洗后明细!D:D,"人机")>0,SUMIFS(清洗后明细!M:M,清洗后明细!A:A,"2026-01",清洗后明细!E:E,"零犀毛毛虫",清洗后明细!D:D,"人机")/SUMIFS(清洗后明细!N:N,清洗后明细!A:A,"2026-01",清洗后明细!E:E,"零犀毛毛虫",清洗后明细!D:D,"人机")*0.7,"") | G47: =IF(SUMIFS(清洗后明细!L:L,清洗后明细!A:A,"2026-01",清洗后明细!E:E,"零犀毛毛虫",清洗后明细!D:D,"人机")>0,SUMIFS(清洗后明细!I:I,清洗后明细!A:A,"2026-01",清洗后明细!E:E,"零犀毛毛虫",清洗后明细!D:D,"人机")/SUMIFS(清洗后明细!L:L,清洗后明细!A:A,"2026-01",清洗后明细!E:E,"零犀毛毛虫",清洗后明细!D:D,"人机")*100,"") | H47: =IF(SUMIFS(清洗后明细!F:F,清洗后明细!A:A,"2026-01",清洗后明细!E:E,"零犀毛毛虫",清洗后明细!D:D,"人机")>0,SUMIFS(清洗后明细!G:G,清洗后明细!A:A,"2026-01",清洗后明细!E:E,"零犀毛毛虫",清洗后明细!D:D,"人机")/SUMIFS(清洗后明细!F:F,清洗后明细!A:A,"2026-01",清洗后明细!E:E,"零犀毛毛虫",清洗后明细!D:D,"人机")*100,"") | I47: =IF(SUMIFS(清洗后明细!G:G,清洗后明细!A:A,"2026-01",清洗后明细!E:E,"零犀毛毛虫",清洗后明细!D:D,"人机")>0,SUMIFS(清洗后明细!H:H,清洗后明细!A:A,"2026-01",清洗后明细!E:E,"零犀毛毛虫",清洗后明细!D:D,"人机")/SUMIFS(清洗后明细!G:G,清洗后明细!A:A,"2026-01",清洗后明细!E:E,"零犀毛毛虫",清洗后明细!D:D,"人机"),"")
A48: 零犀毛毛虫 | B48: 2026-02 | C48: =SUMIFS(清洗后明细!M:M,清洗后明细!A:A,"2026-02",清洗后明细!E:E,"零犀毛毛虫",清洗后明细!D:D,"人机") | D48: =SUMIFS(清洗后明细!N:N,清洗后明细!A:A,"2026-02",清洗后明细!E:E,"零犀毛毛虫",清洗后明细!D:D,"人机") | E48: =IF(SUMIFS(清洗后明细!M:M,清洗后明细!A:A,"2026-02",清洗后明细!E:E,"零犀毛毛虫",清洗后明细!D:D,"人机")>0,SUMIFS(清洗后明细!M:M,清洗后明细!A:A,"2026-02",清洗后明细!E:E,"零犀毛毛虫",清洗后明细!D:D,"人机")/SUMIFS(清洗后明细!N:N,清洗后明细!A:A,"2026-02",清洗后明细!E:E,"零犀毛毛虫",清洗后明细!D:D,"人机"),"") | F48: =IF(SUMIFS(清洗后明细!M:M,清洗后明细!A:A,"2026-02",清洗后明细!E:E,"零犀毛毛虫",清洗后明细!D:D,"人机")>0,SUMIFS(清洗后明细!M:M,清洗后明细!A:A,"2026-02",清洗后明细!E:E,"零犀毛毛虫",清洗后明细!D:D,"人机")/SUMIFS(清洗后明细!N:N,清洗后明细!A:A,"2026-02",清洗后明细!E:E,"零犀毛毛虫",清洗后明细!D:D,"人机")*0.7,"") | G48: =IF(SUMIFS(清洗后明细!L:L,清洗后明细!A:A,"2026-02",清洗后明细!E:E,"零犀毛毛虫",清洗后明细!D:D,"人机")>0,SUMIFS(清洗后明细!I:I,清洗后明细!A:A,"2026-02",清洗后明细!E:E,"零犀毛毛虫",清洗后明细!D:D,"人机")/SUMIFS(清洗后明细!L:L,清洗后明细!A:A,"2026-02",清洗后明细!E:E,"零犀毛毛虫",清洗后明细!D:D,"人机")*100,"") | H48: =IF(SUMIFS(清洗后明细!F:F,清洗后明细!A:A,"2026-02",清洗后明细!E:E,"零犀毛毛虫",清洗后明细!D:D,"人机")>0,SUMIFS(清洗后明细!G:G,清洗后明细!A:A,"2026-02",清洗后明细!E:E,"零犀毛毛虫",清洗后明细!D:D,"人机")/SUMIFS(清洗后明细!F:F,清洗后明细!A:A,"2026-02",清洗后明细!E:E,"零犀毛毛虫",清洗后明细!D:D,"人机")*100,"") | I48: =IF(SUMIFS(清洗后明细!G:G,清洗后明细!A:A,"2026-02",清洗后明细!E:E,"零犀毛毛虫",清洗后明细!D:D,"人机")>0,SUMIFS(清洗后明细!H:H,清洗后明细!A:A,"2026-02",清洗后明细!E:E,"零犀毛毛虫",清洗后明细!D:D,"人机")/SUMIFS(清洗后明细!G:G,清洗后明细!A:A,"2026-02",清洗后明细!E:E,"零犀毛毛虫",清洗后明细!D:D,"人机"),"")
A49: 零犀毛毛虫 | B49: 2026-03 | C49: =SUMIFS(清洗后明细!M:M,清洗后明细!A:A,"2026-03",清洗后明细!E:E,"零犀毛毛虫",清洗后明细!D:D,"人机") | D49: =SUMIFS(清洗后明细!N:N,清洗后明细!A:A,"2026-03",清洗后明细!E:E,"零犀毛毛虫",清洗后明细!D:D,"人机") | E49: =IF(SUMIFS(清洗后明细!M:M,清洗后明细!A:A,"2026-03",清洗后明细!E:E,"零犀毛毛虫",清洗后明细!D:D,"人机")>0,SUMIFS(清洗后明细!M:M,清洗后明细!A:A,"2026-03",清洗后明细!E:E,"零犀毛毛虫",清洗后明细!D:D,"人机")/SUMIFS(清洗后明细!N:N,清洗后明细!A:A,"2026-03",清洗后明细!E:E,"零犀毛毛虫",清洗后明细!D:D,"人机"),"") | F49: =IF(SUMIFS(清洗后明细!M:M,清洗后明细!A:A,"2026-03",清洗后明细!E:E,"零犀毛毛虫",清洗后明细!D:D,"人机")>0,SUMIFS(清洗后明细!M:M,清洗后明细!A:A,"2026-03",清洗后明细!E:E,"零犀毛毛虫",清洗后明细!D:D,"人机")/SUMIFS(清洗后明细!N:N,清洗后明细!A:A,"2026-03",清洗后明细!E:E,"零犀毛毛虫",清洗后明细!D:D,"人机")*0.7,"") | G49: =IF(SUMIFS(清洗后明细!L:L,清洗后明细!A:A,"2026-03",清洗后明细!E:E,"零犀毛毛虫",清洗后明细!D:D,"人机")>0,SUMIFS(清洗后明细!I:I,清洗后明细!A:A,"2026-03",清洗后明细!E:E,"零犀毛毛虫",清洗后明细!D:D,"人机")/SUMIFS(清洗后明细!L:L,清洗后明细!A:A,"2026-03",清洗后明细!E:E,"零犀毛毛虫",清洗后明细!D:D,"人机")*100,"") | H49: =IF(SUMIFS(清洗后明细!F:F,清洗后明细!A:A,"2026-03",清洗后明细!E:E,"零犀毛毛虫",清洗后明细!D:D,"人机")>0,SUMIFS(清洗后明细!G:G,清洗后明细!A:A,"2026-03",清洗后明细!E:E,"零犀毛毛虫",清洗后明细!D:D,"人机")/SUMIFS(清洗后明细!F:F,清洗后明细!A:A,"2026-03",清洗后明细!E:E,"零犀毛毛虫",清洗后明细!D:D,"人机")*100,"") | I49: =IF(SUMIFS(清洗后明细!G:G,清洗后明细!A:A,"2026-03",清洗后明细!E:E,"零犀毛毛虫",清洗后明细!D:D,"人机")>0,SUMIFS(清洗后明细!H:H,清洗后明细!A:A,"2026-03",清洗后明细!E:E,"零犀毛毛虫",清洗后明细!D:D,"人机")/SUMIFS(清洗后明细!G:G,清洗后明细!A:A,"2026-03",清洗后明细!E:E,"零犀毛毛虫",清洗后明细!D:D,"人机"),"")
A50: 零犀毛毛虫 | B50: 2026-04 | C50: =SUMIFS(清洗后明细!M:M,清洗后明细!A:A,"2026-04",清洗后明细!E:E,"零犀毛毛虫",清洗后明细!D:D,"人机") | D50: =SUMIFS(清洗后明细!N:N,清洗后明细!A:A,"2026-04",清洗后明细!E:E,"零犀毛毛虫",清洗后明细!D:D,"人机") | E50: =IF(SUMIFS(清洗后明细!M:M,清洗后明细!A:A,"2026-04",清洗后明细!E:E,"零犀毛毛虫",清洗后明细!D:D,"人机")>0,SUMIFS(清洗后明细!M:M,清洗后明细!A:A,"2026-04",清洗后明细!E:E,"零犀毛毛虫",清洗后明细!D:D,"人机")/SUMIFS(清洗后明细!N:N,清洗后明细!A:A,"2026-04",清洗后明细!E:E,"零犀毛毛虫",清洗后明细!D:D,"人机"),"") | F50: =IF(SUMIFS(清洗后明细!M:M,清洗后明细!A:A,"2026-04",清洗后明细!E:E,"零犀毛毛虫",清洗后明细!D:D,"人机")>0,SUMIFS(清洗后明细!M:M,清洗后明细!A:A,"2026-04",清洗后明细!E:E,"零犀毛毛虫",清洗后明细!D:D,"人机")/SUMIFS(清洗后明细!N:N,清洗后明细!A:A,"2026-04",清洗后明细!E:E,"零犀毛毛虫",清洗后明细!D:D,"人机")*0.7,"") | G50: =IF(SUMIFS(清洗后明细!L:L,清洗后明细!A:A,"2026-04",清洗后明细!E:E,"零犀毛毛虫",清洗后明细!D:D,"人机")>0,SUMIFS(清洗后明细!I:I,清洗后明细!A:A,"2026-04",清洗后明细!E:E,"零犀毛毛虫",清洗后明细!D:D,"人机")/SUMIFS(清洗后明细!L:L,清洗后明细!A:A,"2026-04",清洗后明细!E:E,"零犀毛毛虫",清洗后明细!D:D,"人机")*100,"") | H50: =IF(SUMIFS(清洗后明细!F:F,清洗后明细!A:A,"2026-04",清洗后明细!E:E,"零犀毛毛虫",清洗后明细!D:D,"人机")>0,SUMIFS(清洗后明细!G:G,清洗后明细!A:A,"2026-04",清洗后明细!E:E,"零犀毛毛虫",清洗后明细!D:D,"人机")/SUMIFS(清洗后明细!F:F,清洗后明细!A:A,"2026-04",清洗后明细!E:E,"零犀毛毛虫",清洗后明细!D:D,"人机")*100,"") | I50: =IF(SUMIFS(清洗后明细!G:G,清洗后明细!A:A,"2026-04",清洗后明细!E:E,"零犀毛毛虫",清洗后明细!D:D,"人机")>0,SUMIFS(清洗后明细!H:H,清洗后明细!A:A,"2026-04",清洗后明细!E:E,"零犀毛毛虫",清洗后明细!D:D,"人机")/SUMIFS(清洗后明细!G:G,清洗后明细!A:A,"2026-04",清洗后明细!E:E,"零犀毛毛虫",清洗后明细!D:D,"人机"),"")
A51: 零犀毛毛虫 | B51: 2026-05 | C51: =SUMIFS(清洗后明细!M:M,清洗后明细!A:A,"2026-05",清洗后明细!E:E,"零犀毛毛虫",清洗后明细!D:D,"人机") | D51: =SUMIFS(清洗后明细!N:N,清洗后明细!A:A,"2026-05",清洗后明细!E:E,"零犀毛毛虫",清洗后明细!D:D,"人机") | E51: =IF(SUMIFS(清洗后明细!M:M,清洗后明细!A:A,"2026-05",清洗后明细!E:E,"零犀毛毛虫",清洗后明细!D:D,"人机")>0,SUMIFS(清洗后明细!M:M,清洗后明细!A:A,"2026-05",清洗后明细!E:E,"零犀毛毛虫",清洗后明细!D:D,"人机")/SUMIFS(清洗后明细!N:N,清洗后明细!A:A,"2026-05",清洗后明细!E:E,"零犀毛毛虫",清洗后明细!D:D,"人机"),"") | F51: =IF(SUMIFS(清洗后明细!M:M,清洗后明细!A:A,"2026-05",清洗后明细!E:E,"零犀毛毛虫",清洗后明细!D:D,"人机")>0,SUMIFS(清洗后明细!M:M,清洗后明细!A:A,"2026-05",清洗后明细!E:E,"零犀毛毛虫",清洗后明细!D:D,"人机")/SUMIFS(清洗后明细!N:N,清洗后明细!A:A,"2026-05",清洗后明细!E:E,"零犀毛毛虫",清洗后明细!D:D,"人机")*0.7,"") | G51: =IF(SUMIFS(清洗后明细!L:L,清洗后明细!A:A,"2026-05",清洗后明细!E:E,"零犀毛毛虫",清洗后明细!D:D,"人机")>0,SUMIFS(清洗后明细!I:I,清洗后明细!A:A,"2026-05",清洗后明细!E:E,"零犀毛毛虫",清洗后明细!D:D,"人机")/SUMIFS(清洗后明细!L:L,清洗后明细!A:A,"2026-05",清洗后明细!E:E,"零犀毛毛虫",清洗后明细!D:D,"人机")*100,"") | H51: =IF(SUMIFS(清洗后明细!F:F,清洗后明细!A:A,"2026-05",清洗后明细!E:E,"零犀毛毛虫",清洗后明细!D:D,"人机")>0,SUMIFS(清洗后明细!G:G,清洗后明细!A:A,"2026-05",清洗后明细!E:E,"零犀毛毛虫",清洗后明细!D:D,"人机")/SUMIFS(清洗后明细!F:F,清洗后明细!A:A,"2026-05",清洗后明细!E:E,"零犀毛毛虫",清洗后明细!D:D,"人机")*100,"") | I51: =IF(SUMIFS(清洗后明细!G:G,清洗后明细!A:A,"2026-05",清洗后明细!E:E,"零犀毛毛虫",清洗后明细!D:D,"人机")>0,SUMIFS(清洗后明细!H:H,清洗后明细!A:A,"2026-05",清洗后明细!E:E,"零犀毛毛虫",清洗后明细!D:D,"人机")/SUMIFS(清洗后明细!G:G,清洗后明细!A:A,"2026-05",清洗后明细!E:E,"零犀毛毛虫",清洗后明细!D:D,"人机"),"")
A52: 零犀毛毛虫 | B52: 2026-06 | C52: =SUMIFS(清洗后明细!M:M,清洗后明细!A:A,"2026-06",清洗后明细!E:E,"零犀毛毛虫",清洗后明细!D:D,"人机") | D52: =SUMIFS(清洗后明细!N:N,清洗后明细!A:A,"2026-06",清洗后明细!E:E,"零犀毛毛虫",清洗后明细!D:D,"人机") | E52: =IF(SUMIFS(清洗后明细!M:M,清洗后明细!A:A,"2026-06",清洗后明细!E:E,"零犀毛毛虫",清洗后明细!D:D,"人机")>0,SUMIFS(清洗后明细!M:M,清洗后明细!A:A,"2026-06",清洗后明细!E:E,"零犀毛毛虫",清洗后明细!D:D,"人机")/SUMIFS(清洗后明细!N:N,清洗后明细!A:A,"2026-06",清洗后明细!E:E,"零犀毛毛虫",清洗后明细!D:D,"人机"),"") | F52: =IF(SUMIFS(清洗后明细!M:M,清洗后明细!A:A,"2026-06",清洗后明细!E:E,"零犀毛毛虫",清洗后明细!D:D,"人机")>0,SUMIFS(清洗后明细!M:M,清洗后明细!A:A,"2026-06",清洗后明细!E:E,"零犀毛毛虫",清洗后明细!D:D,"人机")/SUMIFS(清洗后明细!N:N,清洗后明细!A:A,"2026-06",清洗后明细!E:E,"零犀毛毛虫",清洗后明细!D:D,"人机")*0.7,"") | G52: =IF(SUMIFS(清洗后明细!L:L,清洗后明细!A:A,"2026-06",清洗后明细!E:E,"零犀毛毛虫",清洗后明细!D:D,"人机")>0,SUMIFS(清洗后明细!I:I,清洗后明细!A:A,"2026-06",清洗后明细!E:E,"零犀毛毛虫",清洗后明细!D:D,"人机")/SUMIFS(清洗后明细!L:L,清洗后明细!A:A,"2026-06",清洗后明细!E:E,"零犀毛毛虫",清洗后明细!D:D,"人机")*100,"") | H52: =IF(SUMIFS(清洗后明细!F:F,清洗后明细!A:A,"2026-06",清洗后明细!E:E,"零犀毛毛虫",清洗后明细!D:D,"人机")>0,SUMIFS(清洗后明细!G:G,清洗后明细!A:A,"2026-06",清洗后明细!E:E,"零犀毛毛虫",清洗后明细!D:D,"人机")/SUMIFS(清洗后明细!F:F,清洗后明细!A:A,"2026-06",清洗后明细!E:E,"零犀毛毛虫",清洗后明细!D:D,"人机")*100,"") | I52: =IF(SUMIFS(清洗后明细!G:G,清洗后明细!A:A,"2026-06",清洗后明细!E:E,"零犀毛毛虫",清洗后明细!D:D,"人机")>0,SUMIFS(清洗后明细!H:H,清洗后明细!A:A,"2026-06",清洗后明细!E:E,"零犀毛毛虫",清洗后明细!D:D,"人机")/SUMIFS(清洗后明细!G:G,清洗后明细!A:A,"2026-06",清洗后明细!E:E,"零犀毛毛虫",清洗后明细!D:D,"人机"),"")
A53: 零犀赛维斯 | B53: 2025-12 | C53: =SUMIFS(清洗后明细!M:M,清洗后明细!A:A,"2025-12",清洗后明细!E:E,"零犀赛维斯",清洗后明细!D:D,"人机") | D53: =SUMIFS(清洗后明细!N:N,清洗后明细!A:A,"2025-12",清洗后明细!E:E,"零犀赛维斯",清洗后明细!D:D,"人机") | E53: =IF(SUMIFS(清洗后明细!M:M,清洗后明细!A:A,"2025-12",清洗后明细!E:E,"零犀赛维斯",清洗后明细!D:D,"人机")>0,SUMIFS(清洗后明细!M:M,清洗后明细!A:A,"2025-12",清洗后明细!E:E,"零犀赛维斯",清洗后明细!D:D,"人机")/SUMIFS(清洗后明细!N:N,清洗后明细!A:A,"2025-12",清洗后明细!E:E,"零犀赛维斯",清洗后明细!D:D,"人机"),"") | F53: =IF(SUMIFS(清洗后明细!M:M,清洗后明细!A:A,"2025-12",清洗后明细!E:E,"零犀赛维斯",清洗后明细!D:D,"人机")>0,SUMIFS(清洗后明细!M:M,清洗后明细!A:A,"2025-12",清洗后明细!E:E,"零犀赛维斯",清洗后明细!D:D,"人机")/SUMIFS(清洗后明细!N:N,清洗后明细!A:A,"2025-12",清洗后明细!E:E,"零犀赛维斯",清洗后明细!D:D,"人机")*0.7,"") | G53: =IF(SUMIFS(清洗后明细!L:L,清洗后明细!A:A,"2025-12",清洗后明细!E:E,"零犀赛维斯",清洗后明细!D:D,"人机")>0,SUMIFS(清洗后明细!I:I,清洗后明细!A:A,"2025-12",清洗后明细!E:E,"零犀赛维斯",清洗后明细!D:D,"人机")/SUMIFS(清洗后明细!L:L,清洗后明细!A:A,"2025-12",清洗后明细!E:E,"零犀赛维斯",清洗后明细!D:D,"人机")*100,"") | H53: =IF(SUMIFS(清洗后明细!F:F,清洗后明细!A:A,"2025-12",清洗后明细!E:E,"零犀赛维斯",清洗后明细!D:D,"人机")>0,SUMIFS(清洗后明细!G:G,清洗后明细!A:A,"2025-12",清洗后明细!E:E,"零犀赛维斯",清洗后明细!D:D,"人机")/SUMIFS(清洗后明细!F:F,清洗后明细!A:A,"2025-12",清洗后明细!E:E,"零犀赛维斯",清洗后明细!D:D,"人机")*100,"") | I53: =IF(SUMIFS(清洗后明细!G:G,清洗后明细!A:A,"2025-12",清洗后明细!E:E,"零犀赛维斯",清洗后明细!D:D,"人机")>0,SUMIFS(清洗后明细!H:H,清洗后明细!A:A,"2025-12",清洗后明细!E:E,"零犀赛维斯",清洗后明细!D:D,"人机")/SUMIFS(清洗后明细!G:G,清洗后明细!A:A,"2025-12",清洗后明细!E:E,"零犀赛维斯",清洗后明细!D:D,"人机"),"")
A54: 零犀赛维斯 | B54: 2026-01 | C54: =SUMIFS(清洗后明细!M:M,清洗后明细!A:A,"2026-01",清洗后明细!E:E,"零犀赛维斯",清洗后明细!D:D,"人机") | D54: =SUMIFS(清洗后明细!N:N,清洗后明细!A:A,"2026-01",清洗后明细!E:E,"零犀赛维斯",清洗后明细!D:D,"人机") | E54: =IF(SUMIFS(清洗后明细!M:M,清洗后明细!A:A,"2026-01",清洗后明细!E:E,"零犀赛维斯",清洗后明细!D:D,"人机")>0,SUMIFS(清洗后明细!M:M,清洗后明细!A:A,"2026-01",清洗后明细!E:E,"零犀赛维斯",清洗后明细!D:D,"人机")/SUMIFS(清洗后明细!N:N,清洗后明细!A:A,"2026-01",清洗后明细!E:E,"零犀赛维斯",清洗后明细!D:D,"人机"),"") | F54: =IF(SUMIFS(清洗后明细!M:M,清洗后明细!A:A,"2026-01",清洗后明细!E:E,"零犀赛维斯",清洗后明细!D:D,"人机")>0,SUMIFS(清洗后明细!M:M,清洗后明细!A:A,"2026-01",清洗后明细!E:E,"零犀赛维斯",清洗后明细!D:D,"人机")/SUMIFS(清洗后明细!N:N,清洗后明细!A:A,"2026-01",清洗后明细!E:E,"零犀赛维斯",清洗后明细!D:D,"人机")*0.7,"") | G54: =IF(SUMIFS(清洗后明细!L:L,清洗后明细!A:A,"2026-01",清洗后明细!E:E,"零犀赛维斯",清洗后明细!D:D,"人机")>0,SUMIFS(清洗后明细!I:I,清洗后明细!A:A,"2026-01",清洗后明细!E:E,"零犀赛维斯",清洗后明细!D:D,"人机")/SUMIFS(清洗后明细!L:L,清洗后明细!A:A,"2026-01",清洗后明细!E:E,"零犀赛维斯",清洗后明细!D:D,"人机")*100,"") | H54: =IF(SUMIFS(清洗后明细!F:F,清洗后明细!A:A,"2026-01",清洗后明细!E:E,"零犀赛维斯",清洗后明细!D:D,"人机")>0,SUMIFS(清洗后明细!G:G,清洗后明细!A:A,"2026-01",清洗后明细!E:E,"零犀赛维斯",清洗后明细!D:D,"人机")/SUMIFS(清洗后明细!F:F,清洗后明细!A:A,"2026-01",清洗后明细!E:E,"零犀赛维斯",清洗后明细!D:D,"人机")*100,"") | I54: =IF(SUMIFS(清洗后明细!G:G,清洗后明细!A:A,"2026-01",清洗后明细!E:E,"零犀赛维斯",清洗后明细!D:D,"人机")>0,SUMIFS(清洗后明细!H:H,清洗后明细!A:A,"2026-01",清洗后明细!E:E,"零犀赛维斯",清洗后明细!D:D,"人机")/SUMIFS(清洗后明细!G:G,清洗后明细!A:A,"2026-01",清洗后明细!E:E,"零犀赛维斯",清洗后明细!D:D,"人机"),"")
A55: 零犀赛维斯 | B55: 2026-02 | C55: =SUMIFS(清洗后明细!M:M,清洗后明细!A:A,"2026-02",清洗后明细!E:E,"零犀赛维斯",清洗后明细!D:D,"人机") | D55: =SUMIFS(清洗后明细!N:N,清洗后明细!A:A,"2026-02",清洗后明细!E:E,"零犀赛维斯",清洗后明细!D:D,"人机") | E55: =IF(SUMIFS(清洗后明细!M:M,清洗后明细!A:A,"2026-02",清洗后明细!E:E,"零犀赛维斯",清洗后明细!D:D,"人机")>0,SUMIFS(清洗后明细!M:M,清洗后明细!A:A,"2026-02",清洗后明细!E:E,"零犀赛维斯",清洗后明细!D:D,"人机")/SUMIFS(清洗后明细!N:N,清洗后明细!A:A,"2026-02",清洗后明细!E:E,"零犀赛维斯",清洗后明细!D:D,"人机"),"") | F55: =IF(SUMIFS(清洗后明细!M:M,清洗后明细!A:A,"2026-02",清洗后明细!E:E,"零犀赛维斯",清洗后明细!D:D,"人机")>0,SUMIFS(清洗后明细!M:M,清洗后明细!A:A,"2026-02",清洗后明细!E:E,"零犀赛维斯",清洗后明细!D:D,"人机")/SUMIFS(清洗后明细!N:N,清洗后明细!A:A,"2026-02",清洗后明细!E:E,"零犀赛维斯",清洗后明细!D:D,"人机")*0.7,"") | G55: =IF(SUMIFS(清洗后明细!L:L,清洗后明细!A:A,"2026-02",清洗后明细!E:E,"零犀赛维斯",清洗后明细!D:D,"人机")>0,SUMIFS(清洗后明细!I:I,清洗后明细!A:A,"2026-02",清洗后明细!E:E,"零犀赛维斯",清洗后明细!D:D,"人机")/SUMIFS(清洗后明细!L:L,清洗后明细!A:A,"2026-02",清洗后明细!E:E,"零犀赛维斯",清洗后明细!D:D,"人机")*100,"") | H55: =IF(SUMIFS(清洗后明细!F:F,清洗后明细!A:A,"2026-02",清洗后明细!E:E,"零犀赛维斯",清洗后明细!D:D,"人机")>0,SUMIFS(清洗后明细!G:G,清洗后明细!A:A,"2026-02",清洗后明细!E:E,"零犀赛维斯",清洗后明细!D:D,"人机")/SUMIFS(清洗后明细!F:F,清洗后明细!A:A,"2026-02",清洗后明细!E:E,"零犀赛维斯",清洗后明细!D:D,"人机")*100,"") | I55: =IF(SUMIFS(清洗后明细!G:G,清洗后明细!A:A,"2026-02",清洗后明细!E:E,"零犀赛维斯",清洗后明细!D:D,"人机")>0,SUMIFS(清洗后明细!H:H,清洗后明细!A:A,"2026-02",清洗后明细!E:E,"零犀赛维斯",清洗后明细!D:D,"人机")/SUMIFS(清洗后明细!G:G,清洗后明细!A:A,"2026-02",清洗后明细!E:E,"零犀赛维斯",清洗后明细!D:D,"人机"),"")
A56: 零犀赛维斯 | B56: 2026-03 | C56: =SUMIFS(清洗后明细!M:M,清洗后明细!A:A,"2026-03",清洗后明细!E:E,"零犀赛维斯",清洗后明细!D:D,"人机") | D56: =SUMIFS(清洗后明细!N:N,清洗后明细!A:A,"2026-03",清洗后明细!E:E,"零犀赛维斯",清洗后明细!D:D,"人机") | E56: =IF(SUMIFS(清洗后明细!M:M,清洗后明细!A:A,"2026-03",清洗后明细!E:E,"零犀赛维斯",清洗后明细!D:D,"人机")>0,SUMIFS(清洗后明细!M:M,清洗后明细!A:A,"2026-03",清洗后明细!E:E,"零犀赛维斯",清洗后明细!D:D,"人机")/SUMIFS(清洗后明细!N:N,清洗后明细!A:A,"2026-03",清洗后明细!E:E,"零犀赛维斯",清洗后明细!D:D,"人机"),"") | F56: =IF(SUMIFS(清洗后明细!M:M,清洗后明细!A:A,"2026-03",清洗后明细!E:E,"零犀赛维斯",清洗后明细!D:D,"人机")>0,SUMIFS(清洗后明细!M:M,清洗后明细!A:A,"2026-03",清洗后明细!E:E,"零犀赛维斯",清洗后明细!D:D,"人机")/SUMIFS(清洗后明细!N:N,清洗后明细!A:A,"2026-03",清洗后明细!E:E,"零犀赛维斯",清洗后明细!D:D,"人机")*0.7,"") | G56: =IF(SUMIFS(清洗后明细!L:L,清洗后明细!A:A,"2026-03",清洗后明细!E:E,"零犀赛维斯",清洗后明细!D:D,"人机")>0,SUMIFS(清洗后明细!I:I,清洗后明细!A:A,"2026-03",清洗后明细!E:E,"零犀赛维斯",清洗后明细!D:D,"人机")/SUMIFS(清洗后明细!L:L,清洗后明细!A:A,"2026-03",清洗后明细!E:E,"零犀赛维斯",清洗后明细!D:D,"人机")*100,"") | H56: =IF(SUMIFS(清洗后明细!F:F,清洗后明细!A:A,"2026-03",清洗后明细!E:E,"零犀赛维斯",清洗后明细!D:D,"人机")>0,SUMIFS(清洗后明细!G:G,清洗后明细!A:A,"2026-03",清洗后明细!E:E,"零犀赛维斯",清洗后明细!D:D,"人机")/SUMIFS(清洗后明细!F:F,清洗后明细!A:A,"2026-03",清洗后明细!E:E,"零犀赛维斯",清洗后明细!D:D,"人机")*100,"") | I56: =IF(SUMIFS(清洗后明细!G:G,清洗后明细!A:A,"2026-03",清洗后明细!E:E,"零犀赛维斯",清洗后明细!D:D,"人机")>0,SUMIFS(清洗后明细!H:H,清洗后明细!A:A,"2026-03",清洗后明细!E:E,"零犀赛维斯",清洗后明细!D:D,"人机")/SUMIFS(清洗后明细!G:G,清洗后明细!A:A,"2026-03",清洗后明细!E:E,"零犀赛维斯",清洗后明细!D:D,"人机"),"")
A57: 零犀赛维斯 | B57: 2026-04 | C57: =SUMIFS(清洗后明细!M:M,清洗后明细!A:A,"2026-04",清洗后明细!E:E,"零犀赛维斯",清洗后明细!D:D,"人机") | D57: =SUMIFS(清洗后明细!N:N,清洗后明细!A:A,"2026-04",清洗后明细!E:E,"零犀赛维斯",清洗后明细!D:D,"人机") | E57: =IF(SUMIFS(清洗后明细!M:M,清洗后明细!A:A,"2026-04",清洗后明细!E:E,"零犀赛维斯",清洗后明细!D:D,"人机")>0,SUMIFS(清洗后明细!M:M,清洗后明细!A:A,"2026-04",清洗后明细!E:E,"零犀赛维斯",清洗后明细!D:D,"人机")/SUMIFS(清洗后明细!N:N,清洗后明细!A:A,"2026-04",清洗后明细!E:E,"零犀赛维斯",清洗后明细!D:D,"人机"),"") | F57: =IF(SUMIFS(清洗后明细!M:M,清洗后明细!A:A,"2026-04",清洗后明细!E:E,"零犀赛维斯",清洗后明细!D:D,"人机")>0,SUMIFS(清洗后明细!M:M,清洗后明细!A:A,"2026-04",清洗后明细!E:E,"零犀赛维斯",清洗后明细!D:D,"人机")/SUMIFS(清洗后明细!N:N,清洗后明细!A:A,"2026-04",清洗后明细!E:E,"零犀赛维斯",清洗后明细!D:D,"人机")*0.7,"") | G57: =IF(SUMIFS(清洗后明细!L:L,清洗后明细!A:A,"2026-04",清洗后明细!E:E,"零犀赛维斯",清洗后明细!D:D,"人机")>0,SUMIFS(清洗后明细!I:I,清洗后明细!A:A,"2026-04",清洗后明细!E:E,"零犀赛维斯",清洗后明细!D:D,"人机")/SUMIFS(清洗后明细!L:L,清洗后明细!A:A,"2026-04",清洗后明细!E:E,"零犀赛维斯",清洗后明细!D:D,"人机")*100,"") | H57: =IF(SUMIFS(清洗后明细!F:F,清洗后明细!A:A,"2026-04",清洗后明细!E:E,"零犀赛维斯",清洗后明细!D:D,"人机")>0,SUMIFS(清洗后明细!G:G,清洗后明细!A:A,"2026-04",清洗后明细!E:E,"零犀赛维斯",清洗后明细!D:D,"人机")/SUMIFS(清洗后明细!F:F,清洗后明细!A:A,"2026-04",清洗后明细!E:E,"零犀赛维斯",清洗后明细!D:D,"人机")*100,"") | I57: =IF(SUMIFS(清洗后明细!G:G,清洗后明细!A:A,"2026-04",清洗后明细!E:E,"零犀赛维斯",清洗后明细!D:D,"人机")>0,SUMIFS(清洗后明细!H:H,清洗后明细!A:A,"2026-04",清洗后明细!E:E,"零犀赛维斯",清洗后明细!D:D,"人机")/SUMIFS(清洗后明细!G:G,清洗后明细!A:A,"2026-04",清洗后明细!E:E,"零犀赛维斯",清洗后明细!D:D,"人机"),"")
A58: 零犀赛维斯 | B58: 2026-05 | C58: =SUMIFS(清洗后明细!M:M,清洗后明细!A:A,"2026-05",清洗后明细!E:E,"零犀赛维斯",清洗后明细!D:D,"人机") | D58: =SUMIFS(清洗后明细!N:N,清洗后明细!A:A,"2026-05",清洗后明细!E:E,"零犀赛维斯",清洗后明细!D:D,"人机") | E58: =IF(SUMIFS(清洗后明细!M:M,清洗后明细!A:A,"2026-05",清洗后明细!E:E,"零犀赛维斯",清洗后明细!D:D,"人机")>0,SUMIFS(清洗后明细!M:M,清洗后明细!A:A,"2026-05",清洗后明细!E:E,"零犀赛维斯",清洗后明细!D:D,"人机")/SUMIFS(清洗后明细!N:N,清洗后明细!A:A,"2026-05",清洗后明细!E:E,"零犀赛维斯",清洗后明细!D:D,"人机"),"") | F58: =IF(SUMIFS(清洗后明细!M:M,清洗后明细!A:A,"2026-05",清洗后明细!E:E,"零犀赛维斯",清洗后明细!D:D,"人机")>0,SUMIFS(清洗后明细!M:M,清洗后明细!A:A,"2026-05",清洗后明细!E:E,"零犀赛维斯",清洗后明细!D:D,"人机")/SUMIFS(清洗后明细!N:N,清洗后明细!A:A,"2026-05",清洗后明细!E:E,"零犀赛维斯",清洗后明细!D:D,"人机")*0.7,"") | G58: =IF(SUMIFS(清洗后明细!L:L,清洗后明细!A:A,"2026-05",清洗后明细!E:E,"零犀赛维斯",清洗后明细!D:D,"人机")>0,SUMIFS(清洗后明细!I:I,清洗后明细!A:A,"2026-05",清洗后明细!E:E,"零犀赛维斯",清洗后明细!D:D,"人机")/SUMIFS(清洗后明细!L:L,清洗后明细!A:A,"2026-05",清洗后明细!E:E,"零犀赛维斯",清洗后明细!D:D,"人机")*100,"") | H58: =IF(SUMIFS(清洗后明细!F:F,清洗后明细!A:A,"2026-05",清洗后明细!E:E,"零犀赛维斯",清洗后明细!D:D,"人机")>0,SUMIFS(清洗后明细!G:G,清洗后明细!A:A,"2026-05",清洗后明细!E:E,"零犀赛维斯",清洗后明细!D:D,"人机")/SUMIFS(清洗后明细!F:F,清洗后明细!A:A,"2026-05",清洗后明细!E:E,"零犀赛维斯",清洗后明细!D:D,"人机")*100,"") | I58: =IF(SUMIFS(清洗后明细!G:G,清洗后明细!A:A,"2026-05",清洗后明细!E:E,"零犀赛维斯",清洗后明细!D:D,"人机")>0,SUMIFS(清洗后明细!H:H,清洗后明细!A:A,"2026-05",清洗后明细!E:E,"零犀赛维斯",清洗后明细!D:D,"人机")/SUMIFS(清洗后明细!G:G,清洗后明细!A:A,"2026-05",清洗后明细!E:E,"零犀赛维斯",清洗后明细!D:D,"人机"),"")
A59: 零犀赛维斯 | B59: 2026-06 | C59: =SUMIFS(清洗后明细!M:M,清洗后明细!A:A,"2026-06",清洗后明细!E:E,"零犀赛维斯",清洗后明细!D:D,"人机") | D59: =SUMIFS(清洗后明细!N:N,清洗后明细!A:A,"2026-06",清洗后明细!E:E,"零犀赛维斯",清洗后明细!D:D,"人机") | E59: =IF(SUMIFS(清洗后明细!M:M,清洗后明细!A:A,"2026-06",清洗后明细!E:E,"零犀赛维斯",清洗后明细!D:D,"人机")>0,SUMIFS(清洗后明细!M:M,清洗后明细!A:A,"2026-06",清洗后明细!E:E,"零犀赛维斯",清洗后明细!D:D,"人机")/SUMIFS(清洗后明细!N:N,清洗后明细!A:A,"2026-06",清洗后明细!E:E,"零犀赛维斯",清洗后明细!D:D,"人机"),"") | F59: =IF(SUMIFS(清洗后明细!M:M,清洗后明细!A:A,"2026-06",清洗后明细!E:E,"零犀赛维斯",清洗后明细!D:D,"人机")>0,SUMIFS(清洗后明细!M:M,清洗后明细!A:A,"2026-06",清洗后明细!E:E,"零犀赛维斯",清洗后明细!D:D,"人机")/SUMIFS(清洗后明细!N:N,清洗后明细!A:A,"2026-06",清洗后明细!E:E,"零犀赛维斯",清洗后明细!D:D,"人机")*0.7,"") | G59: =IF(SUMIFS(清洗后明细!L:L,清洗后明细!A:A,"2026-06",清洗后明细!E:E,"零犀赛维斯",清洗后明细!D:D,"人机")>0,SUMIFS(清洗后明细!I:I,清洗后明细!A:A,"2026-06",清洗后明细!E:E,"零犀赛维斯",清洗后明细!D:D,"人机")/SUMIFS(清洗后明细!L:L,清洗后明细!A:A,"2026-06",清洗后明细!E:E,"零犀赛维斯",清洗后明细!D:D,"人机")*100,"") | H59: =IF(SUMIFS(清洗后明细!F:F,清洗后明细!A:A,"2026-06",清洗后明细!E:E,"零犀赛维斯",清洗后明细!D:D,"人机")>0,SUMIFS(清洗后明细!G:G,清洗后明细!A:A,"2026-06",清洗后明细!E:E,"零犀赛维斯",清洗后明细!D:D,"人机")/SUMIFS(清洗后明细!F:F,清洗后明细!A:A,"2026-06",清洗后明细!E:E,"零犀赛维斯",清洗后明细!D:D,"人机")*100,"") | I59: =IF(SUMIFS(清洗后明细!G:G,清洗后明细!A:A,"2026-06",清洗后明细!E:E,"零犀赛维斯",清洗后明细!D:D,"人机")>0,SUMIFS(清洗后明细!H:H,清洗后明细!A:A,"2026-06",清洗后明细!E:E,"零犀赛维斯",清洗后明细!D:D,"人机")/SUMIFS(清洗后明细!G:G,清洗后明细!A:A,"2026-06",清洗后明细!E:E,"零犀赛维斯",清洗后明细!D:D,"人机"),"")

Sheet 字段说明
A1: 清洗后明细-列 | B1: 字段名 | C1: 类型 | D1: 公式
A2: A | B2: 月份 | C2: 原始值
A3: B | B3: 业务线 | C3: 原始值
A4: C | B4: 首复贷 | C4: 原始值
A5: D | B5: 作业模式 | C5: 原始值 | D5: 人工/人机/纯机
A6: E | B6: 供应商 | C6: 原始值 | D6: 从职场名提取
A7: F | B7: 下发用户 | C7: 原始值
A8: G | B8: 贷款用户 | C8: 原始值
A9: H | B9: 贷款金额 | C9: 原始值
A10: I | B10: 线路费 | C10: 原始值
A11: J | B11: 还款系数 | C11: 原始值 | D11: 首贷0.07/复贷0.36(写死)
A12: K | B12: 税率 | C12: 原始值 | D12: 1.068
A13: L | B13: 费效成本 | C13: 原始值
A14: M | B14: 到手薪资 | C14: 原始值 | D14: 税后
A15: N | B15: 数据人力 | C15: 原始值 | D15: 已清洗;12月借1月,6月借5月
A16: O | B16: 佣金部分 | C16: 公式 | D16: =L-I(费效成本-线路费)
A17: P | B17: 人工占比% | C17: 公式 | D17: =M/L*100
A18: Q | B18: 转化率% | C18: 公式 | D18: =G/F*100
A19: R | B19: 户均贷款 | C19: 公式 | D19: =H/G
A20: S | B20: 单用户费效 | C20: 公式 | D20: =L/G
A21: T | B21: 单用户薪资 | C21: 公式 | D21: =M/G
A22: U | B22: 元/人/月 | C22: 公式 | D22: =M/N
A23: V | B23: 线路费占比% | C23: 公式 | D23: =I/L*100
A24: W | B24: 有效分佣率 | C24: 公式 | D24: =(L-I)/(H*J)
A25: X | B25: 真实人工x70% | C25: 公式 | D25: =M/N*0.7
A27: 人机全景-列 | B27: 字段 | C27: 类型 | D27: 公式
A28: A | B28: 供应商 | C28: 文本
A29: B | B29: 月份 | C29: 文本
A30: C | B30: 到手薪资 | C30: 公式 | D30: SUMIFS(清洗后明细!M,月份,供应商,人机)
A31: D | B31: 人力 | C31: 公式 | D31: SUMIFS(清洗后明细!N,...)
A32: E | B32: 元/人/月 | C32: 公式 | D32: =C/D
A33: F | B33: 真实人工x70% | C33: 公式 | D33: =C/D*0.7
A34: G | B34: 线路费占比% | C34: 公式 | D34: =SUMIFS(线路费)/SUMIFS(成本)*100
A35: H | B35: 转化率% | C35: 公式 | D35: =SUMIFS(贷款用户)/SUMIFS(下发用户)*100
A36: I | B36: 户均贷款 | C36: 公式 | D36: =SUMIFS(贷款金额)/SUMIFS(贷款用户)
