Workbook

Sheet 供应商基础信息
A1: 供应商基础信息
A3: 序号 | B3: 供应商名称 | C3: 供应商编码 | D3: 业务线 | E3: 合作起始日期 | F3: 当前等级
A4: 1 | B4: 毅航 | C4: SUP-001 | D4: 金条 | E4: 2024-01-01 | F4: B
A5: 2 | B5: 毛毛虫 | C5: SUP-002 | D5: 企金 | E5: 2024-01-01 | F5: B
A6: 3 | B6: 伽玛 | C6: SUP-003 | D6: 信用卡 | E6: 2024-01-01 | F6: B
A7: 4 | B7: 赛维斯 | C7: SUP-004 | D7: 财富 | E7: 2024-01-01 | F7: B
A8: 5 | B8: 岐力 | C8: SUP-005 | D8: 金条 | E8: 2024-01-01 | F8: B
A9: 6 | B9: 翰锐 | C9: SUP-006 | D9: 企金 | E9: 2024-01-01 | F9: B
A10: 7 | B10: 供应商G | C10: SUP-007 | D10: 信用卡 | E10: 2024-01-01 | F10: B
A11: 8 | B11: 供应商H | C11: SUP-008 | D11: 财富 | E11: 2024-01-01 | F11: B
A12: 9 | B12: 供应商I | C12: SUP-009 | D12: 金条 | E12: 2024-01-01 | F12: B

Sheet 业务督导评分(60分)
A1: 业务督导评分表（定量 · 满分60分）
A3: 评分规则参考
A4: 产能达成率(25分) | B4: ≥100%=25分, 90-99%=比例分, 80-89%=20分, 70-79%=15分, <70%=10分
A5: 人均产出(15分) | B5: ≥目标=15分, 90-99%=比例分, 80-89%=12分, 70-79%=9分, <70%=6分
A6: 交付时效率(10分) | B6: ≥95%=10分, 90-94%=8分, 85-89%=6分, 80-84%=4分, <80%=2分
A7: 任务完成率(5分) | B7: 100%=5分, 95-99%=4分, 90-94%=3分, 85-89%=2分, <85%=1分
A8: 业务增长率(5分) | B8: ≥10%=5分, 5-9%=4分, 0-4%=3分, 下滑0-5%=2分, 下滑>5%=1分
A10: 供应商名称 | B10: 评估季度 | C10: 目标产能 | D10: 实际产能 | E10: 产能达成率 | F10: 产能得分(25分) | G10: 人均产出 | H10: 人均得分(15分) | I10: 按时工单数 | J10: 总工单数 | K10: 交付效率(%) | L10: 时效得分(10分) | M10: 完成任务数 | N10: 下发任务数 | O10: 完成率(%) | P10: 任务得分(5分) | Q10: 上期产能 | R10: 增长率(%) | S10: 增长得分(5分) | T10: 业务督导总分
A11: =供应商基础信息!B4 -> 毅航 | B11: 2026-Q1 | E11: =IF(C11=0,0,D11/C11) -> 0 | F11: =IF(E11>=1,25,IF(E11>=0.9,E11*25,IF(E11>=0.8,20,IF(E11>=0.7,15,10)))) -> 10 | H11: =IF(G11>=1,15,IF(G11>=0.9,G11*15,IF(G11>=0.8,12,IF(G11>=0.7,9,6)))) -> 6 | K11: =IF(J11=0,0,I11/J11) -> 0 | L11: =IF(K11>=0.95,10,IF(K11>=0.9,8,IF(K11>=0.85,6,IF(K11>=0.8,4,2)))) -> 2 | O11: =IF(N11=0,0,M11/N11) -> 0 | P11: =IF(O11>=1,5,IF(O11>=0.95,4,IF(O11>=0.9,3,IF(O11>=0.85,2,1)))) -> 1 | R11: =IF(Q11=0,0,(D11-Q11)/Q11) -> 0 | S11: =IF(R11>=0.1,5,IF(R11>=0.05,4,IF(R11>=0,3,IF(R11>=-0.05,2,1)))) -> 3 | T11: =F11+H11+L11+P11+S11 -> 22
A12: =供应商基础信息!B5 -> 毛毛虫 | E12: =IF(C12=0,0,D12/C12) -> 0 | F12: =IF(E12>=1,25,IF(E12>=0.9,E12*25,IF(E12>=0.8,20,IF(E12>=0.7,15,10)))) -> 10 | H12: =IF(G12>=1,15,IF(G12>=0.9,G12*15,IF(G12>=0.8,12,IF(G12>=0.7,9,6)))) -> 6 | K12: =IF(J12=0,0,I12/J12) -> 0 | L12: =IF(K12>=0.95,10,IF(K12>=0.9,8,IF(K12>=0.85,6,IF(K12>=0.8,4,2)))) -> 2 | O12: =IF(N12=0,0,M12/N12) -> 0 | P12: =IF(O12>=1,5,IF(O12>=0.95,4,IF(O12>=0.9,3,IF(O12>=0.85,2,1)))) -> 1 | R12: =IF(Q12=0,0,(D12-Q12)/Q12) -> 0 | S12: =IF(R12>=0.1,5,IF(R12>=0.05,4,IF(R12>=0,3,IF(R12>=-0.05,2,1)))) -> 3 | T12: =F12+H12+L12+P12+S12 -> 22
A13: =供应商基础信息!B6 -> 伽玛 | E13: =IF(C13=0,0,D13/C13) -> 0 | F13: =IF(E13>=1,25,IF(E13>=0.9,E13*25,IF(E13>=0.8,20,IF(E13>=0.7,15,10)))) -> 10 | H13: =IF(G13>=1,15,IF(G13>=0.9,G13*15,IF(G13>=0.8,12,IF(G13>=0.7,9,6)))) -> 6 | K13: =IF(J13=0,0,I13/J13) -> 0 | L13: =IF(K13>=0.95,10,IF(K13>=0.9,8,IF(K13>=0.85,6,IF(K13>=0.8,4,2)))) -> 2 | O13: =IF(N13=0,0,M13/N13) -> 0 | P13: =IF(O13>=1,5,IF(O13>=0.95,4,IF(O13>=0.9,3,IF(O13>=0.85,2,1)))) -> 1 | R13: =IF(Q13=0,0,(D13-Q13)/Q13) -> 0 | S13: =IF(R13>=0.1,5,IF(R13>=0.05,4,IF(R13>=0,3,IF(R13>=-0.05,2,1)))) -> 3 | T13: =F13+H13+L13+P13+S13 -> 22
A14: =供应商基础信息!B7 -> 赛维斯 | E14: =IF(C14=0,0,D14/C14) -> 0 | F14: =IF(E14>=1,25,IF(E14>=0.9,E14*25,IF(E14>=0.8,20,IF(E14>=0.7,15,10)))) -> 10 | H14: =IF(G14>=1,15,IF(G14>=0.9,G14*15,IF(G14>=0.8,12,IF(G14>=0.7,9,6)))) -> 6 | K14: =IF(J14=0,0,I14/J14) -> 0 | L14: =IF(K14>=0.95,10,IF(K14>=0.9,8,IF(K14>=0.85,6,IF(K14>=0.8,4,2)))) -> 2 | O14: =IF(N14=0,0,M14/N14) -> 0 | P14: =IF(O14>=1,5,IF(O14>=0.95,4,IF(O14>=0.9,3,IF(O14>=0.85,2,1)))) -> 1 | R14: =IF(Q14=0,0,(D14-Q14)/Q14) -> 0 | S14: =IF(R14>=0.1,5,IF(R14>=0.05,4,IF(R14>=0,3,IF(R14>=-0.05,2,1)))) -> 3 | T14: =F14+H14+L14+P14+S14 -> 22
A15: =供应商基础信息!B8 -> 岐力 | E15: =IF(C15=0,0,D15/C15) -> 0 | F15: =IF(E15>=1,25,IF(E15>=0.9,E15*25,IF(E15>=0.8,20,IF(E15>=0.7,15,10)))) -> 10 | H15: =IF(G15>=1,15,IF(G15>=0.9,G15*15,IF(G15>=0.8,12,IF(G15>=0.7,9,6)))) -> 6 | K15: =IF(J15=0,0,I15/J15) -> 0 | L15: =IF(K15>=0.95,10,IF(K15>=0.9,8,IF(K15>=0.85,6,IF(K15>=0.8,4,2)))) -> 2 | O15: =IF(N15=0,0,M15/N15) -> 0 | P15: =IF(O15>=1,5,IF(O15>=0.95,4,IF(O15>=0.9,3,IF(O15>=0.85,2,1)))) -> 1 | R15: =IF(Q15=0,0,(D15-Q15)/Q15) -> 0 | S15: =IF(R15>=0.1,5,IF(R15>=0.05,4,IF(R15>=0,3,IF(R15>=-0.05,2,1)))) -> 3 | T15: =F15+H15+L15+P15+S15 -> 22
A16: =供应商基础信息!B9 -> 翰锐 | E16: =IF(C16=0,0,D16/C16) -> 0 | F16: =IF(E16>=1,25,IF(E16>=0.9,E16*25,IF(E16>=0.8,20,IF(E16>=0.7,15,10)))) -> 10 | H16: =IF(G16>=1,15,IF(G16>=0.9,G16*15,IF(G16>=0.8,12,IF(G16>=0.7,9,6)))) -> 6 | K16: =IF(J16=0,0,I16/J16) -> 0 | L16: =IF(K16>=0.95,10,IF(K16>=0.9,8,IF(K16>=0.85,6,IF(K16>=0.8,4,2)))) -> 2 | O16: =IF(N16=0,0,M16/N16) -> 0 | P16: =IF(O16>=1,5,IF(O16>=0.95,4,IF(O16>=0.9,3,IF(O16>=0.85,2,1)))) -> 1 | R16: =IF(Q16=0,0,(D16-Q16)/Q16) -> 0 | S16: =IF(R16>=0.1,5,IF(R16>=0.05,4,IF(R16>=0,3,IF(R16>=-0.05,2,1)))) -> 3 | T16: =F16+H16+L16+P16+S16 -> 22
A17: =供应商基础信息!B10 -> 供应商G | E17: =IF(C17=0,0,D17/C17) -> 0 | F17: =IF(E17>=1,25,IF(E17>=0.9,E17*25,IF(E17>=0.8,20,IF(E17>=0.7,15,10)))) -> 10 | H17: =IF(G17>=1,15,IF(G17>=0.9,G17*15,IF(G17>=0.8,12,IF(G17>=0.7,9,6)))) -> 6 | K17: =IF(J17=0,0,I17/J17) -> 0 | L17: =IF(K17>=0.95,10,IF(K17>=0.9,8,IF(K17>=0.85,6,IF(K17>=0.8,4,2)))) -> 2 | O17: =IF(N17=0,0,M17/N17) -> 0 | P17: =IF(O17>=1,5,IF(O17>=0.95,4,IF(O17>=0.9,3,IF(O17>=0.85,2,1)))) -> 1 | R17: =IF(Q17=0,0,(D17-Q17)/Q17) -> 0 | S17: =IF(R17>=0.1,5,IF(R17>=0.05,4,IF(R17>=0,3,IF(R17>=-0.05,2,1)))) -> 3 | T17: =F17+H17+L17+P17+S17 -> 22
A18: =供应商基础信息!B11 -> 供应商H | E18: =IF(C18=0,0,D18/C18) -> 0 | F18: =IF(E18>=1,25,IF(E18>=0.9,E18*25,IF(E18>=0.8,20,IF(E18>=0.7,15,10)))) -> 10 | H18: =IF(G18>=1,15,IF(G18>=0.9,G18*15,IF(G18>=0.8,12,IF(G18>=0.7,9,6)))) -> 6 | K18: =IF(J18=0,0,I18/J18) -> 0 | L18: =IF(K18>=0.95,10,IF(K18>=0.9,8,IF(K18>=0.85,6,IF(K18>=0.8,4,2)))) -> 2 | O18: =IF(N18=0,0,M18/N18) -> 0 | P18: =IF(O18>=1,5,IF(O18>=0.95,4,IF(O18>=0.9,3,IF(O18>=0.85,2,1)))) -> 1 | R18: =IF(Q18=0,0,(D18-Q18)/Q18) -> 0 | S18: =IF(R18>=0.1,5,IF(R18>=0.05,4,IF(R18>=0,3,IF(R18>=-0.05,2,1)))) -> 3 | T18: =F18+H18+L18+P18+S18 -> 22
A19: =供应商基础信息!B12 -> 供应商I | E19: =IF(C19=0,0,D19/C19) -> 0 | F19: =IF(E19>=1,25,IF(E19>=0.9,E19*25,IF(E19>=0.8,20,IF(E19>=0.7,15,10)))) -> 10 | H19: =IF(G19>=1,15,IF(G19>=0.9,G19*15,IF(G19>=0.8,12,IF(G19>=0.7,9,6)))) -> 6 | K19: =IF(J19=0,0,I19/J19) -> 0 | L19: =IF(K19>=0.95,10,IF(K19>=0.9,8,IF(K19>=0.85,6,IF(K19>=0.8,4,2)))) -> 2 | O19: =IF(N19=0,0,M19/N19) -> 0 | P19: =IF(O19>=1,5,IF(O19>=0.95,4,IF(O19>=0.9,3,IF(O19>=0.85,2,1)))) -> 1 | R19: =IF(Q19=0,0,(D19-Q19)/Q19) -> 0 | S19: =IF(R19>=0.1,5,IF(R19>=0.05,4,IF(R19>=0,3,IF(R19>=-0.05,2,1)))) -> 3 | T19: =F19+H19+L19+P19+S19 -> 22
A20: =供应商基础信息!B13 -> 0 | E20: =IF(C20=0,0,D20/C20) -> 0 | F20: =IF(E20>=1,25,IF(E20>=0.9,E20*25,IF(E20>=0.8,20,IF(E20>=0.7,15,10)))) -> 10 | H20: =IF(G20>=1,15,IF(G20>=0.9,G20*15,IF(G20>=0.8,12,IF(G20>=0.7,9,6)))) -> 6 | K20: =IF(J20=0,0,I20/J20) -> 0 | L20: =IF(K20>=0.95,10,IF(K20>=0.9,8,IF(K20>=0.85,6,IF(K20>=0.8,4,2)))) -> 2 | O20: =IF(N20=0,0,M20/N20) -> 0 | P20: =IF(O20>=1,5,IF(O20>=0.95,4,IF(O20>=0.9,3,IF(O20>=0.85,2,1)))) -> 1 | R20: =IF(Q20=0,0,(D20-Q20)/Q20) -> 0 | S20: =IF(R20>=0.1,5,IF(R20>=0.05,4,IF(R20>=0,3,IF(R20>=-0.05,2,1)))) -> 3 | T20: =F20+H20+L20+P20+S20 -> 22
A21: =供应商基础信息!B14 -> 0 | E21: =IF(C21=0,0,D21/C21) -> 0 | F21: =IF(E21>=1,25,IF(E21>=0.9,E21*25,IF(E21>=0.8,20,IF(E21>=0.7,15,10)))) -> 10 | H21: =IF(G21>=1,15,IF(G21>=0.9,G21*15,IF(G21>=0.8,12,IF(G21>=0.7,9,6)))) -> 6 | K21: =IF(J21=0,0,I21/J21) -> 0 | L21: =IF(K21>=0.95,10,IF(K21>=0.9,8,IF(K21>=0.85,6,IF(K21>=0.8,4,2)))) -> 2 | O21: =IF(N21=0,0,M21/N21) -> 0 | P21: =IF(O21>=1,5,IF(O21>=0.95,4,IF(O21>=0.9,3,IF(O21>=0.85,2,1)))) -> 1 | R21: =IF(Q21=0,0,(D21-Q21)/Q21) -> 0 | S21: =IF(R21>=0.1,5,IF(R21>=0.05,4,IF(R21>=0,3,IF(R21>=-0.05,2,1)))) -> 3 | T21: =F21+H21+L21+P21+S21 -> 22
A22: =供应商基础信息!B15 -> 0 | E22: =IF(C22=0,0,D22/C22) -> 0 | F22: =IF(E22>=1,25,IF(E22>=0.9,E22*25,IF(E22>=0.8,20,IF(E22>=0.7,15,10)))) -> 10 | H22: =IF(G22>=1,15,IF(G22>=0.9,G22*15,IF(G22>=0.8,12,IF(G22>=0.7,9,6)))) -> 6 | K22: =IF(J22=0,0,I22/J22) -> 0 | L22: =IF(K22>=0.95,10,IF(K22>=0.9,8,IF(K22>=0.85,6,IF(K22>=0.8,4,2)))) -> 2 | O22: =IF(N22=0,0,M22/N22) -> 0 | P22: =IF(O22>=1,5,IF(O22>=0.95,4,IF(O22>=0.9,3,IF(O22>=0.85,2,1)))) -> 1 | R22: =IF(Q22=0,0,(D22-Q22)/Q22) -> 0 | S22: =IF(R22>=0.1,5,IF(R22>=0.05,4,IF(R22>=0,3,IF(R22>=-0.05,2,1)))) -> 3 | T22: =F22+H22+L22+P22+S22 -> 22
A23: =供应商基础信息!B16 -> 0 | E23: =IF(C23=0,0,D23/C23) -> 0 | F23: =IF(E23>=1,25,IF(E23>=0.9,E23*25,IF(E23>=0.8,20,IF(E23>=0.7,15,10)))) -> 10 | H23: =IF(G23>=1,15,IF(G23>=0.9,G23*15,IF(G23>=0.8,12,IF(G23>=0.7,9,6)))) -> 6 | K23: =IF(J23=0,0,I23/J23) -> 0 | L23: =IF(K23>=0.95,10,IF(K23>=0.9,8,IF(K23>=0.85,6,IF(K23>=0.8,4,2)))) -> 2 | O23: =IF(N23=0,0,M23/N23) -> 0 | P23: =IF(O23>=1,5,IF(O23>=0.95,4,IF(O23>=0.9,3,IF(O23>=0.85,2,1)))) -> 1 | R23: =IF(Q23=0,0,(D23-Q23)/Q23) -> 0 | S23: =IF(R23>=0.1,5,IF(R23>=0.05,4,IF(R23>=0,3,IF(R23>=-0.05,2,1)))) -> 3 | T23: =F23+H23+L23+P23+S23 -> 22
... A36: =供应商基础信息!B29 -> 0 | E36: =IF(C36=0,0,D36/C36) -> 0 | F36: =IF(E36>=1,25,IF(E36>=0.9,E36*25,IF(E36>=0.8,20,IF(E36>=0.7,15,10)))) -> 10 | H36: =IF(G36>=1,15,IF(G36>=0.9,G36*15,IF(G36>=0.8,12,IF(G36>=0.7,9,6)))) -> 6 | K36: =IF(J36=0,0,I36/J36) -> 0 | L36: =IF(K36>=0.95,10,IF(K36>=0.9,8,IF(K36>=0.85,6,IF(K36>=0.8,4,2)))) -> 2 | O36: =IF(N36=0,0,M36/N36) -> 0 | P36: =IF(O36>=1,5,IF(O36>=0.95,4,IF(O36>=0.9,3,IF(O36>=0.85,2,1)))) -> 1 | R36: =IF(Q36=0,0,(D36-Q36)/Q36) -> 0 | S36: =IF(R36>=0.1,5,IF(R36>=0.05,4,IF(R36>=0,3,IF(R36>=-0.05,2,1)))) -> 3 | T36: =F36+H36+L36+P36+S36 -> 22

Sheet 供应商管理评分(30分)
A1: 供应商管理评分表（定性 · 满分30分）
A3: 评分规则参考
A4: 响应速度(8分) | B4: 5档=8分, 4档=6分, 3档=4分, 2档=2分, 1档=0分
A5: 配合度(8分) | B5: 5档=8分, 4档=6分, 3档=4分, 2档=2分, 1档=0分
A6: 团队稳定性(6分) | B6: 流失率<5%=6分, 5-10%=4分, 10-15%=3分, >15%=1分
A7: 整改执行力(5分) | B7: 闭环率100%=5分, 90-99%=4分, 80-89%=3分, <80%=1分
A8: 管理规范性(3分) | B8: 无违规=3分, 轻微=2分, 一般=1分, 严重=0分
A10: 供应商名称 | B10: 评估季度 | C10: 响应速度(1-5档) | D10: 响应得分(8分) | E10: 配合度(1-5档) | F10: 配合得分(8分) | G10: 团队流失率(%) | H10: 稳定性得分(6分) | I10: 整改闭环率(%) | J10: 整改得分(5分) | K10: 管理规范性(1-5档) | L10: 规范得分(3分) | M10: 供应商管理总分
A11: =供应商基础信息!B4 -> 毅航 | B11: 2026-Q1 | D11: =IF(C11>=5,8,IF(C11>=4,6,IF(C11>=3,4,IF(C11>=2,2,0)))) -> 0 | F11: =IF(E11>=5,8,IF(E11>=4,6,IF(E11>=3,4,IF(E11>=2,2,0)))) -> 0 | H11: =IF(G11<0.05,6,IF(G11<0.1,4,IF(G11<0.15,3,1))) -> 6 | J11: =IF(I11>=1,5,IF(I11>=0.9,4,IF(I11>=0.8,3,1))) -> 1 | L11: =IF(K11>=5,3,IF(K11>=4,2,IF(K11>=3,1,0))) -> 0 | M11: =D11+F11+H11+J11+L11 -> 7
A12: =供应商基础信息!B5 -> 毛毛虫 | D12: =IF(C12>=5,8,IF(C12>=4,6,IF(C12>=3,4,IF(C12>=2,2,0)))) -> 0 | F12: =IF(E12>=5,8,IF(E12>=4,6,IF(E12>=3,4,IF(E12>=2,2,0)))) -> 0 | H12: =IF(G12<0.05,6,IF(G12<0.1,4,IF(G12<0.15,3,1))) -> 6 | J12: =IF(I12>=1,5,IF(I12>=0.9,4,IF(I12>=0.8,3,1))) -> 1 | L12: =IF(K12>=5,3,IF(K12>=4,2,IF(K12>=3,1,0))) -> 0 | M12: =D12+F12+H12+J12+L12 -> 7
A13: =供应商基础信息!B6 -> 伽玛 | D13: =IF(C13>=5,8,IF(C13>=4,6,IF(C13>=3,4,IF(C13>=2,2,0)))) -> 0 | F13: =IF(E13>=5,8,IF(E13>=4,6,IF(E13>=3,4,IF(E13>=2,2,0)))) -> 0 | H13: =IF(G13<0.05,6,IF(G13<0.1,4,IF(G13<0.15,3,1))) -> 6 | J13: =IF(I13>=1,5,IF(I13>=0.9,4,IF(I13>=0.8,3,1))) -> 1 | L13: =IF(K13>=5,3,IF(K13>=4,2,IF(K13>=3,1,0))) -> 0 | M13: =D13+F13+H13+J13+L13 -> 7
A14: =供应商基础信息!B7 -> 赛维斯 | D14: =IF(C14>=5,8,IF(C14>=4,6,IF(C14>=3,4,IF(C14>=2,2,0)))) -> 0 | F14: =IF(E14>=5,8,IF(E14>=4,6,IF(E14>=3,4,IF(E14>=2,2,0)))) -> 0 | H14: =IF(G14<0.05,6,IF(G14<0.1,4,IF(G14<0.15,3,1))) -> 6 | J14: =IF(I14>=1,5,IF(I14>=0.9,4,IF(I14>=0.8,3,1))) -> 1 | L14: =IF(K14>=5,3,IF(K14>=4,2,IF(K14>=3,1,0))) -> 0 | M14: =D14+F14+H14+J14+L14 -> 7
A15: =供应商基础信息!B8 -> 岐力 | D15: =IF(C15>=5,8,IF(C15>=4,6,IF(C15>=3,4,IF(C15>=2,2,0)))) -> 0 | F15: =IF(E15>=5,8,IF(E15>=4,6,IF(E15>=3,4,IF(E15>=2,2,0)))) -> 0 | H15: =IF(G15<0.05,6,IF(G15<0.1,4,IF(G15<0.15,3,1))) -> 6 | J15: =IF(I15>=1,5,IF(I15>=0.9,4,IF(I15>=0.8,3,1))) -> 1 | L15: =IF(K15>=5,3,IF(K15>=4,2,IF(K15>=3,1,0))) -> 0 | M15: =D15+F15+H15+J15+L15 -> 7
A16: =供应商基础信息!B9 -> 翰锐 | D16: =IF(C16>=5,8,IF(C16>=4,6,IF(C16>=3,4,IF(C16>=2,2,0)))) -> 0 | F16: =IF(E16>=5,8,IF(E16>=4,6,IF(E16>=3,4,IF(E16>=2,2,0)))) -> 0 | H16: =IF(G16<0.05,6,IF(G16<0.1,4,IF(G16<0.15,3,1))) -> 6 | J16: =IF(I16>=1,5,IF(I16>=0.9,4,IF(I16>=0.8,3,1))) -> 1 | L16: =IF(K16>=5,3,IF(K16>=4,2,IF(K16>=3,1,0))) -> 0 | M16: =D16+F16+H16+J16+L16 -> 7
A17: =供应商基础信息!B10 -> 供应商G | D17: =IF(C17>=5,8,IF(C17>=4,6,IF(C17>=3,4,IF(C17>=2,2,0)))) -> 0 | F17: =IF(E17>=5,8,IF(E17>=4,6,IF(E17>=3,4,IF(E17>=2,2,0)))) -> 0 | H17: =IF(G17<0.05,6,IF(G17<0.1,4,IF(G17<0.15,3,1))) -> 6 | J17: =IF(I17>=1,5,IF(I17>=0.9,4,IF(I17>=0.8,3,1))) -> 1 | L17: =IF(K17>=5,3,IF(K17>=4,2,IF(K17>=3,1,0))) -> 0 | M17: =D17+F17+H17+J17+L17 -> 7
A18: =供应商基础信息!B11 -> 供应商H | D18: =IF(C18>=5,8,IF(C18>=4,6,IF(C18>=3,4,IF(C18>=2,2,0)))) -> 0 | F18: =IF(E18>=5,8,IF(E18>=4,6,IF(E18>=3,4,IF(E18>=2,2,0)))) -> 0 | H18: =IF(G18<0.05,6,IF(G18<0.1,4,IF(G18<0.15,3,1))) -> 6 | J18: =IF(I18>=1,5,IF(I18>=0.9,4,IF(I18>=0.8,3,1))) -> 1 | L18: =IF(K18>=5,3,IF(K18>=4,2,IF(K18>=3,1,0))) -> 0 | M18: =D18+F18+H18+J18+L18 -> 7
A19: =供应商基础信息!B12 -> 供应商I | D19: =IF(C19>=5,8,IF(C19>=4,6,IF(C19>=3,4,IF(C19>=2,2,0)))) -> 0 | F19: =IF(E19>=5,8,IF(E19>=4,6,IF(E19>=3,4,IF(E19>=2,2,0)))) -> 0 | H19: =IF(G19<0.05,6,IF(G19<0.1,4,IF(G19<0.15,3,1))) -> 6 | J19: =IF(I19>=1,5,IF(I19>=0.9,4,IF(I19>=0.8,3,1))) -> 1 | L19: =IF(K19>=5,3,IF(K19>=4,2,IF(K19>=3,1,0))) -> 0 | M19: =D19+F19+H19+J19+L19 -> 7
A20: =供应商基础信息!B13 -> 0 | D20: =IF(C20>=5,8,IF(C20>=4,6,IF(C20>=3,4,IF(C20>=2,2,0)))) -> 0 | F20: =IF(E20>=5,8,IF(E20>=4,6,IF(E20>=3,4,IF(E20>=2,2,0)))) -> 0 | H20: =IF(G20<0.05,6,IF(G20<0.1,4,IF(G20<0.15,3,1))) -> 6 | J20: =IF(I20>=1,5,IF(I20>=0.9,4,IF(I20>=0.8,3,1))) -> 1 | L20: =IF(K20>=5,3,IF(K20>=4,2,IF(K20>=3,1,0))) -> 0 | M20: =D20+F20+H20+J20+L20 -> 7
A21: =供应商基础信息!B14 -> 0 | D21: =IF(C21>=5,8,IF(C21>=4,6,IF(C21>=3,4,IF(C21>=2,2,0)))) -> 0 | F21: =IF(E21>=5,8,IF(E21>=4,6,IF(E21>=3,4,IF(E21>=2,2,0)))) -> 0 | H21: =IF(G21<0.05,6,IF(G21<0.1,4,IF(G21<0.15,3,1))) -> 6 | J21: =IF(I21>=1,5,IF(I21>=0.9,4,IF(I21>=0.8,3,1))) -> 1 | L21: =IF(K21>=5,3,IF(K21>=4,2,IF(K21>=3,1,0))) -> 0 | M21: =D21+F21+H21+J21+L21 -> 7
A22: =供应商基础信息!B15 -> 0 | D22: =IF(C22>=5,8,IF(C22>=4,6,IF(C22>=3,4,IF(C22>=2,2,0)))) -> 0 | F22: =IF(E22>=5,8,IF(E22>=4,6,IF(E22>=3,4,IF(E22>=2,2,0)))) -> 0 | H22: =IF(G22<0.05,6,IF(G22<0.1,4,IF(G22<0.15,3,1))) -> 6 | J22: =IF(I22>=1,5,IF(I22>=0.9,4,IF(I22>=0.8,3,1))) -> 1 | L22: =IF(K22>=5,3,IF(K22>=4,2,IF(K22>=3,1,0))) -> 0 | M22: =D22+F22+H22+J22+L22 -> 7
A23: =供应商基础信息!B16 -> 0 | D23: =IF(C23>=5,8,IF(C23>=4,6,IF(C23>=3,4,IF(C23>=2,2,0)))) -> 0 | F23: =IF(E23>=5,8,IF(E23>=4,6,IF(E23>=3,4,IF(E23>=2,2,0)))) -> 0 | H23: =IF(G23<0.05,6,IF(G23<0.1,4,IF(G23<0.15,3,1))) -> 6 | J23: =IF(I23>=1,5,IF(I23>=0.9,4,IF(I23>=0.8,3,1))) -> 1 | L23: =IF(K23>=5,3,IF(K23>=4,2,IF(K23>=3,1,0))) -> 0 | M23: =D23+F23+H23+J23+L23 -> 7
... A36: =供应商基础信息!B29 -> 0 | D36: =IF(C36>=5,8,IF(C36>=4,6,IF(C36>=3,4,IF(C36>=2,2,0)))) -> 0 | F36: =IF(E36>=5,8,IF(E36>=4,6,IF(E36>=3,4,IF(E36>=2,2,0)))) -> 0 | H36: =IF(G36<0.05,6,IF(G36<0.1,4,IF(G36<0.15,3,1))) -> 6 | J36: =IF(I36>=1,5,IF(I36>=0.9,4,IF(I36>=0.8,3,1))) -> 1 | L36: =IF(K36>=5,3,IF(K36>=4,2,IF(K36>=3,1,0))) -> 0 | M36: =D36+F36+H36+J36+L36 -> 7

Sheet 质检评分(10分)
A1: 质检评分表（定量 · 满分10分）
A3: 评分规则参考
A4: 质检合格率(5分) | B4: ≥98%=5分, 95-97%=4分, 90-94%=3分, 85-89%=2分, <85%=1分
A5: 客户投诉率(3分) | B5: ≤0.1%=3分, 0.1-0.3%=2分, 0.3-0.5%=1分, >0.5%=0分
A6: 红线事件(2分) | B6: 0次=2分, 1次=0分, ≥2次=0分+直接降为C级
A8: 供应商名称 | B8: 评估季度 | C8: 质检合格率(%) | D8: 合格率得分(5分) | E8: 投诉工单数 | F8: 总工单数 | G8: 投诉率(%) | H8: 投诉得分(3分) | I8: 红线事件次数 | J8: 红线得分(2分) | K8: 质检总分
A9: =供应商基础信息!B4 -> 毅航 | B9: 2026-Q1 | D9: =IF(C9>=0.98,5,IF(C9>=0.95,4,IF(C9>=0.9,3,IF(C9>=0.85,2,1)))) -> 1 | G9: =IF(F9=0,0,E9/F9) -> 0 | H9: =IF(G9<=0.001,3,IF(G9<=0.003,2,IF(G9<=0.005,1,0))) -> 3 | J9: =IF(I9=0,2,0) -> 2 | K9: =D9+H9+J9 -> 6
A10: =供应商基础信息!B5 -> 毛毛虫 | D10: =IF(C10>=0.98,5,IF(C10>=0.95,4,IF(C10>=0.9,3,IF(C10>=0.85,2,1)))) -> 1 | G10: =IF(F10=0,0,E10/F10) -> 0 | H10: =IF(G10<=0.001,3,IF(G10<=0.003,2,IF(G10<=0.005,1,0))) -> 3 | J10: =IF(I10=0,2,0) -> 2 | K10: =D10+H10+J10 -> 6
A11: =供应商基础信息!B6 -> 伽玛 | D11: =IF(C11>=0.98,5,IF(C11>=0.95,4,IF(C11>=0.9,3,IF(C11>=0.85,2,1)))) -> 1 | G11: =IF(F11=0,0,E11/F11) -> 0 | H11: =IF(G11<=0.001,3,IF(G11<=0.003,2,IF(G11<=0.005,1,0))) -> 3 | J11: =IF(I11=0,2,0) -> 2 | K11: =D11+H11+J11 -> 6
A12: =供应商基础信息!B7 -> 赛维斯 | D12: =IF(C12>=0.98,5,IF(C12>=0.95,4,IF(C12>=0.9,3,IF(C12>=0.85,2,1)))) -> 1 | G12: =IF(F12=0,0,E12/F12) -> 0 | H12: =IF(G12<=0.001,3,IF(G12<=0.003,2,IF(G12<=0.005,1,0))) -> 3 | J12: =IF(I12=0,2,0) -> 2 | K12: =D12+H12+J12 -> 6
A13: =供应商基础信息!B8 -> 岐力 | D13: =IF(C13>=0.98,5,IF(C13>=0.95,4,IF(C13>=0.9,3,IF(C13>=0.85,2,1)))) -> 1 | G13: =IF(F13=0,0,E13/F13) -> 0 | H13: =IF(G13<=0.001,3,IF(G13<=0.003,2,IF(G13<=0.005,1,0))) -> 3 | J13: =IF(I13=0,2,0) -> 2 | K13: =D13+H13+J13 -> 6
A14: =供应商基础信息!B9 -> 翰锐 | D14: =IF(C14>=0.98,5,IF(C14>=0.95,4,IF(C14>=0.9,3,IF(C14>=0.85,2,1)))) -> 1 | G14: =IF(F14=0,0,E14/F14) -> 0 | H14: =IF(G14<=0.001,3,IF(G14<=0.003,2,IF(G14<=0.005,1,0))) -> 3 | J14: =IF(I14=0,2,0) -> 2 | K14: =D14+H14+J14 -> 6
A15: =供应商基础信息!B10 -> 供应商G | D15: =IF(C15>=0.98,5,IF(C15>=0.95,4,IF(C15>=0.9,3,IF(C15>=0.85,2,1)))) -> 1 | G15: =IF(F15=0,0,E15/F15) -> 0 | H15: =IF(G15<=0.001,3,IF(G15<=0.003,2,IF(G15<=0.005,1,0))) -> 3 | J15: =IF(I15=0,2,0) -> 2 | K15: =D15+H15+J15 -> 6
A16: =供应商基础信息!B11 -> 供应商H | D16: =IF(C16>=0.98,5,IF(C16>=0.95,4,IF(C16>=0.9,3,IF(C16>=0.85,2,1)))) -> 1 | G16: =IF(F16=0,0,E16/F16) -> 0 | H16: =IF(G16<=0.001,3,IF(G16<=0.003,2,IF(G16<=0.005,1,0))) -> 3 | J16: =IF(I16=0,2,0) -> 2 | K16: =D16+H16+J16 -> 6
A17: =供应商基础信息!B12 -> 供应商I | D17: =IF(C17>=0.98,5,IF(C17>=0.95,4,IF(C17>=0.9,3,IF(C17>=0.85,2,1)))) -> 1 | G17: =IF(F17=0,0,E17/F17) -> 0 | H17: =IF(G17<=0.001,3,IF(G17<=0.003,2,IF(G17<=0.005,1,0))) -> 3 | J17: =IF(I17=0,2,0) -> 2 | K17: =D17+H17+J17 -> 6
A18: =供应商基础信息!B13 -> 0 | D18: =IF(C18>=0.98,5,IF(C18>=0.95,4,IF(C18>=0.9,3,IF(C18>=0.85,2,1)))) -> 1 | G18: =IF(F18=0,0,E18/F18) -> 0 | H18: =IF(G18<=0.001,3,IF(G18<=0.003,2,IF(G18<=0.005,1,0))) -> 3 | J18: =IF(I18=0,2,0) -> 2 | K18: =D18+H18+J18 -> 6
A19: =供应商基础信息!B14 -> 0 | D19: =IF(C19>=0.98,5,IF(C19>=0.95,4,IF(C19>=0.9,3,IF(C19>=0.85,2,1)))) -> 1 | G19: =IF(F19=0,0,E19/F19) -> 0 | H19: =IF(G19<=0.001,3,IF(G19<=0.003,2,IF(G19<=0.005,1,0))) -> 3 | J19: =IF(I19=0,2,0) -> 2 | K19: =D19+H19+J19 -> 6
A20: =供应商基础信息!B15 -> 0 | D20: =IF(C20>=0.98,5,IF(C20>=0.95,4,IF(C20>=0.9,3,IF(C20>=0.85,2,1)))) -> 1 | G20: =IF(F20=0,0,E20/F20) -> 0 | H20: =IF(G20<=0.001,3,IF(G20<=0.003,2,IF(G20<=0.005,1,0))) -> 3 | J20: =IF(I20=0,2,0) -> 2 | K20: =D20+H20+J20 -> 6
A21: =供应商基础信息!B16 -> 0 | D21: =IF(C21>=0.98,5,IF(C21>=0.95,4,IF(C21>=0.9,3,IF(C21>=0.85,2,1)))) -> 1 | G21: =IF(F21=0,0,E21/F21) -> 0 | H21: =IF(G21<=0.001,3,IF(G21<=0.003,2,IF(G21<=0.005,1,0))) -> 3 | J21: =IF(I21=0,2,0) -> 2 | K21: =D21+H21+J21 -> 6
... A35: =供应商基础信息!B30 -> 0 | D35: =IF(C35>=0.98,5,IF(C35>=0.95,4,IF(C35>=0.9,3,IF(C35>=0.85,2,1)))) -> 1 | G35: =IF(F35=0,0,E35/F35) -> 0 | H35: =IF(G35<=0.001,3,IF(G35<=0.003,2,IF(G35<=0.005,1,0))) -> 3 | J35: =IF(I35=0,2,0) -> 2 | K35: =D35+H35+J35 -> 6

Sheet 综合评定
A1: 供应商ABC分层分级 — 综合评定表
A3: 分级规则：≥85分=A级，70-84分=B级，<70分=C级 | 排名后30%降一级 | 连续2季度C级启动淘汰
A5: 供应商名称 | B5: 业务督导得分(60) | C5: 供应商管理得分(30) | D5: 质检得分(10) | E5: 综合得分(100) | F5: 综合排名 | G5: 基准等级 | H5: 排名是否后30% | I5: 最终等级 | J5: 连续C季度数 | K5: 是否触发PIP | L5: 是否触发淘汰
A6: =供应商基础信息!B4 -> 毅航 | B6: ='业务督导评分(60分)'!T11 -> 22 | C6: ='供应商管理评分(30分)'!M11 -> 7 | D6: ='质检评分(10分)'!K11 -> 6 | E6: =B6+C6+D6 -> 35 | F6: =RANK(E6,$E$6:$E$38,0) -> 1 | G6: =IF(E6>=85,"A",IF(E6>=70,"B","C")) -> C | H6: =IF(F6>23,"是","否") -> 否 | I6: =IF(H6="是",IF(G6="A","B",IF(G6="B","C","C")),G6) -> C | J6: 0 | K6: =IF(I6="C","是","否") -> 是 | L6: =IF(OR(I6="C",J6>=2),"是","否") -> 是
A7: =供应商基础信息!B5 -> 毛毛虫 | B7: ='业务督导评分(60分)'!T12 -> 22 | C7: ='供应商管理评分(30分)'!M12 -> 7 | D7: ='质检评分(10分)'!K12 -> 6 | E7: =B7+C7+D7 -> 35 | F7: =RANK(E7,$E$6:$E$38,0) -> 1 | G7: =IF(E7>=85,"A",IF(E7>=70,"B","C")) -> C | H7: =IF(F7>23,"是","否") -> 否 | I7: =IF(H7="是",IF(G7="A","B",IF(G7="B","C","C")),G7) -> C | K7: =IF(I7="C","是","否") -> 是 | L7: =IF(OR(I7="C",J7>=2),"是","否") -> 是
A8: =供应商基础信息!B6 -> 伽玛 | B8: ='业务督导评分(60分)'!T13 -> 22 | C8: ='供应商管理评分(30分)'!M13 -> 7 | D8: ='质检评分(10分)'!K13 -> 6 | E8: =B8+C8+D8 -> 35 | F8: =RANK(E8,$E$6:$E$38,0) -> 1 | G8: =IF(E8>=85,"A",IF(E8>=70,"B","C")) -> C | H8: =IF(F8>23,"是","否") -> 否 | I8: =IF(H8="是",IF(G8="A","B",IF(G8="B","C","C")),G8) -> C | K8: =IF(I8="C","是","否") -> 是 | L8: =IF(OR(I8="C",J8>=2),"是","否") -> 是
A9: =供应商基础信息!B7 -> 赛维斯 | B9: ='业务督导评分(60分)'!T14 -> 22 | C9: ='供应商管理评分(30分)'!M14 -> 7 | D9: ='质检评分(10分)'!K14 -> 6 | E9: =B9+C9+D9 -> 35 | F9: =RANK(E9,$E$6:$E$38,0) -> 1 | G9: =IF(E9>=85,"A",IF(E9>=70,"B","C")) -> C | H9: =IF(F9>23,"是","否") -> 否 | I9: =IF(H9="是",IF(G9="A","B",IF(G9="B","C","C")),G9) -> C | K9: =IF(I9="C","是","否") -> 是 | L9: =IF(OR(I9="C",J9>=2),"是","否") -> 是
A10: =供应商基础信息!B8 -> 岐力 | B10: ='业务督导评分(60分)'!T15 -> 22 | C10: ='供应商管理评分(30分)'!M15 -> 7 | D10: ='质检评分(10分)'!K15 -> 6 | E10: =B10+C10+D10 -> 35 | F10: =RANK(E10,$E$6:$E$38,0) -> 1 | G10: =IF(E10>=85,"A",IF(E10>=70,"B","C")) -> C | H10: =IF(F10>23,"是","否") -> 否 | I10: =IF(H10="是",IF(G10="A","B",IF(G10="B","C","C")),G10) -> C | K10: =IF(I10="C","是","否") -> 是 | L10: =IF(OR(I10="C",J10>=2),"是","否") -> 是
A11: =供应商基础信息!B9 -> 翰锐 | B11: ='业务督导评分(60分)'!T16 -> 22 | C11: ='供应商管理评分(30分)'!M16 -> 7 | D11: ='质检评分(10分)'!K16 -> 6 | E11: =B11+C11+D11 -> 35 | F11: =RANK(E11,$E$6:$E$38,0) -> 1 | G11: =IF(E11>=85,"A",IF(E11>=70,"B","C")) -> C | H11: =IF(F11>23,"是","否") -> 否 | I11: =IF(H11="是",IF(G11="A","B",IF(G11="B","C","C")),G11) -> C | K11: =IF(I11="C","是","否") -> 是 | L11: =IF(OR(I11="C",J11>=2),"是","否") -> 是
A12: =供应商基础信息!B10 -> 供应商G | B12: ='业务督导评分(60分)'!T17 -> 22 | C12: ='供应商管理评分(30分)'!M17 -> 7 | D12: ='质检评分(10分)'!K17 -> 6 | E12: =B12+C12+D12 -> 35 | F12: =RANK(E12,$E$6:$E$38,0) -> 1 | G12: =IF(E12>=85,"A",IF(E12>=70,"B","C")) -> C | H12: =IF(F12>23,"是","否") -> 否 | I12: =IF(H12="是",IF(G12="A","B",IF(G12="B","C","C")),G12) -> C | K12: =IF(I12="C","是","否") -> 是 | L12: =IF(OR(I12="C",J12>=2),"是","否") -> 是
A13: =供应商基础信息!B11 -> 供应商H | B13: ='业务督导评分(60分)'!T18 -> 22 | C13: ='供应商管理评分(30分)'!M18 -> 7 | D13: ='质检评分(10分)'!K18 -> 6 | E13: =B13+C13+D13 -> 35 | F13: =RANK(E13,$E$6:$E$38,0) -> 1 | G13: =IF(E13>=85,"A",IF(E13>=70,"B","C")) -> C | H13: =IF(F13>23,"是","否") -> 否 | I13: =IF(H13="是",IF(G13="A","B",IF(G13="B","C","C")),G13) -> C | K13: =IF(I13="C","是","否") -> 是 | L13: =IF(OR(I13="C",J13>=2),"是","否") -> 是
A14: =供应商基础信息!B12 -> 供应商I | B14: ='业务督导评分(60分)'!T19 -> 22 | C14: ='供应商管理评分(30分)'!M19 -> 7 | D14: ='质检评分(10分)'!K19 -> 6 | E14: =B14+C14+D14 -> 35 | F14: =RANK(E14,$E$6:$E$38,0) -> 1 | G14: =IF(E14>=85,"A",IF(E14>=70,"B","C")) -> C | H14: =IF(F14>23,"是","否") -> 否 | I14: =IF(H14="是",IF(G14="A","B",IF(G14="B","C","C")),G14) -> C | K14: =IF(I14="C","是","否") -> 是 | L14: =IF(OR(I14="C",J14>=2),"是","否") -> 是
A15: =供应商基础信息!B13 -> 0 | B15: ='业务督导评分(60分)'!T20 -> 22 | C15: ='供应商管理评分(30分)'!M20 -> 7 | D15: ='质检评分(10分)'!K20 -> 6 | E15: =B15+C15+D15 -> 35 | F15: =RANK(E15,$E$6:$E$38,0) -> 1 | G15: =IF(E15>=85,"A",IF(E15>=70,"B","C")) -> C | H15: =IF(F15>23,"是","否") -> 否 | I15: =IF(H15="是",IF(G15="A","B",IF(G15="B","C","C")),G15) -> C | K15: =IF(I15="C","是","否") -> 是 | L15: =IF(OR(I15="C",J15>=2),"是","否") -> 是
A16: =供应商基础信息!B14 -> 0 | B16: ='业务督导评分(60分)'!T21 -> 22 | C16: ='供应商管理评分(30分)'!M21 -> 7 | D16: ='质检评分(10分)'!K21 -> 6 | E16: =B16+C16+D16 -> 35 | F16: =RANK(E16,$E$6:$E$38,0) -> 1 | G16: =IF(E16>=85,"A",IF(E16>=70,"B","C")) -> C | H16: =IF(F16>23,"是","否") -> 否 | I16: =IF(H16="是",IF(G16="A","B",IF(G16="B","C","C")),G16) -> C | K16: =IF(I16="C","是","否") -> 是 | L16: =IF(OR(I16="C",J16>=2),"是","否") -> 是
A17: =供应商基础信息!B15 -> 0 | B17: ='业务督导评分(60分)'!T22 -> 22 | C17: ='供应商管理评分(30分)'!M22 -> 7 | D17: ='质检评分(10分)'!K22 -> 6 | E17: =B17+C17+D17 -> 35 | F17: =RANK(E17,$E$6:$E$38,0) -> 1 | G17: =IF(E17>=85,"A",IF(E17>=70,"B","C")) -> C | H17: =IF(F17>23,"是","否") -> 否 | I17: =IF(H17="是",IF(G17="A","B",IF(G17="B","C","C")),G17) -> C | K17: =IF(I17="C","是","否") -> 是 | L17: =IF(OR(I17="C",J17>=2),"是","否") -> 是
A18: =供应商基础信息!B16 -> 0 | B18: ='业务督导评分(60分)'!T23 -> 22 | C18: ='供应商管理评分(30分)'!M23 -> 7 | D18: ='质检评分(10分)'!K23 -> 6 | E18: =B18+C18+D18 -> 35 | F18: =RANK(E18,$E$6:$E$38,0) -> 1 | G18: =IF(E18>=85,"A",IF(E18>=70,"B","C")) -> C | H18: =IF(F18>23,"是","否") -> 否 | I18: =IF(H18="是",IF(G18="A","B",IF(G18="B","C","C")),G18) -> C | K18: =IF(I18="C","是","否") -> 是 | L18: =IF(OR(I18="C",J18>=2),"是","否") -> 是
... A38: =供应商基础信息!B36 -> 0 | B38: ='业务督导评分(60分)'!T43 -> 0 | C38: ='供应商管理评分(30分)'!M43 -> 0 | D38: ='质检评分(10分)'!K43 -> 0 | E38: =B38+C38+D38 -> 0 | F38: =RANK(E38,$E$6:$E$38,0) -> 27 | G38: =IF(E38>=85,"A",IF(E38>=70,"B","C")) -> C | H38: =IF(F38>23,"是","否") -> 是 | I38: =IF(H38="是",IF(G38="A","B",IF(G38="B","C","C")),G38) -> C | K38: =IF(I38="C","是","否") -> 是 | L38: =IF(OR(I38="C",J38>=2),"是","否") -> 是
A41: 分级统计
A42: A级数量 | B42: =COUNTIF(I6:I38,"A") -> 0 | C42: 占比 | D42: =B42/COUNTA(I6:I38) -> 0
A43: B级数量 | B43: =COUNTIF(I6:I38,"B") -> 0 | C43: 占比 | D43: =B43/COUNTA(I6:I38) -> 0
A44: C级数量 | B44: =COUNTIF(I6:I38,"C") -> 33 | C44: 占比 | D44: =B44/COUNTA(I6:I38) -> 1
A46: 触发PIP数量 | B46: =COUNTIF(K6:K38,"是") -> 33
A47: 触发淘汰数量 | B47: =COUNTIF(L6:L38,"是") -> 33
