Workbook

Sheet 使用说明
B2: 金条产线供应商分级 · 上半年盘点计算模板 v2
B5: 📍 颜色含义
B6: 🟡 黄色单元格 | C6: 需要你手动填入的数据（原始输入：首贷分/复贷分/合规扣分/供管自评）
B7: 🟢 绿色单元格 | C7: 自动计算的中间结果（不要改）
B8: 🟠 橙色单元格 | C8: 最终结果（评级、清单等）
B9: ⚪ 灰色单元格 | C9: 默认值（稳定性已预填B档，有异常才改）
B11: 📋 操作步骤
B12: Step 1 | C12: 打开「1.赛马分原始数据」填入 12 家供应商 × 6 个月的首贷分+复贷分
B13: Step 2 | C13: 打开「2.SLA扣分台账」填入 Q2 的黄牌/投诉/红线事件次数
B14: Step 3 | C14: 打开「3.稳定性检查表」默认已预填B档，有异常才改A/C
B15: Step 4 | C15: 打开「4.供管自评表」对每家5项打 高/中/低
B16: Step 5 | C16: 打开「5.评级结果」查看自动计算结果（含偏科标记）
B17: Step 6 | C17: 打开「6.三张清单」查看 A/B/C 级分组
B18: Step 7 | C18: 打开「7.集中度管控」检查 A 级产能占比
B19: Step 8 | C19: 打开「8.清退路径」查看 C 级供应商的处理路径
B21: ⚠️ v2 新增：首贷/复贷处理
B22: 规则 | C22: 月度赛马分 = (首贷分 + 复贷分) / 2
B23: 偏科标记 | C23: 首贷复贷分差>10分 → 标记偏科（首贷偏强/复贷偏强）
B25: ⚠️ 注意事项
B26: 1 | C26: 供应商ID/名称在 Sheet1 填一次，其他 Sheet 会自动带出
B27: 2 | C27: 赛马分缺失的月份填 0，并在备注列说明
B28: 3 | C28: 红线违规=直接C级，不走分数计算
B29: 4 | C29: 12家样本下，前30%=前4名、中40%=5-9名、后30%=10-12名
B30: 5 | C30: 趋势Y轴用Q1vsQ2赛马基础分环比，阈值±10%
B31: 6 | C31: 临界点（第4/5名、第9/10名分差<2分）需人工复核

Sheet 1.赛马分原始数据
A1: 📊 赛马月度评分 - 原始数据（首贷+复贷 → 算术平均）
A2: 规则：月度赛马分 = (首贷分 + 复贷分) / 2 | Q1基础分 = (Q1首贷均 + Q1复贷均) / 2
A4: 供应商ID | B4: 供应商名称 | C4: 1月 | E4: 2月 | G4: 3月 | I4: 4月 | K4: 5月 | M4: 6月 | O4: Q1首贷均 | P4: Q2首贷均 | Q4: Q1复贷均 | R4: Q2复贷均 | S4: Q1基础分 | T4: Q2基础分 | U4: 环比% | V4: Y档 | W4: 偏科标记 | X4: 备注
C5: 首贷分 | D5: 复贷分 | E5: 首贷分 | F5: 复贷分 | G5: 首贷分 | H5: 复贷分 | I5: 首贷分 | J5: 复贷分 | K5: 首贷分 | L5: 复贷分 | M5: 首贷分 | N5: 复贷分
A6: S001 | B6: 供应商A-均衡优 | C6: 92 | D6: 90 | E6: 94 | F6: 92 | G6: 90 | H6: 88 | I6: 93 | J6: 91 | K6: 95 | L6: 93 | M6: 91 | N6: 89 | O6: =IFERROR(AVERAGE(C6,E6,G6),0) | P6: =IFERROR(AVERAGE(I6,K6,M6),0) | Q6: =IFERROR(AVERAGE(D6,F6,H6),0) | R6: =IFERROR(AVERAGE(J6,L6,N6),0) | S6: =ROUND((O6+Q6)/2,1) | T6: =ROUND((P6+R6)/2,1) | U6: =IF(S6=0,"",ROUND((T6-S6)/S6*100,1)) | V6: =IF(U6="","数据不全",IF(U6>10,"上升",IF(U6<-10,"下降","持平"))) | W6: =IF(ABS(P6-R6)<=10,"⚖️均衡",IF(P6-R6>10,"↗️首贷偏强","↘️复贷偏强"))
A7: S002 | B7: 供应商B-首贷强 | C7: 95 | D7: 75 | E7: 97 | F7: 78 | G7: 93 | H7: 72 | I7: 96 | J7: 74 | K7: 98 | L7: 76 | M7: 94 | N7: 70 | O7: =IFERROR(AVERAGE(C7,E7,G7),0) | P7: =IFERROR(AVERAGE(I7,K7,M7),0) | Q7: =IFERROR(AVERAGE(D7,F7,H7),0) | R7: =IFERROR(AVERAGE(J7,L7,N7),0) | S7: =ROUND((O7+Q7)/2,1) | T7: =ROUND((P7+R7)/2,1) | U7: =IF(S7=0,"",ROUND((T7-S7)/S7*100,1)) | V7: =IF(U7="","数据不全",IF(U7>10,"上升",IF(U7<-10,"下降","持平"))) | W7: =IF(ABS(P7-R7)<=10,"⚖️均衡",IF(P7-R7>10,"↗️首贷偏强","↘️复贷偏强"))
A8: S003 | B8: 供应商C-均衡良 | C8: 85 | D8: 83 | E8: 87 | F8: 85 | G8: 83 | H8: 81 | I8: 88 | J8: 86 | K8: 90 | L8: 88 | M8: 86 | N8: 84 | O8: =IFERROR(AVERAGE(C8,E8,G8),0) | P8: =IFERROR(AVERAGE(I8,K8,M8),0) | Q8: =IFERROR(AVERAGE(D8,F8,H8),0) | R8: =IFERROR(AVERAGE(J8,L8,N8),0) | S8: =ROUND((O8+Q8)/2,1) | T8: =ROUND((P8+R8)/2,1) | U8: =IF(S8=0,"",ROUND((T8-S8)/S8*100,1)) | V8: =IF(U8="","数据不全",IF(U8>10,"上升",IF(U8<-10,"下降","持平"))) | W8: =IF(ABS(P8-R8)<=10,"⚖️均衡",IF(P8-R8>10,"↗️首贷偏强","↘️复贷偏强"))
A9: S004 | B9: 供应商D-复贷强 | C9: 72 | D9: 88 | E9: 74 | F9: 90 | G9: 70 | H9: 86 | I9: 76 | J9: 92 | K9: 78 | L9: 94 | M9: 74 | N9: 90 | O9: =IFERROR(AVERAGE(C9,E9,G9),0) | P9: =IFERROR(AVERAGE(I9,K9,M9),0) | Q9: =IFERROR(AVERAGE(D9,F9,H9),0) | R9: =IFERROR(AVERAGE(J9,L9,N9),0) | S9: =ROUND((O9+Q9)/2,1) | T9: =ROUND((P9+R9)/2,1) | U9: =IF(S9=0,"",ROUND((T9-S9)/S9*100,1)) | V9: =IF(U9="","数据不全",IF(U9>10,"上升",IF(U9<-10,"下降","持平"))) | W9: =IF(ABS(P9-R9)<=10,"⚖️均衡",IF(P9-R9>10,"↗️首贷偏强","↘️复贷偏强"))
A10: S005 | B10: 供应商E-中上 | C10: 80 | D10: 78 | E10: 82 | F10: 80 | G10: 78 | H10: 76 | I10: 84 | J10: 82 | K10: 86 | L10: 84 | M10: 82 | N10: 80 | O10: =IFERROR(AVERAGE(C10,E10,G10),0) | P10: =IFERROR(AVERAGE(I10,K10,M10),0) | Q10: =IFERROR(AVERAGE(D10,F10,H10),0) | R10: =IFERROR(AVERAGE(J10,L10,N10),0) | S10: =ROUND((O10+Q10)/2,1) | T10: =ROUND((P10+R10)/2,1) | U10: =IF(S10=0,"",ROUND((T10-S10)/S10*100,1)) | V10: =IF(U10="","数据不全",IF(U10>10,"上升",IF(U10<-10,"下降","持平"))) | W10: =IF(ABS(P10-R10)<=10,"⚖️均衡",IF(P10-R10>10,"↗️首贷偏强","↘️复贷偏强"))
A11: S006 | B11: 供应商F-中 | C11: 75 | D11: 73 | E11: 77 | F11: 75 | G11: 73 | H11: 71 | I11: 78 | J11: 76 | K11: 80 | L11: 78 | M11: 76 | N11: 74 | O11: =IFERROR(AVERAGE(C11,E11,G11),0) | P11: =IFERROR(AVERAGE(I11,K11,M11),0) | Q11: =IFERROR(AVERAGE(D11,F11,H11),0) | R11: =IFERROR(AVERAGE(J11,L11,N11),0) | S11: =ROUND((O11+Q11)/2,1) | T11: =ROUND((P11+R11)/2,1) | U11: =IF(S11=0,"",ROUND((T11-S11)/S11*100,1)) | V11: =IF(U11="","数据不全",IF(U11>10,"上升",IF(U11<-10,"下降","持平"))) | W11: =IF(ABS(P11-R11)<=10,"⚖️均衡",IF(P11-R11>10,"↗️首贷偏强","↘️复贷偏强"))
A12: S007 | B12: 供应商G-中 | C12: 72 | D12: 70 | E12: 74 | F12: 72 | G12: 70 | H12: 68 | I12: 76 | J12: 74 | K12: 78 | L12: 76 | M12: 74 | N12: 72 | O12: =IFERROR(AVERAGE(C12,E12,G12),0) | P12: =IFERROR(AVERAGE(I12,K12,M12),0) | Q12: =IFERROR(AVERAGE(D12,F12,H12),0) | R12: =IFERROR(AVERAGE(J12,L12,N12),0) | S12: =ROUND((O12+Q12)/2,1) | T12: =ROUND((P12+R12)/2,1) | U12: =IF(S12=0,"",ROUND((T12-S12)/S12*100,1)) | V12: =IF(U12="","数据不全",IF(U12>10,"上升",IF(U12<-10,"下降","持平"))) | W12: =IF(ABS(P12-R12)<=10,"⚖️均衡",IF(P12-R12>10,"↗️首贷偏强","↘️复贷偏强"))
A13: S008 | B13: 供应商H-中下 | C13: 68 | D13: 66 | E13: 70 | F13: 68 | G13: 66 | H13: 64 | I13: 72 | J13: 70 | K13: 74 | L13: 72 | M13: 70 | N13: 68 | O13: =IFERROR(AVERAGE(C13,E13,G13),0) | P13: =IFERROR(AVERAGE(I13,K13,M13),0) | Q13: =IFERROR(AVERAGE(D13,F13,H13),0) | R13: =IFERROR(AVERAGE(J13,L13,N13),0) | S13: =ROUND((O13+Q13)/2,1) | T13: =ROUND((P13+R13)/2,1) | U13: =IF(S13=0,"",ROUND((T13-S13)/S13*100,1)) | V13: =IF(U13="","数据不全",IF(U13>10,"上升",IF(U13<-10,"下降","持平"))) | W13: =IF(ABS(P13-R13)<=10,"⚖️均衡",IF(P13-R13>10,"↗️首贷偏强","↘️复贷偏强"))
A14: S009 | B14: 供应商I-中边 | C14: 65 | D14: 63 | E14: 67 | F14: 65 | G14: 63 | H14: 61 | I14: 69 | J14: 67 | K14: 71 | L14: 69 | M14: 67 | N14: 65 | O14: =IFERROR(AVERAGE(C14,E14,G14),0) | P14: =IFERROR(AVERAGE(I14,K14,M14),0) | Q14: =IFERROR(AVERAGE(D14,F14,H14),0) | R14: =IFERROR(AVERAGE(J14,L14,N14),0) | S14: =ROUND((O14+Q14)/2,1) | T14: =ROUND((P14+R14)/2,1) | U14: =IF(S14=0,"",ROUND((T14-S14)/S14*100,1)) | V14: =IF(U14="","数据不全",IF(U14>10,"上升",IF(U14<-10,"下降","持平"))) | W14: =IF(ABS(P14-R14)<=10,"⚖️均衡",IF(P14-R14>10,"↗️首贷偏强","↘️复贷偏强"))
A15: S010 | B15: 供应商J-差边 | C15: 60 | D15: 58 | E15: 62 | F15: 60 | G15: 58 | H15: 56 | I15: 64 | J15: 62 | K15: 66 | L15: 64 | M15: 62 | N15: 60 | O15: =IFERROR(AVERAGE(C15,E15,G15),0) | P15: =IFERROR(AVERAGE(I15,K15,M15),0) | Q15: =IFERROR(AVERAGE(D15,F15,H15),0) | R15: =IFERROR(AVERAGE(J15,L15,N15),0) | S15: =ROUND((O15+Q15)/2,1) | T15: =ROUND((P15+R15)/2,1) | U15: =IF(S15=0,"",ROUND((T15-S15)/S15*100,1)) | V15: =IF(U15="","数据不全",IF(U15>10,"上升",IF(U15<-10,"下降","持平"))) | W15: =IF(ABS(P15-R15)<=10,"⚖️均衡",IF(P15-R15>10,"↗️首贷偏强","↘️复贷偏强"))
A16: S011 | B16: 供应商K-差 | C16: 55 | D16: 53 | E16: 57 | F16: 55 | G16: 53 | H16: 51 | I16: 58 | J16: 56 | K16: 60 | L16: 58 | M16: 56 | N16: 54 | O16: =IFERROR(AVERAGE(C16,E16,G16),0) | P16: =IFERROR(AVERAGE(I16,K16,M16),0) | Q16: =IFERROR(AVERAGE(D16,F16,H16),0) | R16: =IFERROR(AVERAGE(J16,L16,N16),0) | S16: =ROUND((O16+Q16)/2,1) | T16: =ROUND((P16+R16)/2,1) | U16: =IF(S16=0,"",ROUND((T16-S16)/S16*100,1)) | V16: =IF(U16="","数据不全",IF(U16>10,"上升",IF(U16<-10,"下降","持平"))) | W16: =IF(ABS(P16-R16)<=10,"⚖️均衡",IF(P16-R16>10,"↗️首贷偏强","↘️复贷偏强"))
A17: S012 | B17: 供应商L-差红 | C17: 50 | D17: 48 | E17: 52 | F17: 50 | G17: 48 | H17: 46 | I17: 54 | J17: 52 | K17: 56 | L17: 54 | M17: 52 | N17: 50 | O17: =IFERROR(AVERAGE(C17,E17,G17),0) | P17: =IFERROR(AVERAGE(I17,K17,M17),0) | Q17: =IFERROR(AVERAGE(D17,F17,H17),0) | R17: =IFERROR(AVERAGE(J17,L17,N17),0) | S17: =ROUND((O17+Q17)/2,1) | T17: =ROUND((P17+R17)/2,1) | U17: =IF(S17=0,"",ROUND((T17-S17)/S17*100,1)) | V17: =IF(U17="","数据不全",IF(U17>10,"上升",IF(U17<-10,"下降","持平"))) | W17: =IF(ABS(P17-R17)<=10,"⚖️均衡",IF(P17-R17>10,"↗️首贷偏强","↘️复贷偏强"))

Sheet 2.SLA扣分台账
A1: ⚠️ SLA/合规扣分台账（Q2）
A2: 规则：黄牌整改-5分/次 | 有责投诉-5分/次 | 红线违规=直接C级
A4: 供应商ID | B4: 供应商名称 | C4: 黄牌次数 | D4: 有责投诉次数 | E4: 红线违规 | F4: Q2合规扣分 | G4: 触发直接C级
A5: S001 | B5: 供应商A-均衡优 | C5: 0 | D5: 0 | E5: 0 | F5: =C5*5+D5*5 | G5: =IF(E5>0,"是·直接C级","否")
A6: S002 | B6: 供应商B-首贷强 | C6: 1 | D6: 0 | E6: 0 | F6: =C6*5+D6*5 | G6: =IF(E6>0,"是·直接C级","否")
A7: S003 | B7: 供应商C-均衡良 | C7: 0 | D7: 0 | E7: 0 | F7: =C7*5+D7*5 | G7: =IF(E7>0,"是·直接C级","否")
A8: S004 | B8: 供应商D-复贷强 | C8: 0 | D8: 1 | E8: 0 | F8: =C8*5+D8*5 | G8: =IF(E8>0,"是·直接C级","否")
A9: S005 | B9: 供应商E-中上 | C9: 0 | D9: 0 | E9: 0 | F9: =C9*5+D9*5 | G9: =IF(E9>0,"是·直接C级","否")
A10: S006 | B10: 供应商F-中 | C10: 2 | D10: 0 | E10: 0 | F10: =C10*5+D10*5 | G10: =IF(E10>0,"是·直接C级","否")
A11: S007 | B11: 供应商G-中 | C11: 0 | D11: 0 | E11: 0 | F11: =C11*5+D11*5 | G11: =IF(E11>0,"是·直接C级","否")
A12: S008 | B12: 供应商H-中下 | C12: 1 | D12: 1 | E12: 0 | F12: =C12*5+D12*5 | G12: =IF(E12>0,"是·直接C级","否")
A13: S009 | B13: 供应商I-中边 | C13: 0 | D13: 0 | E13: 0 | F13: =C13*5+D13*5 | G13: =IF(E13>0,"是·直接C级","否")
A14: S010 | B14: 供应商J-差边 | C14: 0 | D14: 0 | E14: 0 | F14: =C14*5+D14*5 | G14: =IF(E14>0,"是·直接C级","否")
A15: S011 | B15: 供应商K-差 | C15: 3 | D15: 0 | E15: 0 | F15: =C15*5+D15*5 | G15: =IF(E15>0,"是·直接C级","否")
A16: S012 | B16: 供应商L-差红 | C16: 0 | D16: 0 | E16: 1 | F16: =C16*5+D16*5 | G16: =IF(E16>0,"是·直接C级","否")

Sheet 3.稳定性检查表
A1: 🔧 月度稳定性检查表（Q2三个月）
A2: 🔑 默认已预填B档（0分）。有异常才改A/C：A=表现突出 | C=出现问题
A4: 供应商ID | B4: 供应商名称 | C4: 4月 | G4: 5月 | K4: 6月 | O4: Q2稳定性得分 | P4: 备注
C5: 人员变动 | D5: 产能波动 | E5: SLA达成 | F5: 突发情况 | G5: 人员变动 | H5: 产能波动 | I5: SLA达成 | J5: 突发情况 | K5: 人员变动 | L5: 产能波动 | M5: SLA达成 | N5: 突发情况
C6: B | D6: B | E6: B | F6: B | G6: B | H6: B | I6: B | J6: B | K6: B | L6: B | M6: B | N6: B | O6: =ROUND(((IF(C6="A",1,IF(C6="C",-1,0))+IF(D6="A",1,IF(D6="C",-1,0))+IF(E6="A",1,IF(E6="C",-1,0))+IF(F6="A",1,IF(F6="C",-1,0)))+(IF(G6="A",1,IF(G6="C",-1,0))+IF(H6="A",1,IF(H6="C",-1,0))+IF(I6="A",1,IF(I6="C",-1,0))+IF(J6="A",1,IF(J6="C",-1,0)))+(IF(K6="A",1,IF(K6="C",-1,0))+IF(L6="A",1,IF(L6="C",-1,0))+IF(M6="A",1,IF(M6="C",-1,0))+IF(N6="A",1,IF(N6="C",-1,0))))/3,0)
C7: B | D7: B | E7: B | F7: B | G7: B | H7: B | I7: B | J7: B | K7: B | L7: B | M7: B | N7: B | O7: =ROUND(((IF(C7="A",1,IF(C7="C",-1,0))+IF(D7="A",1,IF(D7="C",-1,0))+IF(E7="A",1,IF(E7="C",-1,0))+IF(F7="A",1,IF(F7="C",-1,0)))+(IF(G7="A",1,IF(G7="C",-1,0))+IF(H7="A",1,IF(H7="C",-1,0))+IF(I7="A",1,IF(I7="C",-1,0))+IF(J7="A",1,IF(J7="C",-1,0)))+(IF(K7="A",1,IF(K7="C",-1,0))+IF(L7="A",1,IF(L7="C",-1,0))+IF(M7="A",1,IF(M7="C",-1,0))+IF(N7="A",1,IF(N7="C",-1,0))))/3,0)
C8: B | D8: B | E8: B | F8: B | G8: B | H8: B | I8: B | J8: A | K8: B | L8: B | M8: B | N8: B | O8: =ROUND(((IF(C8="A",1,IF(C8="C",-1,0))+IF(D8="A",1,IF(D8="C",-1,0))+IF(E8="A",1,IF(E8="C",-1,0))+IF(F8="A",1,IF(F8="C",-1,0)))+(IF(G8="A",1,IF(G8="C",-1,0))+IF(H8="A",1,IF(H8="C",-1,0))+IF(I8="A",1,IF(I8="C",-1,0))+IF(J8="A",1,IF(J8="C",-1,0)))+(IF(K8="A",1,IF(K8="C",-1,0))+IF(L8="A",1,IF(L8="C",-1,0))+IF(M8="A",1,IF(M8="C",-1,0))+IF(N8="A",1,IF(N8="C",-1,0))))/3,0)
C9: B | D9: B | E9: B | F9: B | G9: B | H9: B | I9: B | J9: B | K9: B | L9: B | M9: B | N9: B | O9: =ROUND(((IF(C9="A",1,IF(C9="C",-1,0))+IF(D9="A",1,IF(D9="C",-1,0))+IF(E9="A",1,IF(E9="C",-1,0))+IF(F9="A",1,IF(F9="C",-1,0)))+(IF(G9="A",1,IF(G9="C",-1,0))+IF(H9="A",1,IF(H9="C",-1,0))+IF(I9="A",1,IF(I9="C",-1,0))+IF(J9="A",1,IF(J9="C",-1,0)))+(IF(K9="A",1,IF(K9="C",-1,0))+IF(L9="A",1,IF(L9="C",-1,0))+IF(M9="A",1,IF(M9="C",-1,0))+IF(N9="A",1,IF(N9="C",-1,0))))/3,0)
C10: B | D10: B | E10: B | F10: B | G10: B | H10: B | I10: B | J10: B | K10: B | L10: B | M10: B | N10: B | O10: =ROUND(((IF(C10="A",1,IF(C10="C",-1,0))+IF(D10="A",1,IF(D10="C",-1,0))+IF(E10="A",1,IF(E10="C",-1,0))+IF(F10="A",1,IF(F10="C",-1,0)))+(IF(G10="A",1,IF(G10="C",-1,0))+IF(H10="A",1,IF(H10="C",-1,0))+IF(I10="A",1,IF(I10="C",-1,0))+IF(J10="A",1,IF(J10="C",-1,0)))+(IF(K10="A",1,IF(K10="C",-1,0))+IF(L10="A",1,IF(L10="C",-1,0))+IF(M10="A",1,IF(M10="C",-1,0))+IF(N10="A",1,IF(N10="C",-1,0))))/3,0)
C11: B | D11: B | E11: B | F11: B | G11: B | H11: B | I11: B | J11: B | K11: B | L11: B | M11: B | N11: B | O11: =ROUND(((IF(C11="A",1,IF(C11="C",-1,0))+IF(D11="A",1,IF(D11="C",-1,0))+IF(E11="A",1,IF(E11="C",-1,0))+IF(F11="A",1,IF(F11="C",-1,0)))+(IF(G11="A",1,IF(G11="C",-1,0))+IF(H11="A",1,IF(H11="C",-1,0))+IF(I11="A",1,IF(I11="C",-1,0))+IF(J11="A",1,IF(J11="C",-1,0)))+(IF(K11="A",1,IF(K11="C",-1,0))+IF(L11="A",1,IF(L11="C",-1,0))+IF(M11="A",1,IF(M11="C",-1,0))+IF(N11="A",1,IF(N11="C",-1,0))))/3,0)
C12: B | D12: B | E12: B | F12: B | G12: B | H12: C | I12: B | J12: B | K12: B | L12: B | M12: B | N12: B | O12: =ROUND(((IF(C12="A",1,IF(C12="C",-1,0))+IF(D12="A",1,IF(D12="C",-1,0))+IF(E12="A",1,IF(E12="C",-1,0))+IF(F12="A",1,IF(F12="C",-1,0)))+(IF(G12="A",1,IF(G12="C",-1,0))+IF(H12="A",1,IF(H12="C",-1,0))+IF(I12="A",1,IF(I12="C",-1,0))+IF(J12="A",1,IF(J12="C",-1,0)))+(IF(K12="A",1,IF(K12="C",-1,0))+IF(L12="A",1,IF(L12="C",-1,0))+IF(M12="A",1,IF(M12="C",-1,0))+IF(N12="A",1,IF(N12="C",-1,0))))/3,0)
C13: B | D13: B | E13: B | F13: B | G13: B | H13: B | I13: B | J13: B | K13: B | L13: B | M13: B | N13: B | O13: =ROUND(((IF(C13="A",1,IF(C13="C",-1,0))+IF(D13="A",1,IF(D13="C",-1,0))+IF(E13="A",1,IF(E13="C",-1,0))+IF(F13="A",1,IF(F13="C",-1,0)))+(IF(G13="A",1,IF(G13="C",-1,0))+IF(H13="A",1,IF(H13="C",-1,0))+IF(I13="A",1,IF(I13="C",-1,0))+IF(J13="A",1,IF(J13="C",-1,0)))+(IF(K13="A",1,IF(K13="C",-1,0))+IF(L13="A",1,IF(L13="C",-1,0))+IF(M13="A",1,IF(M13="C",-1,0))+IF(N13="A",1,IF(N13="C",-1,0))))/3,0)
C14: B | D14: B | E14: B | F14: B | G14: B | H14: C | I14: B | J14: B | K14: B | L14: C | M14: B | N14: B | O14: =ROUND(((IF(C14="A",1,IF(C14="C",-1,0))+IF(D14="A",1,IF(D14="C",-1,0))+IF(E14="A",1,IF(E14="C",-1,0))+IF(F14="A",1,IF(F14="C",-1,0)))+(IF(G14="A",1,IF(G14="C",-1,0))+IF(H14="A",1,IF(H14="C",-1,0))+IF(I14="A",1,IF(I14="C",-1,0))+IF(J14="A",1,IF(J14="C",-1,0)))+(IF(K14="A",1,IF(K14="C",-1,0))+IF(L14="A",1,IF(L14="C",-1,0))+IF(M14="A",1,IF(M14="C",-1,0))+IF(N14="A",1,IF(N14="C",-1,0))))/3,0)
C15: B | D15: B | E15: B | F15: B | G15: B | H15: B | I15: B | J15: B | K15: B | L15: B | M15: B | N15: B | O15: =ROUND(((IF(C15="A",1,IF(C15="C",-1,0))+IF(D15="A",1,IF(D15="C",-1,0))+IF(E15="A",1,IF(E15="C",-1,0))+IF(F15="A",1,IF(F15="C",-1,0)))+(IF(G15="A",1,IF(G15="C",-1,0))+IF(H15="A",1,IF(H15="C",-1,0))+IF(I15="A",1,IF(I15="C",-1,0))+IF(J15="A",1,IF(J15="C",-1,0)))+(IF(K15="A",1,IF(K15="C",-1,0))+IF(L15="A",1,IF(L15="C",-1,0))+IF(M15="A",1,IF(M15="C",-1,0))+IF(N15="A",1,IF(N15="C",-1,0))))/3,0)
C16: B | D16: B | E16: B | F16: B | G16: B | H16: B | I16: B | J16: B | K16: B | L16: B | M16: B | N16: B | O16: =ROUND(((IF(C16="A",1,IF(C16="C",-1,0))+IF(D16="A",1,IF(D16="C",-1,0))+IF(E16="A",1,IF(E16="C",-1,0))+IF(F16="A",1,IF(F16="C",-1,0)))+(IF(G16="A",1,IF(G16="C",-1,0))+IF(H16="A",1,IF(H16="C",-1,0))+IF(I16="A",1,IF(I16="C",-1,0))+IF(J16="A",1,IF(J16="C",-1,0)))+(IF(K16="A",1,IF(K16="C",-1,0))+IF(L16="A",1,IF(L16="C",-1,0))+IF(M16="A",1,IF(M16="C",-1,0))+IF(N16="A",1,IF(N16="C",-1,0))))/3,0)
C17: B | D17: B | E17: B | F17: B | G17: B | H17: B | I17: B | J17: B | K17: B | L17: B | M17: B | N17: B | O17: C

Sheet 4.供管自评表
A1: 📝 供管自评5项（Q2）
A2: 规则：高=1分 | 中=0分 | 低=0分 | 加分=5项中评高的项数（封顶5）
A4: 供应商ID | B4: 供应商名称 | C4: 战略协作 | D4: 响应质量 | E4: 高效执行 | F4: 共同成长 | G4: 坦诚透明 | H4: 自评加分
A5: S001 | B5: 供应商A-均衡优 | C5: 高 | D5: 高 | E5: 高 | F5: 高 | G5: 高 | H5: =COUNTIF(C5:G5,"高")
A6: S002 | B6: 供应商B-首贷强 | C6: 高 | D6: 高 | E6: 高 | F6: 中 | G6: 高 | H6: =COUNTIF(C6:G6,"高")
A7: S003 | B7: 供应商C-均衡良 | C7: 高 | D7: 高 | E7: 中 | F7: 高 | G7: 高 | H7: =COUNTIF(C7:G7,"高")
A8: S004 | B8: 供应商D-复贷强 | C8: 高 | D8: 中 | E8: 高 | F8: 中 | G8: 高 | H8: =COUNTIF(C8:G8,"高")
A9: S005 | B9: 供应商E-中上 | C9: 中 | D9: 高 | E9: 中 | F9: 高 | G9: 中 | H9: =COUNTIF(C9:G9,"高")
A10: S006 | B10: 供应商F-中 | C10: 中 | D10: 中 | E10: 高 | F10: 中 | G10: 中 | H10: =COUNTIF(C10:G10,"高")
A11: S007 | B11: 供应商G-中 | C11: 中 | D11: 中 | E11: 中 | F11: 高 | G11: 中 | H11: =COUNTIF(C11:G11,"高")
A12: S008 | B12: 供应商H-中下 | C12: 中 | D12: 低 | E12: 中 | F12: 中 | G12: 中 | H12: =COUNTIF(C12:G12,"高")
A13: S009 | B13: 供应商I-中边 | C13: 低 | D13: 中 | E13: 中 | F13: 中 | G13: 低 | H13: =COUNTIF(C13:G13,"高")
A14: S010 | B14: 供应商J-差边 | C14: 低 | D14: 低 | E14: 中 | F14: 低 | G14: 中 | H14: =COUNTIF(C14:G14,"高")
A15: S011 | B15: 供应商K-差 | C15: 低 | D15: 低 | E15: 低 | F15: 中 | G15: 低 | H15: =COUNTIF(C15:G15,"高")
A16: S012 | B16: 供应商L-差红 | C16: 低 | D16: 低 | E16: 低 | F16: 低 | G16: 低 | H16: =COUNTIF(C16:G16,"高")

Sheet 5.评级结果
A1: 🏆 供应商分级评级结果（自动计算）
A2: ⚠️ 本表全部自动计算，无需手动修改。数据源：Sheet 1-4
A4: 供应商ID | B4: 供应商名称 | C4: Q2赛马基础分 | D4: Q2合规扣分 | E4: Q2稳定性得分 | F4: Q2供管自评加分 | G4: 最终得分 | H4: 排名 | I4: X档(贡献) | J4: 环比% | K4: Y档(趋势) | L4: 九宫格位置 | M4: ABC评级 | N4: 偏科标记 | O4: 评级说明
A5: =IF('1.赛马分原始数据'!A4="","",'1.赛马分原始数据'!A4) | B5: =IF('1.赛马分原始数据'!B4="","",'1.赛马分原始数据'!B4) | C5: ='1.赛马分原始数据'!T4 | D5: ='2.SLA扣分台账'!F4 | E5: ='3.稳定性检查表'!O4 | F5: ='4.供管自评表'!H4 | G5: =ROUND(C5-D5+E5+F5,1) | H5: =IF(G5=0,"",RANK(G5,$G$5:$G$16,0)) | I5: =IF(H5="","",IF(H5<=4,"高",IF(H5<=9,"中","低"))) | J5: ='1.赛马分原始数据'!U4 | K5: ='1.赛马分原始数据'!V4 | L5: =IF(OR(I5="",K5="数据不全"),"",I5&"-"&K5) | M5: =IF(B5="","",IF('2.SLA扣分台账'!G4="是·直接C级","C(红线)",IF(I5="高",IF(K5="下降","A(防下滑)","A"),IF(I5="中","B",IF(I5="低","C",""))))) | N5: ='1.赛马分原始数据'!W4 | O5: =IF(M5="","",IF(LEFT(M5,1)="A","优秀·资源优先倾斜",IF(LEFT(M5,1)="B","合格·维持现状",IF(LEFT(M5,1)="C","不合格·整改或清退",""))))
A6: =IF('1.赛马分原始数据'!A5="","",'1.赛马分原始数据'!A5) | B6: =IF('1.赛马分原始数据'!B5="","",'1.赛马分原始数据'!B5) | C6: ='1.赛马分原始数据'!T5 | D6: ='2.SLA扣分台账'!F5 | E6: ='3.稳定性检查表'!O5 | F6: ='4.供管自评表'!H5 | G6: =ROUND(C6-D6+E6+F6,1) | H6: =IF(G6=0,"",RANK(G6,$G$5:$G$16,0)) | I6: =IF(H6="","",IF(H6<=4,"高",IF(H6<=9,"中","低"))) | J6: ='1.赛马分原始数据'!U5 | K6: ='1.赛马分原始数据'!V5 | L6: =IF(OR(I6="",K6="数据不全"),"",I6&"-"&K6) | M6: =IF(B6="","",IF('2.SLA扣分台账'!G5="是·直接C级","C(红线)",IF(I6="高",IF(K6="下降","A(防下滑)","A"),IF(I6="中","B",IF(I6="低","C",""))))) | N6: ='1.赛马分原始数据'!W5 | O6: =IF(M6="","",IF(LEFT(M6,1)="A","优秀·资源优先倾斜",IF(LEFT(M6,1)="B","合格·维持现状",IF(LEFT(M6,1)="C","不合格·整改或清退",""))))
A7: =IF('1.赛马分原始数据'!A6="","",'1.赛马分原始数据'!A6) | B7: =IF('1.赛马分原始数据'!B6="","",'1.赛马分原始数据'!B6) | C7: ='1.赛马分原始数据'!T6 | D7: ='2.SLA扣分台账'!F6 | E7: ='3.稳定性检查表'!O6 | F7: ='4.供管自评表'!H6 | G7: =ROUND(C7-D7+E7+F7,1) | H7: =IF(G7=0,"",RANK(G7,$G$5:$G$16,0)) | I7: =IF(H7="","",IF(H7<=4,"高",IF(H7<=9,"中","低"))) | J7: ='1.赛马分原始数据'!U6 | K7: ='1.赛马分原始数据'!V6 | L7: =IF(OR(I7="",K7="数据不全"),"",I7&"-"&K7) | M7: =IF(B7="","",IF('2.SLA扣分台账'!G6="是·直接C级","C(红线)",IF(I7="高",IF(K7="下降","A(防下滑)","A"),IF(I7="中","B",IF(I7="低","C",""))))) | N7: ='1.赛马分原始数据'!W6 | O7: =IF(M7="","",IF(LEFT(M7,1)="A","优秀·资源优先倾斜",IF(LEFT(M7,1)="B","合格·维持现状",IF(LEFT(M7,1)="C","不合格·整改或清退",""))))
A8: =IF('1.赛马分原始数据'!A7="","",'1.赛马分原始数据'!A7) | B8: =IF('1.赛马分原始数据'!B7="","",'1.赛马分原始数据'!B7) | C8: ='1.赛马分原始数据'!T7 | D8: ='2.SLA扣分台账'!F7 | E8: ='3.稳定性检查表'!O7 | F8: ='4.供管自评表'!H7 | G8: =ROUND(C8-D8+E8+F8,1) | H8: =IF(G8=0,"",RANK(G8,$G$5:$G$16,0)) | I8: =IF(H8="","",IF(H8<=4,"高",IF(H8<=9,"中","低"))) | J8: ='1.赛马分原始数据'!U7 | K8: ='1.赛马分原始数据'!V7 | L8: =IF(OR(I8="",K8="数据不全"),"",I8&"-"&K8) | M8: =IF(B8="","",IF('2.SLA扣分台账'!G7="是·直接C级","C(红线)",IF(I8="高",IF(K8="下降","A(防下滑)","A"),IF(I8="中","B",IF(I8="低","C",""))))) | N8: ='1.赛马分原始数据'!W7 | O8: =IF(M8="","",IF(LEFT(M8,1)="A","优秀·资源优先倾斜",IF(LEFT(M8,1)="B","合格·维持现状",IF(LEFT(M8,1)="C","不合格·整改或清退",""))))
A9: =IF('1.赛马分原始数据'!A8="","",'1.赛马分原始数据'!A8) | B9: =IF('1.赛马分原始数据'!B8="","",'1.赛马分原始数据'!B8) | C9: ='1.赛马分原始数据'!T8 | D9: ='2.SLA扣分台账'!F8 | E9: ='3.稳定性检查表'!O8 | F9: ='4.供管自评表'!H8 | G9: =ROUND(C9-D9+E9+F9,1) | H9: =IF(G9=0,"",RANK(G9,$G$5:$G$16,0)) | I9: =IF(H9="","",IF(H9<=4,"高",IF(H9<=9,"中","低"))) | J9: ='1.赛马分原始数据'!U8 | K9: ='1.赛马分原始数据'!V8 | L9: =IF(OR(I9="",K9="数据不全"),"",I9&"-"&K9) | M9: =IF(B9="","",IF('2.SLA扣分台账'!G8="是·直接C级","C(红线)",IF(I9="高",IF(K9="下降","A(防下滑)","A"),IF(I9="中","B",IF(I9="低","C",""))))) | N9: ='1.赛马分原始数据'!W8 | O9: =IF(M9="","",IF(LEFT(M9,1)="A","优秀·资源优先倾斜",IF(LEFT(M9,1)="B","合格·维持现状",IF(LEFT(M9,1)="C","不合格·整改或清退",""))))
A10: =IF('1.赛马分原始数据'!A9="","",'1.赛马分原始数据'!A9) | B10: =IF('1.赛马分原始数据'!B9="","",'1.赛马分原始数据'!B9) | C10: ='1.赛马分原始数据'!T9 | D10: ='2.SLA扣分台账'!F9 | E10: ='3.稳定性检查表'!O9 | F10: ='4.供管自评表'!H9 | G10: =ROUND(C10-D10+E10+F10,1) | H10: =IF(G10=0,"",RANK(G10,$G$5:$G$16,0)) | I10: =IF(H10="","",IF(H10<=4,"高",IF(H10<=9,"中","低"))) | J10: ='1.赛马分原始数据'!U9 | K10: ='1.赛马分原始数据'!V9 | L10: =IF(OR(I10="",K10="数据不全"),"",I10&"-"&K10) | M10: =IF(B10="","",IF('2.SLA扣分台账'!G9="是·直接C级","C(红线)",IF(I10="高",IF(K10="下降","A(防下滑)","A"),IF(I10="中","B",IF(I10="低","C",""))))) | N10: ='1.赛马分原始数据'!W9 | O10: =IF(M10="","",IF(LEFT(M10,1)="A","优秀·资源优先倾斜",IF(LEFT(M10,1)="B","合格·维持现状",IF(LEFT(M10,1)="C","不合格·整改或清退",""))))
A11: =IF('1.赛马分原始数据'!A10="","",'1.赛马分原始数据'!A10) | B11: =IF('1.赛马分原始数据'!B10="","",'1.赛马分原始数据'!B10) | C11: ='1.赛马分原始数据'!T10 | D11: ='2.SLA扣分台账'!F10 | E11: ='3.稳定性检查表'!O10 | F11: ='4.供管自评表'!H10 | G11: =ROUND(C11-D11+E11+F11,1) | H11: =IF(G11=0,"",RANK(G11,$G$5:$G$16,0)) | I11: =IF(H11="","",IF(H11<=4,"高",IF(H11<=9,"中","低"))) | J11: ='1.赛马分原始数据'!U10 | K11: ='1.赛马分原始数据'!V10 | L11: =IF(OR(I11="",K11="数据不全"),"",I11&"-"&K11) | M11: =IF(B11="","",IF('2.SLA扣分台账'!G10="是·直接C级","C(红线)",IF(I11="高",IF(K11="下降","A(防下滑)","A"),IF(I11="中","B",IF(I11="低","C",""))))) | N11: ='1.赛马分原始数据'!W10 | O11: =IF(M11="","",IF(LEFT(M11,1)="A","优秀·资源优先倾斜",IF(LEFT(M11,1)="B","合格·维持现状",IF(LEFT(M11,1)="C","不合格·整改或清退",""))))
A12: =IF('1.赛马分原始数据'!A11="","",'1.赛马分原始数据'!A11) | B12: =IF('1.赛马分原始数据'!B11="","",'1.赛马分原始数据'!B11) | C12: ='1.赛马分原始数据'!T11 | D12: ='2.SLA扣分台账'!F11 | E12: ='3.稳定性检查表'!O11 | F12: ='4.供管自评表'!H11 | G12: =ROUND(C12-D12+E12+F12,1) | H12: =IF(G12=0,"",RANK(G12,$G$5:$G$16,0)) | I12: =IF(H12="","",IF(H12<=4,"高",IF(H12<=9,"中","低"))) | J12: ='1.赛马分原始数据'!U11 | K12: ='1.赛马分原始数据'!V11 | L12: =IF(OR(I12="",K12="数据不全"),"",I12&"-"&K12) | M12: =IF(B12="","",IF('2.SLA扣分台账'!G11="是·直接C级","C(红线)",IF(I12="高",IF(K12="下降","A(防下滑)","A"),IF(I12="中","B",IF(I12="低","C",""))))) | N12: ='1.赛马分原始数据'!W11 | O12: =IF(M12="","",IF(LEFT(M12,1)="A","优秀·资源优先倾斜",IF(LEFT(M12,1)="B","合格·维持现状",IF(LEFT(M12,1)="C","不合格·整改或清退",""))))
A13: =IF('1.赛马分原始数据'!A12="","",'1.赛马分原始数据'!A12) | B13: =IF('1.赛马分原始数据'!B12="","",'1.赛马分原始数据'!B12) | C13: ='1.赛马分原始数据'!T12 | D13: ='2.SLA扣分台账'!F12 | E13: ='3.稳定性检查表'!O12 | F13: ='4.供管自评表'!H12 | G13: =ROUND(C13-D13+E13+F13,1) | H13: =IF(G13=0,"",RANK(G13,$G$5:$G$16,0)) | I13: =IF(H13="","",IF(H13<=4,"高",IF(H13<=9,"中","低"))) | J13: ='1.赛马分原始数据'!U12 | K13: ='1.赛马分原始数据'!V12 | L13: =IF(OR(I13="",K13="数据不全"),"",I13&"-"&K13) | M13: =IF(B13="","",IF('2.SLA扣分台账'!G12="是·直接C级","C(红线)",IF(I13="高",IF(K13="下降","A(防下滑)","A"),IF(I13="中","B",IF(I13="低","C",""))))) | N13: ='1.赛马分原始数据'!W12 | O13: =IF(M13="","",IF(LEFT(M13,1)="A","优秀·资源优先倾斜",IF(LEFT(M13,1)="B","合格·维持现状",IF(LEFT(M13,1)="C","不合格·整改或清退",""))))
A14: =IF('1.赛马分原始数据'!A13="","",'1.赛马分原始数据'!A13) | B14: =IF('1.赛马分原始数据'!B13="","",'1.赛马分原始数据'!B13) | C14: ='1.赛马分原始数据'!T13 | D14: ='2.SLA扣分台账'!F13 | E14: ='3.稳定性检查表'!O13 | F14: ='4.供管自评表'!H13 | G14: =ROUND(C14-D14+E14+F14,1) | H14: =IF(G14=0,"",RANK(G14,$G$5:$G$16,0)) | I14: =IF(H14="","",IF(H14<=4,"高",IF(H14<=9,"中","低"))) | J14: ='1.赛马分原始数据'!U13 | K14: ='1.赛马分原始数据'!V13 | L14: =IF(OR(I14="",K14="数据不全"),"",I14&"-"&K14) | M14: =IF(B14="","",IF('2.SLA扣分台账'!G13="是·直接C级","C(红线)",IF(I14="高",IF(K14="下降","A(防下滑)","A"),IF(I14="中","B",IF(I14="低","C",""))))) | N14: ='1.赛马分原始数据'!W13 | O14: =IF(M14="","",IF(LEFT(M14,1)="A","优秀·资源优先倾斜",IF(LEFT(M14,1)="B","合格·维持现状",IF(LEFT(M14,1)="C","不合格·整改或清退",""))))
A15: =IF('1.赛马分原始数据'!A14="","",'1.赛马分原始数据'!A14) | B15: =IF('1.赛马分原始数据'!B14="","",'1.赛马分原始数据'!B14) | C15: ='1.赛马分原始数据'!T14 | D15: ='2.SLA扣分台账'!F14 | E15: ='3.稳定性检查表'!O14 | F15: ='4.供管自评表'!H14 | G15: =ROUND(C15-D15+E15+F15,1) | H15: =IF(G15=0,"",RANK(G15,$G$5:$G$16,0)) | I15: =IF(H15="","",IF(H15<=4,"高",IF(H15<=9,"中","低"))) | J15: ='1.赛马分原始数据'!U14 | K15: ='1.赛马分原始数据'!V14 | L15: =IF(OR(I15="",K15="数据不全"),"",I15&"-"&K15) | M15: =IF(B15="","",IF('2.SLA扣分台账'!G14="是·直接C级","C(红线)",IF(I15="高",IF(K15="下降","A(防下滑)","A"),IF(I15="中","B",IF(I15="低","C",""))))) | N15: ='1.赛马分原始数据'!W14 | O15: =IF(M15="","",IF(LEFT(M15,1)="A","优秀·资源优先倾斜",IF(LEFT(M15,1)="B","合格·维持现状",IF(LEFT(M15,1)="C","不合格·整改或清退",""))))
A16: =IF('1.赛马分原始数据'!A15="","",'1.赛马分原始数据'!A15) | B16: =IF('1.赛马分原始数据'!B15="","",'1.赛马分原始数据'!B15) | C16: ='1.赛马分原始数据'!T15 | D16: ='2.SLA扣分台账'!F15 | E16: ='3.稳定性检查表'!O15 | F16: ='4.供管自评表'!H15 | G16: =ROUND(C16-D16+E16+F16,1) | H16: =IF(G16=0,"",RANK(G16,$G$5:$G$16,0)) | I16: =IF(H16="","",IF(H16<=4,"高",IF(H16<=9,"中","低"))) | J16: ='1.赛马分原始数据'!U15 | K16: ='1.赛马分原始数据'!V15 | L16: =IF(OR(I16="",K16="数据不全"),"",I16&"-"&K16) | M16: =IF(B16="","",IF('2.SLA扣分台账'!G15="是·直接C级","C(红线)",IF(I16="高",IF(K16="下降","A(防下滑)","A"),IF(I16="中","B",IF(I16="低","C",""))))) | N16: ='1.赛马分原始数据'!W15 | O16: =IF(M16="","",IF(LEFT(M16,1)="A","优秀·资源优先倾斜",IF(LEFT(M16,1)="B","合格·维持现状",IF(LEFT(M16,1)="C","不合格·整改或清退",""))))
A19: 📊 九宫格分布统计
A20: 九宫格位置 | B20: 含义 | C20: 数量
A21: 高-上升 | B21: 战略绑定 | C21: =COUNTIF(L5:L16,"高-上升")
A22: 高-持平 | B22: 核心保持 | C22: =COUNTIF(L5:L16,"高-持平")
A23: 高-下降 | B23: 防止下滑 | C23: =COUNTIF(L5:L16,"高-下降")
A24: 中-上升 | B24: 重点培养 | C24: =COUNTIF(L5:L16,"中-上升")
A25: 中-持平 | B25: 稳定维持 | C25: =COUNTIF(L5:L16,"中-持平")
A26: 中-下降 | B26: 关注下降 | C26: =COUNTIF(L5:L16,"中-下降")
A27: 低-上升 | B27: 边缘培养 | C27: =COUNTIF(L5:L16,"低-上升")
A28: 低-持平 | B28: 观察区 | C28: =COUNTIF(L5:L16,"低-持平")
A29: 低-下降 | B29: 预警清退 | C29: =COUNTIF(L5:L16,"低-下降")

Sheet 6.三张清单
A1: 📋 三张清单（保留/培养/优化）
A3: 🟢 保留清单（A级）
A4: 供应商名称 | B4: 最终得分 | C4: 九宫格 | D4: 偏科标记 | E4: 关键优势（手填） | F4: 保留理由（手填） | G4: 资源倾斜建议（手填）
A5: 💡 建议操作：打开「5.评级结果」，按 ABC评级 列筛选，复制对应供应商到这里
A11: 🟡 培养清单（B级）
A12: 供应商名称 | B12: 最终得分 | C12: 九宫格 | D12: 偏科标记 | E12: 短板（手填） | F12: 培养方向（手填） | G12: 提升路径（手填）
A19: 🔴 优化清单（C级）
A20: 供应商名称 | B20: 最终得分 | C20: 九宫格 | D20: 偏科标记 | E20: 主要问题（手填） | F20: 整改/清退路径（手填） | G20: 时间节点（手填）

Sheet 7.集中度管控
A1: 📊 集中度管控检查
A3: 规则：A级供应商合计产能占比 ≤ 40%（PDF第十六条）
A5: 步骤1：填入A级供应商Q2月均产能
A6: 供应商名称 | B6: Q2月均产能（手填） | C6: 产能占比 | D6: 是否单家>25% | E6: 备注
C7: =IFERROR(B7/$B$12,0) | D7: =IF(C7>0.25,"⚠️ 超标","达标")
C8: =IFERROR(B8/$B$12,0) | D8: =IF(C8>0.25,"⚠️ 超标","达标")
C9: =IFERROR(B9/$B$12,0) | D9: =IF(C9>0.25,"⚠️ 超标","达标")
C10: =IFERROR(B10/$B$12,0) | D10: =IF(C10>0.25,"⚠️ 超标","达标")
A11: A级合计 | B11: =SUM(B7:B10) | C11: =SUM(C7:C10)
A12: 金条产线总产能（含所有级）
A14: 集中度检查结论
A15: A级合计产能占比 | B15: =C11
A16: 阈值 | B16: 0.4
A17: 是否达标 | B17: =IF(B15<=B16,"✅ 达标","⚠️ 超标·需调整")
A19: 若超标的应对建议：
A20: 1. 培养B级供应商分流部分产能 2. 引入新供应商稀释集中度 3. 调整资源分配降低单家依赖

Sheet 8.清退路径
A1: 🚪 清退路径判定（针对C级供应商）
A3: 按以下顺序判断每家C级供应商走哪条路径
A5: 供应商名称 | B5: 是否红线违规 | C5: 是否连续两季C | D5: 当季C且趋势下降 | E5: 首次C趋势持平/上升 | F5: 走哪条路径 | G5: 关键时间节点
F6: =IF(A6="","",IF(B6="是","路径三：红线清退·联合评估",IF(C6="是","路径一·末期：启动解约",IF(D6="是","路径二：快车道·30天交接",IF(E6="是","路径一：常规·整改30天→观察→复评","⚠️ 请核对判定条件"))))) | G6: =IF(A6="","",IF(B6="是","管理层决策后执行",IF(C6="是","启动解约",IF(D6="是","D0通知→D30交接完成",IF(E6="是","D30整改报告→D90复评","")))))
F7: =IF(A7="","",IF(B7="是","路径三：红线清退·联合评估",IF(C7="是","路径一·末期：启动解约",IF(D7="是","路径二：快车道·30天交接",IF(E7="是","路径一：常规·整改30天→观察→复评","⚠️ 请核对判定条件"))))) | G7: =IF(A7="","",IF(B7="是","管理层决策后执行",IF(C7="是","启动解约",IF(D7="是","D0通知→D30交接完成",IF(E7="是","D30整改报告→D90复评","")))))
F8: =IF(A8="","",IF(B8="是","路径三：红线清退·联合评估",IF(C8="是","路径一·末期：启动解约",IF(D8="是","路径二：快车道·30天交接",IF(E8="是","路径一：常规·整改30天→观察→复评","⚠️ 请核对判定条件"))))) | G8: =IF(A8="","",IF(B8="是","管理层决策后执行",IF(C8="是","启动解约",IF(D8="是","D0通知→D30交接完成",IF(E8="是","D30整改报告→D90复评","")))))
F9: =IF(A9="","",IF(B9="是","路径三：红线清退·联合评估",IF(C9="是","路径一·末期：启动解约",IF(D9="是","路径二：快车道·30天交接",IF(E9="是","路径一：常规·整改30天→观察→复评","⚠️ 请核对判定条件"))))) | G9: =IF(A9="","",IF(B9="是","管理层决策后执行",IF(C9="是","启动解约",IF(D9="是","D0通知→D30交接完成",IF(E9="是","D30整改报告→D90复评","")))))
F10: =IF(A10="","",IF(B10="是","路径三：红线清退·联合评估",IF(C10="是","路径一·末期：启动解约",IF(D10="是","路径二：快车道·30天交接",IF(E10="是","路径一：常规·整改30天→观察→复评","⚠️ 请核对判定条件"))))) | G10: =IF(A10="","",IF(B10="是","管理层决策后执行",IF(C10="是","启动解约",IF(D10="是","D0通知→D30交接完成",IF(E10="是","D30整改报告→D90复评","")))))
F11: =IF(A11="","",IF(B11="是","路径三：红线清退·联合评估",IF(C11="是","路径一·末期：启动解约",IF(D11="是","路径二：快车道·30天交接",IF(E11="是","路径一：常规·整改30天→观察→复评","⚠️ 请核对判定条件"))))) | G11: =IF(A11="","",IF(B11="是","管理层决策后执行",IF(C11="是","启动解约",IF(D11="是","D0通知→D30交接完成",IF(E11="是","D30整改报告→D90复评","")))))
A14: 三条路径详解
A15: 路径 | B15: 触发条件 | C15: 流程 | D15: 关键节点
A16: 路径一：常规清退 | B16: 首次C，趋势持平/上升 | C16: 整改期30天 → 观察期1季度 → 复评 → 达标升B/未达标解约
A17: 路径二：快车道清退 | B17: 当季C 且 趋势下降 | C17: 通知 → 30天内完成业务交接
A18: 路径三：红线清退 | B18: 触发红线违规 | C18: 联合评估 → 管理层决策 → 执行交接
A20: ⚠️ 清退前必检
A21: 1. 储备库中有可承接的潜在供应商
A22: 2. 替代供应商已完成入项评估
A23: 3. 产能、SLA、价格可承接原业务量
A24: 4. 交接方案已制定
A25: 5. 清退前1个月必须确定替代供应商（PDF第十三条）
