Workbook

Sheet 使用说明
B2: 金条产线供应商分级 · 上半年盘点计算模板
B5: 📍 颜色含义
B6: 🟡 黄色单元格 | C6: 需要你手动填入的数据（原始输入）
B7: 🟢 绿色单元格 | C7: 自动计算的中间结果（不要改）
B8: 🟠 橙色单元格 | C8: 最终结果（评级、清单等）
B10: 📋 操作步骤
B11: Step 1 | C11: 打开「1.赛马分原始数据」填入 12 家供应商 × 6 个月的赛马分
B12: Step 2 | C12: 打开「2.SLA扣分台账」填入 Q2 的黄牌/投诉/红线事件次数
B13: Step 3 | C13: 打开「3.稳定性检查表」对每家每月4项打 A/B/C
B14: Step 4 | C14: 打开「4.供管自评表」对每家5项打 高/中/低 + 填事实依据
B15: Step 5 | C15: 打开「5.评级结果」查看自动计算结果
B16: Step 6 | C16: 打开「6.三张清单」查看 A/B/C 级分组
B17: Step 7 | C17: 打开「7.集中度管控」检查 A 级产能占比
B18: Step 8 | C18: 打开「8.清退路径」查看 C 级供应商的处理路径
B20: ⚠️ 注意事项
B21: 1 | C21: 供应商ID/名称在 Sheet1 填一次，其他 Sheet 会自动带出（或手动复制保持一致）
B22: 2 | C22: 赛马分缺失的月份填 0，并在备注列说明
B23: 3 | C23: 红线违规=直接C级，不走分数计算
B24: 4 | C24: 12家样本下，前30%=前4名、中40%=5-9名、后30%=10-12名
B25: 5 | C25: 趋势Y轴用Q1vsQ2赛马基础分环比，阈值±10%
B26: 6 | C26: 临界点（第4/5名、第9/10名分差<2分）需人工复核

Sheet 1.赛马分原始数据
A1: 📊 赛马月度评分（100分制）- 原始数据
A3: 供应商ID | B3: 供应商名称 | C3: 1月赛马 | D3: 2月赛马 | E3: 3月赛马 | F3: 4月赛马 | G3: 5月赛马 | H3: 6月赛马 | I3: Q1赛马基础分 | J3: Q2赛马基础分 | K3: 环比% | L3: 趋势Y档 | M3: 备注
A4: S001 | B4: 供应商A-优 | C4: 90 | D4: 92 | E4: 94 | F4: 91 | G4: 93 | H4: 95 | I4: =IFERROR(AVERAGE(C4:E4),0) -> 92 | J4: =IFERROR(AVERAGE(F4:H4),0) -> 93 | K4: =IF(I4=0,"",ROUND((J4-I4)/I4*100,1)) -> 1.1 | L4: =IF(K4="","数据不全",IF(K4>10,"上升",IF(K4<-10,"下降","持平"))) -> 持平
A5: S002 | B5: 供应商B-优 | C5: 88 | D5: 86 | E5: 90 | F5: 89 | G5: 91 | H5: 93 | I5: =IFERROR(AVERAGE(C5:E5),0) -> 88 | J5: =IFERROR(AVERAGE(F5:H5),0) -> 91 | K5: =IF(I5=0,"",ROUND((J5-I5)/I5*100,1)) -> 3.4 | L5: =IF(K5="","数据不全",IF(K5>10,"上升",IF(K5<-10,"下降","持平"))) -> 持平
A6: S003 | B6: 供应商C-优 | C6: 85 | D6: 87 | E6: 83 | F6: 88 | G6: 90 | H6: 92 | I6: =IFERROR(AVERAGE(C6:E6),0) -> 85 | J6: =IFERROR(AVERAGE(F6:H6),0) -> 90 | K6: =IF(I6=0,"",ROUND((J6-I6)/I6*100,1)) -> 5.9 | L6: =IF(K6="","数据不全",IF(K6>10,"上升",IF(K6<-10,"下降","持平"))) -> 持平
A7: S004 | B7: 供应商D-优边 | C7: 82 | D7: 84 | E7: 86 | F7: 85 | G7: 87 | H7: 89 | I7: =IFERROR(AVERAGE(C7:E7),0) -> 84 | J7: =IFERROR(AVERAGE(F7:H7),0) -> 87 | K7: =IF(I7=0,"",ROUND((J7-I7)/I7*100,1)) -> 3.6 | L7: =IF(K7="","数据不全",IF(K7>10,"上升",IF(K7<-10,"下降","持平"))) -> 持平
A8: S005 | B8: 供应商E-中上 | C8: 78 | D8: 80 | E8: 76 | F8: 82 | G8: 84 | H8: 86 | I8: =IFERROR(AVERAGE(C8:E8),0) -> 78 | J8: =IFERROR(AVERAGE(F8:H8),0) -> 84 | K8: =IF(I8=0,"",ROUND((J8-I8)/I8*100,1)) -> 7.7 | L8: =IF(K8="","数据不全",IF(K8>10,"上升",IF(K8<-10,"下降","持平"))) -> 持平
A9: S006 | B9: 供应商F-中 | C9: 75 | D9: 77 | E9: 73 | F9: 78 | G9: 80 | H9: 82 | I9: =IFERROR(AVERAGE(C9:E9),0) -> 75 | J9: =IFERROR(AVERAGE(F9:H9),0) -> 80 | K9: =IF(I9=0,"",ROUND((J9-I9)/I9*100,1)) -> 6.7 | L9: =IF(K9="","数据不全",IF(K9>10,"上升",IF(K9<-10,"下降","持平"))) -> 持平
A10: S007 | B10: 供应商G-中 | C10: 72 | D10: 74 | E10: 70 | F10: 76 | G10: 78 | H10: 80 | I10: =IFERROR(AVERAGE(C10:E10),0) -> 72 | J10: =IFERROR(AVERAGE(F10:H10),0) -> 78 | K10: =IF(I10=0,"",ROUND((J10-I10)/I10*100,1)) -> 8.3 | L10: =IF(K10="","数据不全",IF(K10>10,"上升",IF(K10<-10,"下降","持平"))) -> 持平
A11: S008 | B11: 供应商H-中下 | C11: 68 | D11: 70 | E11: 66 | F11: 72 | G11: 74 | H11: 76 | I11: =IFERROR(AVERAGE(C11:E11),0) -> 68 | J11: =IFERROR(AVERAGE(F11:H11),0) -> 74 | K11: =IF(I11=0,"",ROUND((J11-I11)/I11*100,1)) -> 8.8 | L11: =IF(K11="","数据不全",IF(K11>10,"上升",IF(K11<-10,"下降","持平"))) -> 持平
A12: S009 | B12: 供应商I-中边 | C12: 65 | D12: 67 | E12: 63 | F12: 69 | G12: 71 | H12: 73 | I12: =IFERROR(AVERAGE(C12:E12),0) -> 65 | J12: =IFERROR(AVERAGE(F12:H12),0) -> 71 | K12: =IF(I12=0,"",ROUND((J12-I12)/I12*100,1)) -> 9.2 | L12: =IF(K12="","数据不全",IF(K12>10,"上升",IF(K12<-10,"下降","持平"))) -> 持平
A13: S010 | B13: 供应商J-差边 | C13: 60 | D13: 62 | E13: 58 | F13: 64 | G13: 66 | H13: 68 | I13: =IFERROR(AVERAGE(C13:E13),0) -> 60 | J13: =IFERROR(AVERAGE(F13:H13),0) -> 66 | K13: =IF(I13=0,"",ROUND((J13-I13)/I13*100,1)) -> 10 | L13: =IF(K13="","数据不全",IF(K13>10,"上升",IF(K13<-10,"下降","持平"))) -> 持平
A14: S011 | B14: 供应商K-差 | C14: 55 | D14: 57 | E14: 53 | F14: 58 | G14: 60 | H14: 62 | I14: =IFERROR(AVERAGE(C14:E14),0) -> 55 | J14: =IFERROR(AVERAGE(F14:H14),0) -> 60 | K14: =IF(I14=0,"",ROUND((J14-I14)/I14*100,1)) -> 9.1 | L14: =IF(K14="","数据不全",IF(K14>10,"上升",IF(K14<-10,"下降","持平"))) -> 持平
A15: S012 | B15: 供应商L-差红 | C15: 50 | D15: 52 | E15: 48 | F15: 54 | G15: 56 | H15: 58 | I15: =IFERROR(AVERAGE(C15:E15),0) -> 50 | J15: =IFERROR(AVERAGE(F15:H15),0) -> 56 | K15: =IF(I15=0,"",ROUND((J15-I15)/I15*100,1)) -> 12 | L15: =IF(K15="","数据不全",IF(K15>10,"上升",IF(K15<-10,"下降","持平"))) -> 上升

Sheet 2.SLA扣分台账
A1: ⚠️ SLA/合规扣分台账（Q2）
A2: 规则：黄牌整改-5分/次 | 有责投诉-5分/次 | 红线违规=直接C级
A4: 供应商ID | B4: 供应商名称 | C4: 黄牌次数 | D4: 有责投诉次数 | E4: 红线违规 | F4: Q2合规扣分 | G4: 触发直接C级
A5: S001 | B5: 供应商A-优 | C5: 0 | D5: 0 | E5: 0 | F5: =C5*5+D5*5 -> 0 | G5: =IF(E5>0,"是·直接C级","否") -> 否
A6: S002 | B6: 供应商B-优 | C6: 1 | D6: 0 | E6: 0 | F6: =C6*5+D6*5 -> 5 | G6: =IF(E6>0,"是·直接C级","否") -> 否
A7: S003 | B7: 供应商C-优 | C7: 0 | D7: 0 | E7: 0 | F7: =C7*5+D7*5 -> 0 | G7: =IF(E7>0,"是·直接C级","否") -> 否
A8: S004 | B8: 供应商D-优边 | C8: 0 | D8: 1 | E8: 0 | F8: =C8*5+D8*5 -> 5 | G8: =IF(E8>0,"是·直接C级","否") -> 否
A9: S005 | B9: 供应商E-中上 | C9: 0 | D9: 0 | E9: 0 | F9: =C9*5+D9*5 -> 0 | G9: =IF(E9>0,"是·直接C级","否") -> 否
A10: S006 | B10: 供应商F-中 | C10: 2 | D10: 0 | E10: 0 | F10: =C10*5+D10*5 -> 10 | G10: =IF(E10>0,"是·直接C级","否") -> 否
A11: S007 | B11: 供应商G-中 | C11: 0 | D11: 0 | E11: 0 | F11: =C11*5+D11*5 -> 0 | G11: =IF(E11>0,"是·直接C级","否") -> 否
A12: S008 | B12: 供应商H-中下 | C12: 1 | D12: 1 | E12: 0 | F12: =C12*5+D12*5 -> 10 | G12: =IF(E12>0,"是·直接C级","否") -> 否
A13: S009 | B13: 供应商I-中边 | C13: 0 | D13: 0 | E13: 0 | F13: =C13*5+D13*5 -> 0 | G13: =IF(E13>0,"是·直接C级","否") -> 否
A14: S010 | B14: 供应商J-差边 | C14: 0 | D14: 0 | E14: 0 | F14: =C14*5+D14*5 -> 0 | G14: =IF(E14>0,"是·直接C级","否") -> 否
A15: S011 | B15: 供应商K-差 | C15: 3 | D15: 0 | E15: 0 | F15: =C15*5+D15*5 -> 15 | G15: =IF(E15>0,"是·直接C级","否") -> 否
A16: S012 | B16: 供应商L-差红 | C16: 0 | D16: 0 | E16: 1 | F16: =C16*5+D16*5 -> 0 | G16: =IF(E16>0,"是·直接C级","否") -> 是·直接C级

Sheet 3.稳定性检查表
A1: 🔧 月度稳定性检查表（Q2三个月）
A2: 档位映射：A=+1分 | B=0分 | C=-1分 | 月度稳定性=4项加总（范围-4~+4）
A4: 供应商ID | B4: 供应商名称 | C4: 4月 | G4: 5月 | K4: 6月 | O4: Q2稳定性得分 | P4: 备注
C5: 人员变动 | D5: 产能波动 | E5: SLA达成 | F5: 突发情况 | G5: 人员变动 | H5: 产能波动 | I5: SLA达成 | J5: 突发情况 | K5: 人员变动 | L5: 产能波动 | M5: SLA达成 | N5: 突发情况
A6: S001 | B6: 供应商A-优 | C6: A | D6: A | E6: A | F6: A | G6: A | H6: A | I6: A | J6: A | K6: A | L6: A | M6: A | N6: A | O6: =ROUND(((IF(C6="A",1,IF(C6="C",-1,0))+IF(D6="A",1,IF(D6="C",-1,0))+IF(E6="A",1,IF(E6="C",-1,0))+IF(F6="A",1,IF(F6="C",-1,0)))+(IF(G6="A",1,IF(G6="C",-1,0))+IF(H6="A",1,IF(H6="C",-1,0))+IF(I6="A",1,IF(I6="C",-1,0))+IF(J6="A",1,IF(J6="C",-1,0)))+(IF(K6="A",1,IF(K6="C",-1,0))+IF(L6="A",1,IF(L6="C",-1,0))+IF(M6="A",1,IF(M6="C",-1,0))+IF(N6="A",1,IF(N6="C",-1,0))))/3,0) -> 4
A7: S002 | B7: 供应商B-优 | C7: A | D7: B | E7: A | F7: B | G7: A | H7: A | I7: B | J7: A | K7: B | L7: A | M7: A | N7: B | O7: =ROUND(((IF(C7="A",1,IF(C7="C",-1,0))+IF(D7="A",1,IF(D7="C",-1,0))+IF(E7="A",1,IF(E7="C",-1,0))+IF(F7="A",1,IF(F7="C",-1,0)))+(IF(G7="A",1,IF(G7="C",-1,0))+IF(H7="A",1,IF(H7="C",-1,0))+IF(I7="A",1,IF(I7="C",-1,0))+IF(J7="A",1,IF(J7="C",-1,0)))+(IF(K7="A",1,IF(K7="C",-1,0))+IF(L7="A",1,IF(L7="C",-1,0))+IF(M7="A",1,IF(M7="C",-1,0))+IF(N7="A",1,IF(N7="C",-1,0))))/3,0) -> 2
A8: S003 | B8: 供应商C-优 | C8: B | D8: A | E8: B | F8: A | G8: A | H8: B | I8: A | J8: B | K8: B | L8: A | M8: B | N8: A | O8: =ROUND(((IF(C8="A",1,IF(C8="C",-1,0))+IF(D8="A",1,IF(D8="C",-1,0))+IF(E8="A",1,IF(E8="C",-1,0))+IF(F8="A",1,IF(F8="C",-1,0)))+(IF(G8="A",1,IF(G8="C",-1,0))+IF(H8="A",1,IF(H8="C",-1,0))+IF(I8="A",1,IF(I8="C",-1,0))+IF(J8="A",1,IF(J8="C",-1,0)))+(IF(K8="A",1,IF(K8="C",-1,0))+IF(L8="A",1,IF(L8="C",-1,0))+IF(M8="A",1,IF(M8="C",-1,0))+IF(N8="A",1,IF(N8="C",-1,0))))/3,0) -> 2
A9: S004 | B9: 供应商D-优边 | C9: B | D9: B | E9: A | F9: B | G9: B | H9: A | I9: B | J9: B | K9: A | L9: B | M9: B | N9: A | O9: =ROUND(((IF(C9="A",1,IF(C9="C",-1,0))+IF(D9="A",1,IF(D9="C",-1,0))+IF(E9="A",1,IF(E9="C",-1,0))+IF(F9="A",1,IF(F9="C",-1,0)))+(IF(G9="A",1,IF(G9="C",-1,0))+IF(H9="A",1,IF(H9="C",-1,0))+IF(I9="A",1,IF(I9="C",-1,0))+IF(J9="A",1,IF(J9="C",-1,0)))+(IF(K9="A",1,IF(K9="C",-1,0))+IF(L9="A",1,IF(L9="C",-1,0))+IF(M9="A",1,IF(M9="C",-1,0))+IF(N9="A",1,IF(N9="C",-1,0))))/3,0) -> 1
A10: S005 | B10: 供应商E-中上 | C10: B | D10: B | E10: B | F10: A | G10: B | H10: B | I10: A | J10: B | K10: A | L10: B | M10: B | N10: B | O10: =ROUND(((IF(C10="A",1,IF(C10="C",-1,0))+IF(D10="A",1,IF(D10="C",-1,0))+IF(E10="A",1,IF(E10="C",-1,0))+IF(F10="A",1,IF(F10="C",-1,0)))+(IF(G10="A",1,IF(G10="C",-1,0))+IF(H10="A",1,IF(H10="C",-1,0))+IF(I10="A",1,IF(I10="C",-1,0))+IF(J10="A",1,IF(J10="C",-1,0)))+(IF(K10="A",1,IF(K10="C",-1,0))+IF(L10="A",1,IF(L10="C",-1,0))+IF(M10="A",1,IF(M10="C",-1,0))+IF(N10="A",1,IF(N10="C",-1,0))))/3,0) -> 1
A11: S006 | B11: 供应商F-中 | C11: B | D11: C | E11: B | F11: B | G11: C | H11: B | I11: B | J11: B | K11: B | L11: B | M11: C | N11: B | O11: =ROUND(((IF(C11="A",1,IF(C11="C",-1,0))+IF(D11="A",1,IF(D11="C",-1,0))+IF(E11="A",1,IF(E11="C",-1,0))+IF(F11="A",1,IF(F11="C",-1,0)))+(IF(G11="A",1,IF(G11="C",-1,0))+IF(H11="A",1,IF(H11="C",-1,0))+IF(I11="A",1,IF(I11="C",-1,0))+IF(J11="A",1,IF(J11="C",-1,0)))+(IF(K11="A",1,IF(K11="C",-1,0))+IF(L11="A",1,IF(L11="C",-1,0))+IF(M11="A",1,IF(M11="C",-1,0))+IF(N11="A",1,IF(N11="C",-1,0))))/3,0) -> -1
A12: S007 | B12: 供应商G-中 | C12: B | D12: B | E12: C | F12: B | G12: B | H12: B | I12: B | J12: C | K12: C | L12: B | M12: B | N12: B | O12: =ROUND(((IF(C12="A",1,IF(C12="C",-1,0))+IF(D12="A",1,IF(D12="C",-1,0))+IF(E12="A",1,IF(E12="C",-1,0))+IF(F12="A",1,IF(F12="C",-1,0)))+(IF(G12="A",1,IF(G12="C",-1,0))+IF(H12="A",1,IF(H12="C",-1,0))+IF(I12="A",1,IF(I12="C",-1,0))+IF(J12="A",1,IF(J12="C",-1,0)))+(IF(K12="A",1,IF(K12="C",-1,0))+IF(L12="A",1,IF(L12="C",-1,0))+IF(M12="A",1,IF(M12="C",-1,0))+IF(N12="A",1,IF(N12="C",-1,0))))/3,0) -> -1
A13: S008 | B13: 供应商H-中下 | C13: C | D13: B | E13: C | F13: B | G13: B | H13: C | I13: B | J13: C | K13: C | L13: B | M13: C | N13: B | O13: =ROUND(((IF(C13="A",1,IF(C13="C",-1,0))+IF(D13="A",1,IF(D13="C",-1,0))+IF(E13="A",1,IF(E13="C",-1,0))+IF(F13="A",1,IF(F13="C",-1,0)))+(IF(G13="A",1,IF(G13="C",-1,0))+IF(H13="A",1,IF(H13="C",-1,0))+IF(I13="A",1,IF(I13="C",-1,0))+IF(J13="A",1,IF(J13="C",-1,0)))+(IF(K13="A",1,IF(K13="C",-1,0))+IF(L13="A",1,IF(L13="C",-1,0))+IF(M13="A",1,IF(M13="C",-1,0))+IF(N13="A",1,IF(N13="C",-1,0))))/3,0) -> -2
A14: S009 | B14: 供应商I-中边 | C14: C | D14: C | E14: B | F14: C | G14: B | H14: C | I14: C | J14: B | K14: C | L14: B | M14: C | N14: C | O14: =ROUND(((IF(C14="A",1,IF(C14="C",-1,0))+IF(D14="A",1,IF(D14="C",-1,0))+IF(E14="A",1,IF(E14="C",-1,0))+IF(F14="A",1,IF(F14="C",-1,0)))+(IF(G14="A",1,IF(G14="C",-1,0))+IF(H14="A",1,IF(H14="C",-1,0))+IF(I14="A",1,IF(I14="C",-1,0))+IF(J14="A",1,IF(J14="C",-1,0)))+(IF(K14="A",1,IF(K14="C",-1,0))+IF(L14="A",1,IF(L14="C",-1,0))+IF(M14="A",1,IF(M14="C",-1,0))+IF(N14="A",1,IF(N14="C",-1,0))))/3,0) -> -3
A15: S010 | B15: 供应商J-差边 | C15: C | D15: C | E15: C | F15: B | G15: C | H15: B | I15: C | J15: C | K15: C | L15: C | M15: B | N15: C | O15: =ROUND(((IF(C15="A",1,IF(C15="C",-1,0))+IF(D15="A",1,IF(D15="C",-1,0))+IF(E15="A",1,IF(E15="C",-1,0))+IF(F15="A",1,IF(F15="C",-1,0)))+(IF(G15="A",1,IF(G15="C",-1,0))+IF(H15="A",1,IF(H15="C",-1,0))+IF(I15="A",1,IF(I15="C",-1,0))+IF(J15="A",1,IF(J15="C",-1,0)))+(IF(K15="A",1,IF(K15="C",-1,0))+IF(L15="A",1,IF(L15="C",-1,0))+IF(M15="A",1,IF(M15="C",-1,0))+IF(N15="A",1,IF(N15="C",-1,0))))/3,0) -> -3
A16: S011 | B16: 供应商K-差 | C16: C | D16: C | E16: C | F16: C | G16: C | H16: C | I16: C | J16: B | K16: C | L16: C | M16: C | N16: C | O16: =ROUND(((IF(C16="A",1,IF(C16="C",-1,0))+IF(D16="A",1,IF(D16="C",-1,0))+IF(E16="A",1,IF(E16="C",-1,0))+IF(F16="A",1,IF(F16="C",-1,0)))+(IF(G16="A",1,IF(G16="C",-1,0))+IF(H16="A",1,IF(H16="C",-1,0))+IF(I16="A",1,IF(I16="C",-1,0))+IF(J16="A",1,IF(J16="C",-1,0)))+(IF(K16="A",1,IF(K16="C",-1,0))+IF(L16="A",1,IF(L16="C",-1,0))+IF(M16="A",1,IF(M16="C",-1,0))+IF(N16="A",1,IF(N16="C",-1,0))))/3,0) -> -4
A17: S012 | B17: 供应商L-差红 | C17: C | D17: C | E17: C | F17: C | G17: C | H17: C | I17: C | J17: C | K17: C | L17: C | M17: C | N17: C | O17: =ROUND(((IF(C17="A",1,IF(C17="C",-1,0))+IF(D17="A",1,IF(D17="C",-1,0))+IF(E17="A",1,IF(E17="C",-1,0))+IF(F17="A",1,IF(F17="C",-1,0)))+(IF(G17="A",1,IF(G17="C",-1,0))+IF(H17="A",1,IF(H17="C",-1,0))+IF(I17="A",1,IF(I17="C",-1,0))+IF(J17="A",1,IF(J17="C",-1,0)))+(IF(K17="A",1,IF(K17="C",-1,0))+IF(L17="A",1,IF(L17="C",-1,0))+IF(M17="A",1,IF(M17="C",-1,0))+IF(N17="A",1,IF(N17="C",-1,0))))/3,0) -> -4

Sheet 4.供管自评表
A1: 📝 供管自评5项（Q2）
A2: 规则：高=1分 | 中=0分 | 低=0分 | 加分=5项中评高的项数（封顶5）
A4: 供应商ID | B4: 供应商名称 | C4: 战略协作 | D4: 响应质量 | E4: 高效执行 | F4: 共同成长 | G4: 坦诚透明 | H4: 自评加分
A5: S001 | B5: 供应商A-优 | C5: 高 | D5: 高 | E5: 高 | F5: 高 | G5: 高 | H5: =COUNTIF(C5:G5,"高") -> 5
A6: S002 | B6: 供应商B-优 | C6: 高 | D6: 高 | E6: 高 | F6: 中 | G6: 高 | H6: =COUNTIF(C6:G6,"高") -> 4
A7: S003 | B7: 供应商C-优 | C7: 高 | D7: 高 | E7: 中 | F7: 高 | G7: 高 | H7: =COUNTIF(C7:G7,"高") -> 4
A8: S004 | B8: 供应商D-优边 | C8: 高 | D8: 中 | E8: 高 | F8: 中 | G8: 高 | H8: =COUNTIF(C8:G8,"高") -> 3
A9: S005 | B9: 供应商E-中上 | C9: 中 | D9: 高 | E9: 中 | F9: 高 | G9: 中 | H9: =COUNTIF(C9:G9,"高") -> 2
A10: S006 | B10: 供应商F-中 | C10: 中 | D10: 中 | E10: 高 | F10: 中 | G10: 中 | H10: =COUNTIF(C10:G10,"高") -> 1
A11: S007 | B11: 供应商G-中 | C11: 中 | D11: 中 | E11: 中 | F11: 高 | G11: 中 | H11: =COUNTIF(C11:G11,"高") -> 1
A12: S008 | B12: 供应商H-中下 | C12: 中 | D12: 低 | E12: 中 | F12: 中 | G12: 中 | H12: =COUNTIF(C12:G12,"高") -> 0
A13: S009 | B13: 供应商I-中边 | C13: 低 | D13: 中 | E13: 中 | F13: 中 | G13: 低 | H13: =COUNTIF(C13:G13,"高") -> 0
A14: S010 | B14: 供应商J-差边 | C14: 低 | D14: 低 | E14: 中 | F14: 低 | G14: 中 | H14: =COUNTIF(C14:G14,"高") -> 0
A15: S011 | B15: 供应商K-差 | C15: 低 | D15: 低 | E15: 低 | F15: 中 | G15: 低 | H15: =COUNTIF(C15:G15,"高") -> 0
A16: S012 | B16: 供应商L-差红 | C16: 低 | D16: 低 | E16: 低 | F16: 低 | G16: 低 | H16: =COUNTIF(C16:G16,"高") -> 0

Sheet 5.评级结果
A1: 🏆 供应商分级评级结果（自动计算）
A2: ⚠️ 本表全部自动计算，无需手动修改。数据源：Sheet 1-4
A4: 供应商ID | B4: 供应商名称 | C4: Q2赛马基础分 | D4: Q2合规扣分 | E4: Q2稳定性得分 | F4: Q2供管自评加分 | G4: 最终得分 | H4: 排名 | I4: X档(贡献) | J4: 环比% | K4: Y档(趋势) | L4: 九宫格位置 | M4: ABC评级 | N4: 评级说明
A5: =IF('1.赛马分原始数据'!A4="","",'1.赛马分原始数据'!A4) -> S001 | B5: =IF('1.赛马分原始数据'!B4="","",'1.赛马分原始数据'!B4) -> 供应商A-优 | C5: ='1.赛马分原始数据'!J4 -> 93 | D5: ='2.SLA扣分台账'!F4 -> Q2合规扣分 | E5: ='3.稳定性检查表'!O4 -> Q2稳定性得分 | F5: ='4.供管自评表'!H4 -> 自评加分 | G5: =ROUND(C5-D5+E5+F5,1) -> #VALUE! | H5: =IF(G5=0,"",RANK(G5,$G$5:$G$16,0)) -> #VALUE! | I5: =IF(H5="","",IF(H5<=4,"高",IF(H5<=9,"中","低"))) -> #VALUE! | J5: ='1.赛马分原始数据'!K4 -> 1.1 | K5: ='1.赛马分原始数据'!L4 -> 持平 | L5: =IF(OR(I5="",K5="数据不全"),"",I5&"-"&K5) -> #VALUE! | M5: =IF(B5="","",IF('2.SLA扣分台账'!G4="是·直接C级","C(红线)",IF(I5="高",IF(K5="下降","A(防下滑)","A"),IF(I5="中","B",IF(I5="低","C",""))))) -> #VALUE! | N5: =IF(M5="","",IF(LEFT(M5,1)="A","优秀·资源优先倾斜",IF(LEFT(M5,1)="B","合格·维持现状",IF(LEFT(M5,1)="C","不合格·整改或清退","")))) -> #VALUE!
A6: =IF('1.赛马分原始数据'!A5="","",'1.赛马分原始数据'!A5) -> S002 | B6: =IF('1.赛马分原始数据'!B5="","",'1.赛马分原始数据'!B5) -> 供应商B-优 | C6: ='1.赛马分原始数据'!J5 -> 91 | D6: ='2.SLA扣分台账'!F5 -> 0 | E6: ='3.稳定性检查表'!O5 -> 0 | F6: ='4.供管自评表'!H5 -> 5 | G6: =ROUND(C6-D6+E6+F6,1) -> 96 | H6: =IF(G6=0,"",RANK(G6,$G$5:$G$16,0)) -> #VALUE! | I6: =IF(H6="","",IF(H6<=4,"高",IF(H6<=9,"中","低"))) -> #VALUE! | J6: ='1.赛马分原始数据'!K5 -> 3.4 | K6: ='1.赛马分原始数据'!L5 -> 持平 | L6: =IF(OR(I6="",K6="数据不全"),"",I6&"-"&K6) -> #VALUE! | M6: =IF(B6="","",IF('2.SLA扣分台账'!G5="是·直接C级","C(红线)",IF(I6="高",IF(K6="下降","A(防下滑)","A"),IF(I6="中","B",IF(I6="低","C",""))))) -> #VALUE! | N6: =IF(M6="","",IF(LEFT(M6,1)="A","优秀·资源优先倾斜",IF(LEFT(M6,1)="B","合格·维持现状",IF(LEFT(M6,1)="C","不合格·整改或清退","")))) -> #VALUE!
A7: =IF('1.赛马分原始数据'!A6="","",'1.赛马分原始数据'!A6) -> S003 | B7: =IF('1.赛马分原始数据'!B6="","",'1.赛马分原始数据'!B6) -> 供应商C-优 | C7: ='1.赛马分原始数据'!J6 -> 90 | D7: ='2.SLA扣分台账'!F6 -> 5 | E7: ='3.稳定性检查表'!O6 -> 4 | F7: ='4.供管自评表'!H6 -> 4 | G7: =ROUND(C7-D7+E7+F7,1) -> 93 | H7: =IF(G7=0,"",RANK(G7,$G$5:$G$16,0)) -> #VALUE! | I7: =IF(H7="","",IF(H7<=4,"高",IF(H7<=9,"中","低"))) -> #VALUE! | J7: ='1.赛马分原始数据'!K6 -> 5.9 | K7: ='1.赛马分原始数据'!L6 -> 持平 | L7: =IF(OR(I7="",K7="数据不全"),"",I7&"-"&K7) -> #VALUE! | M7: =IF(B7="","",IF('2.SLA扣分台账'!G6="是·直接C级","C(红线)",IF(I7="高",IF(K7="下降","A(防下滑)","A"),IF(I7="中","B",IF(I7="低","C",""))))) -> #VALUE! | N7: =IF(M7="","",IF(LEFT(M7,1)="A","优秀·资源优先倾斜",IF(LEFT(M7,1)="B","合格·维持现状",IF(LEFT(M7,1)="C","不合格·整改或清退","")))) -> #VALUE!
A8: =IF('1.赛马分原始数据'!A7="","",'1.赛马分原始数据'!A7) -> S004 | B8: =IF('1.赛马分原始数据'!B7="","",'1.赛马分原始数据'!B7) -> 供应商D-优边 | C8: ='1.赛马分原始数据'!J7 -> 87 | D8: ='2.SLA扣分台账'!F7 -> 0 | E8: ='3.稳定性检查表'!O7 -> 2 | F8: ='4.供管自评表'!H7 -> 4 | G8: =ROUND(C8-D8+E8+F8,1) -> 93 | H8: =IF(G8=0,"",RANK(G8,$G$5:$G$16,0)) -> #VALUE! | I8: =IF(H8="","",IF(H8<=4,"高",IF(H8<=9,"中","低"))) -> #VALUE! | J8: ='1.赛马分原始数据'!K7 -> 3.6 | K8: ='1.赛马分原始数据'!L7 -> 持平 | L8: =IF(OR(I8="",K8="数据不全"),"",I8&"-"&K8) -> #VALUE! | M8: =IF(B8="","",IF('2.SLA扣分台账'!G7="是·直接C级","C(红线)",IF(I8="高",IF(K8="下降","A(防下滑)","A"),IF(I8="中","B",IF(I8="低","C",""))))) -> #VALUE! | N8: =IF(M8="","",IF(LEFT(M8,1)="A","优秀·资源优先倾斜",IF(LEFT(M8,1)="B","合格·维持现状",IF(LEFT(M8,1)="C","不合格·整改或清退","")))) -> #VALUE!
A9: =IF('1.赛马分原始数据'!A8="","",'1.赛马分原始数据'!A8) -> S005 | B9: =IF('1.赛马分原始数据'!B8="","",'1.赛马分原始数据'!B8) -> 供应商E-中上 | C9: ='1.赛马分原始数据'!J8 -> 84 | D9: ='2.SLA扣分台账'!F8 -> 5 | E9: ='3.稳定性检查表'!O8 -> 2 | F9: ='4.供管自评表'!H8 -> 3 | G9: =ROUND(C9-D9+E9+F9,1) -> 84 | H9: =IF(G9=0,"",RANK(G9,$G$5:$G$16,0)) -> #VALUE! | I9: =IF(H9="","",IF(H9<=4,"高",IF(H9<=9,"中","低"))) -> #VALUE! | J9: ='1.赛马分原始数据'!K8 -> 7.7 | K9: ='1.赛马分原始数据'!L8 -> 持平 | L9: =IF(OR(I9="",K9="数据不全"),"",I9&"-"&K9) -> #VALUE! | M9: =IF(B9="","",IF('2.SLA扣分台账'!G8="是·直接C级","C(红线)",IF(I9="高",IF(K9="下降","A(防下滑)","A"),IF(I9="中","B",IF(I9="低","C",""))))) -> #VALUE! | N9: =IF(M9="","",IF(LEFT(M9,1)="A","优秀·资源优先倾斜",IF(LEFT(M9,1)="B","合格·维持现状",IF(LEFT(M9,1)="C","不合格·整改或清退","")))) -> #VALUE!
A10: =IF('1.赛马分原始数据'!A9="","",'1.赛马分原始数据'!A9) -> S006 | B10: =IF('1.赛马分原始数据'!B9="","",'1.赛马分原始数据'!B9) -> 供应商F-中 | C10: ='1.赛马分原始数据'!J9 -> 80 | D10: ='2.SLA扣分台账'!F9 -> 0 | E10: ='3.稳定性检查表'!O9 -> 1 | F10: ='4.供管自评表'!H9 -> 2 | G10: =ROUND(C10-D10+E10+F10,1) -> 83 | H10: =IF(G10=0,"",RANK(G10,$G$5:$G$16,0)) -> #VALUE! | I10: =IF(H10="","",IF(H10<=4,"高",IF(H10<=9,"中","低"))) -> #VALUE! | J10: ='1.赛马分原始数据'!K9 -> 6.7 | K10: ='1.赛马分原始数据'!L9 -> 持平 | L10: =IF(OR(I10="",K10="数据不全"),"",I10&"-"&K10) -> #VALUE! | M10: =IF(B10="","",IF('2.SLA扣分台账'!G9="是·直接C级","C(红线)",IF(I10="高",IF(K10="下降","A(防下滑)","A"),IF(I10="中","B",IF(I10="低","C",""))))) -> #VALUE! | N10: =IF(M10="","",IF(LEFT(M10,1)="A","优秀·资源优先倾斜",IF(LEFT(M10,1)="B","合格·维持现状",IF(LEFT(M10,1)="C","不合格·整改或清退","")))) -> #VALUE!
A11: =IF('1.赛马分原始数据'!A10="","",'1.赛马分原始数据'!A10) -> S007 | B11: =IF('1.赛马分原始数据'!B10="","",'1.赛马分原始数据'!B10) -> 供应商G-中 | C11: ='1.赛马分原始数据'!J10 -> 78 | D11: ='2.SLA扣分台账'!F10 -> 10 | E11: ='3.稳定性检查表'!O10 -> 1 | F11: ='4.供管自评表'!H10 -> 1 | G11: =ROUND(C11-D11+E11+F11,1) -> 70 | H11: =IF(G11=0,"",RANK(G11,$G$5:$G$16,0)) -> #VALUE! | I11: =IF(H11="","",IF(H11<=4,"高",IF(H11<=9,"中","低"))) -> #VALUE! | J11: ='1.赛马分原始数据'!K10 -> 8.3 | K11: ='1.赛马分原始数据'!L10 -> 持平 | L11: =IF(OR(I11="",K11="数据不全"),"",I11&"-"&K11) -> #VALUE! | M11: =IF(B11="","",IF('2.SLA扣分台账'!G10="是·直接C级","C(红线)",IF(I11="高",IF(K11="下降","A(防下滑)","A"),IF(I11="中","B",IF(I11="低","C",""))))) -> #VALUE! | N11: =IF(M11="","",IF(LEFT(M11,1)="A","优秀·资源优先倾斜",IF(LEFT(M11,1)="B","合格·维持现状",IF(LEFT(M11,1)="C","不合格·整改或清退","")))) -> #VALUE!
A12: =IF('1.赛马分原始数据'!A11="","",'1.赛马分原始数据'!A11) -> S008 | B12: =IF('1.赛马分原始数据'!B11="","",'1.赛马分原始数据'!B11) -> 供应商H-中下 | C12: ='1.赛马分原始数据'!J11 -> 74 | D12: ='2.SLA扣分台账'!F11 -> 0 | E12: ='3.稳定性检查表'!O11 -> -1 | F12: ='4.供管自评表'!H11 -> 1 | G12: =ROUND(C12-D12+E12+F12,1) -> 74 | H12: =IF(G12=0,"",RANK(G12,$G$5:$G$16,0)) -> #VALUE! | I12: =IF(H12="","",IF(H12<=4,"高",IF(H12<=9,"中","低"))) -> #VALUE! | J12: ='1.赛马分原始数据'!K11 -> 8.8 | K12: ='1.赛马分原始数据'!L11 -> 持平 | L12: =IF(OR(I12="",K12="数据不全"),"",I12&"-"&K12) -> #VALUE! | M12: =IF(B12="","",IF('2.SLA扣分台账'!G11="是·直接C级","C(红线)",IF(I12="高",IF(K12="下降","A(防下滑)","A"),IF(I12="中","B",IF(I12="低","C",""))))) -> #VALUE! | N12: =IF(M12="","",IF(LEFT(M12,1)="A","优秀·资源优先倾斜",IF(LEFT(M12,1)="B","合格·维持现状",IF(LEFT(M12,1)="C","不合格·整改或清退","")))) -> #VALUE!
A13: =IF('1.赛马分原始数据'!A12="","",'1.赛马分原始数据'!A12) -> S009 | B13: =IF('1.赛马分原始数据'!B12="","",'1.赛马分原始数据'!B12) -> 供应商I-中边 | C13: ='1.赛马分原始数据'!J12 -> 71 | D13: ='2.SLA扣分台账'!F12 -> 10 | E13: ='3.稳定性检查表'!O12 -> -1 | F13: ='4.供管自评表'!H12 -> 0 | G13: =ROUND(C13-D13+E13+F13,1) -> 60 | H13: =IF(G13=0,"",RANK(G13,$G$5:$G$16,0)) -> #VALUE! | I13: =IF(H13="","",IF(H13<=4,"高",IF(H13<=9,"中","低"))) -> #VALUE! | J13: ='1.赛马分原始数据'!K12 -> 9.2 | K13: ='1.赛马分原始数据'!L12 -> 持平 | L13: =IF(OR(I13="",K13="数据不全"),"",I13&"-"&K13) -> #VALUE! | M13: =IF(B13="","",IF('2.SLA扣分台账'!G12="是·直接C级","C(红线)",IF(I13="高",IF(K13="下降","A(防下滑)","A"),IF(I13="中","B",IF(I13="低","C",""))))) -> #VALUE! | N13: =IF(M13="","",IF(LEFT(M13,1)="A","优秀·资源优先倾斜",IF(LEFT(M13,1)="B","合格·维持现状",IF(LEFT(M13,1)="C","不合格·整改或清退","")))) -> #VALUE!
A14: =IF('1.赛马分原始数据'!A13="","",'1.赛马分原始数据'!A13) -> S010 | B14: =IF('1.赛马分原始数据'!B13="","",'1.赛马分原始数据'!B13) -> 供应商J-差边 | C14: ='1.赛马分原始数据'!J13 -> 66 | D14: ='2.SLA扣分台账'!F13 -> 0 | E14: ='3.稳定性检查表'!O13 -> -2 | F14: ='4.供管自评表'!H13 -> 0 | G14: =ROUND(C14-D14+E14+F14,1) -> 64 | H14: =IF(G14=0,"",RANK(G14,$G$5:$G$16,0)) -> #VALUE! | I14: =IF(H14="","",IF(H14<=4,"高",IF(H14<=9,"中","低"))) -> #VALUE! | J14: ='1.赛马分原始数据'!K13 -> 10 | K14: ='1.赛马分原始数据'!L13 -> 持平 | L14: =IF(OR(I14="",K14="数据不全"),"",I14&"-"&K14) -> #VALUE! | M14: =IF(B14="","",IF('2.SLA扣分台账'!G13="是·直接C级","C(红线)",IF(I14="高",IF(K14="下降","A(防下滑)","A"),IF(I14="中","B",IF(I14="低","C",""))))) -> #VALUE! | N14: =IF(M14="","",IF(LEFT(M14,1)="A","优秀·资源优先倾斜",IF(LEFT(M14,1)="B","合格·维持现状",IF(LEFT(M14,1)="C","不合格·整改或清退","")))) -> #VALUE!
A15: =IF('1.赛马分原始数据'!A14="","",'1.赛马分原始数据'!A14) -> S011 | B15: =IF('1.赛马分原始数据'!B14="","",'1.赛马分原始数据'!B14) -> 供应商K-差 | C15: ='1.赛马分原始数据'!J14 -> 60 | D15: ='2.SLA扣分台账'!F14 -> 0 | E15: ='3.稳定性检查表'!O14 -> -3 | F15: ='4.供管自评表'!H14 -> 0 | G15: =ROUND(C15-D15+E15+F15,1) -> 57 | H15: =IF(G15=0,"",RANK(G15,$G$5:$G$16,0)) -> #VALUE! | I15: =IF(H15="","",IF(H15<=4,"高",IF(H15<=9,"中","低"))) -> #VALUE! | J15: ='1.赛马分原始数据'!K14 -> 9.1 | K15: ='1.赛马分原始数据'!L14 -> 持平 | L15: =IF(OR(I15="",K15="数据不全"),"",I15&"-"&K15) -> #VALUE! | M15: =IF(B15="","",IF('2.SLA扣分台账'!G14="是·直接C级","C(红线)",IF(I15="高",IF(K15="下降","A(防下滑)","A"),IF(I15="中","B",IF(I15="低","C",""))))) -> #VALUE! | N15: =IF(M15="","",IF(LEFT(M15,1)="A","优秀·资源优先倾斜",IF(LEFT(M15,1)="B","合格·维持现状",IF(LEFT(M15,1)="C","不合格·整改或清退","")))) -> #VALUE!
A16: =IF('1.赛马分原始数据'!A15="","",'1.赛马分原始数据'!A15) -> S012 | B16: =IF('1.赛马分原始数据'!B15="","",'1.赛马分原始数据'!B15) -> 供应商L-差红 | C16: ='1.赛马分原始数据'!J15 -> 56 | D16: ='2.SLA扣分台账'!F15 -> 15 | E16: ='3.稳定性检查表'!O15 -> -3 | F16: ='4.供管自评表'!H15 -> 0 | G16: =ROUND(C16-D16+E16+F16,1) -> 38 | H16: =IF(G16=0,"",RANK(G16,$G$5:$G$16,0)) -> #VALUE! | I16: =IF(H16="","",IF(H16<=4,"高",IF(H16<=9,"中","低"))) -> #VALUE! | J16: ='1.赛马分原始数据'!K15 -> 12 | K16: ='1.赛马分原始数据'!L15 -> 上升 | L16: =IF(OR(I16="",K16="数据不全"),"",I16&"-"&K16) -> #VALUE! | M16: =IF(B16="","",IF('2.SLA扣分台账'!G15="是·直接C级","C(红线)",IF(I16="高",IF(K16="下降","A(防下滑)","A"),IF(I16="中","B",IF(I16="低","C",""))))) -> #VALUE! | N16: =IF(M16="","",IF(LEFT(M16,1)="A","优秀·资源优先倾斜",IF(LEFT(M16,1)="B","合格·维持现状",IF(LEFT(M16,1)="C","不合格·整改或清退","")))) -> #VALUE!
A19: 📊 九宫格分布统计
A20: 九宫格位置 | B20: 含义 | C20: 数量
A21: 高-上升 | B21: 战略绑定 | C21: =COUNTIF(L5:L16,"高-上升") -> 0
A22: 高-持平 | B22: 核心保持 | C22: =COUNTIF(L5:L16,"高-持平") -> 0
A23: 高-下降 | B23: 防止下滑 | C23: =COUNTIF(L5:L16,"高-下降") -> 0
A24: 中-上升 | B24: 重点培养 | C24: =COUNTIF(L5:L16,"中-上升") -> 0
A25: 中-持平 | B25: 稳定维持 | C25: =COUNTIF(L5:L16,"中-持平") -> 0
A26: 中-下降 | B26: 关注下降 | C26: =COUNTIF(L5:L16,"中-下降") -> 0
A27: 低-上升 | B27: 边缘培养 | C27: =COUNTIF(L5:L16,"低-上升") -> 0
A28: 低-持平 | B28: 观察区 | C28: =COUNTIF(L5:L16,"低-持平") -> 0
A29: 低-下降 | B29: 预警清退 | C29: =COUNTIF(L5:L16,"低-下降") -> 0

Sheet 6.三张清单
A1: 📋 三张清单（保留/培养/优化）
A3: 🟢 保留清单（A级）
A4: 供应商名称 | B4: 最终得分 | C4: 九宫格 | D4: 关键优势（手填） | E4: 保留理由（手填） | F4: 资源倾斜建议（手填）
A5: 💡 建议操作：打开「5.评级结果」，按 ABC评级 列筛选，复制对应供应商到这里
A6: =IFERROR(INDEX('5.评级结果'!B:B,MATCH("A*",'5.评级结果'!M:M,0)),"") -> 供应商名称
A7: =IFERROR(INDEX('5.评级结果'!B:B,MATCH("A*",'5.评级结果'!M:M,0)),"") -> 供应商名称
A8: =IFERROR(INDEX('5.评级结果'!B:B,MATCH("A*",'5.评级结果'!M:M,0)),"") -> 供应商名称
A11: 🟡 培养清单（B级）
A12: 供应商名称 | B12: 最终得分 | C12: 九宫格 | D12: 短板（手填） | E12: 培养方向（手填） | F12: 提升路径（手填）
A19: 🔴 优化清单（C级）
A20: 供应商名称 | B20: 最终得分 | C20: 九宫格 | D20: 主要问题（手填） | E20: 整改/清退路径（手填） | F20: 时间节点（手填）

Sheet 7.集中度管控
A1: 📊 集中度管控检查
A3: 规则：A级供应商合计产能占比 ≤ 40%（PDF第十六条）
A5: 步骤1：填入A级供应商Q2月均产能
A6: 供应商名称 | B6: Q2月均产能（手填） | C6: 产能占比 | D6: 是否单家>25% | E6: 备注
C7: =IFERROR(B7/$B$12,0) -> 0 | D7: =IF(C7>0.25,"⚠️ 超标","达标") -> 达标
C8: =IFERROR(B8/$B$12,0) -> 0 | D8: =IF(C8>0.25,"⚠️ 超标","达标") -> 达标
C9: =IFERROR(B9/$B$12,0) -> 0 | D9: =IF(C9>0.25,"⚠️ 超标","达标") -> 达标
C10: =IFERROR(B10/$B$12,0) -> 0 | D10: =IF(C10>0.25,"⚠️ 超标","达标") -> 达标
A11: A级合计 | B11: =SUM(B7:B10) -> 0 | C11: =SUM(C7:C10) -> 0
A12: 金条产线总产能（含所有级）
A14: 集中度检查结论
A15: A级合计产能占比 | B15: =C11 -> 0
A16: 阈值 | B16: 0.4
A17: 是否达标 | B17: =IF(B15<=B16,"✅ 达标","⚠️ 超标·需调整") -> ✅ 达标
A19: 若超标的应对建议：
A20: 1. 培养B级供应商分流部分产能 2. 引入新供应商稀释集中度 3. 调整资源分配降低单家依赖

Sheet 8.清退路径
A1: 🚪 清退路径判定（针对C级供应商）
A3: 按以下顺序判断每家C级供应商走哪条路径
A5: 供应商名称 | B5: 是否红线违规 | C5: 是否连续两季C | D5: 当季C且趋势下降 | E5: 首次C趋势持平/上升 | F5: 走哪条路径 | G5: 关键时间节点
F6: =IF(A6="","",IF(B6="是","路径三：红线清退·联合评估",IF(C6="是","路径一·末期：启动解约",IF(D6="是","路径二：快车道·30天交接",IF(E6="是","路径一：常规·整改30天→观察→复评","⚠️ 请核对判定条件"))))) | G6: =IF(A6="","",IF(B6="是","管理层决策后执行",IF(C6="是","启动解约",IF(D6="是","D0通知→D30交接完成",IF(E6="是","D30整改报告→D90复评","")))))
F7: =IF(A7="","",IF(B7="是","路径三：红线清退·联合评估",IF(C7="是","路径一·末期：启动解约",IF(D7="是","路径二：快车道·30天交接",IF(E7="是","路径一：常规·整改30天→观察→复评","⚠️ 请核对判定条件"))))) | G7: =IF(A7="","",IF(B7="是","管理层决策后执行",IF(C7="是","启动解约",IF(D7="是","D0通知→D30交接完成",IF(E7="是","D30整改报告→D90复评","")))))
F8: =IF(A8="","",IF(B8="是","路径三：红线清退·联合评估",IF(C8="是","路径一·末期：启动解约",IF(D8="是","路径二：快车道·30天交接",IF(E8="是","路径一：常规·整改30天→观察→复评","⚠️ 请核对判定条件"))))) | G8: =IF(A8="","",IF(B8="是","管理层决策后执行",IF(C8="是","启动解约",IF(D8="是","D0通知→D30交接完成",IF(E8="是","D30整改报告→D90复评","")))))
F9: =IF(A9="","",IF(B9="是","路径三：红线清退·联合评估",IF(C9="是","路径一·末期：启动解约",IF(D9="是","路径二：快车道·30天交接",IF(E9="是","路径一：常规·整改30天→观察→复评","⚠️ 请核对判定条件"))))) | G9: =IF(A9="","",IF(B9="是","管理层决策后执行",IF(C9="是","启动解约",IF(D9="是","D0通知→D30交接完成",IF(E9="是","D30整改报告→D90复评","")))))
F10: =IF(A10="","",IF(B10="是","路径三：红线清退·联合评估",IF(C10="是","路径一·末期：启动解约",IF(D10="是","路径二：快车道·30天交接",IF(E10="是","路径一：常规·整改30天→观察→复评","⚠️ 请核对判定条件"))))) | G10: =IF(A10="","",IF(B10="是","管理层决策后执行",IF(C10="是","启动解约",IF(D10="是","D0通知→D30交接完成",IF(E10="是","D30整改报告→D90复评","")))))
F11: =IF(A11="","",IF(B11="是","路径三：红线清退·联合评估",IF(C11="是","路径一·末期：启动解约",IF(D11="是","路径二：快车道·30天交接",IF(E11="是","路径一：常规·整改30天→观察→复评","⚠️ 请核对判定条件"))))) | G11: =IF(A11="","",IF(B11="是","管理层决策后执行",IF(C11="是","启动解约",IF(D11="是","D0通知→D30交接完成",IF(E11="是","D30整改报告→D90复评","")))))
A14: 三条路径详解
A15: 路径 | B15: 触发条件 | C15: 流程 | D15: 关键节点
A16: 路径一：常规清退 | B16: 首次C，趋势持平/上升 | C16: 整改期30天 → 观察期1季度 → 复评 → 达标升B/未达标解约
A17: 路径二：快车道清退 | B17: 当季C 且 趋势下降 | C17: 通知 → 30天内完成业务交接
A18: 路径三：红线清退 | B18: 触发红线违规 | C18: 联合评估 → 管理层决策 → 执行交接
A20: ⚠️ 清退前必检
A21: 1. 储备库中有可承接的潜在供应商
A22: 2. 替代供应商已完成入项评估
A23: 3. 产能、SLA、价格可承接原业务量
A24: 4. 交接方案已制定
A25: 5. 清退前1个月必须确定替代供应商（PDF第十三条）
