Workbook

Sheet 使用说明
B2: 金条产线供应商分级 · 上半年盘点计算模板 v3
B5: 📍 颜色含义
B6: 🟡 黄色 | C6: 需要你手动填入（首贷分/复贷分/SLA事件/供管自评）
B7: 🟢 绿色 | C7: 自动计算（不要改）
B8: 🟠 橙色 | C8: 最终结果（评级、清单等）
B9: ⚪ 灰色 | C9: 默认值（稳定性已预填B档，有异常才改）
B10: 🔵 蓝色 | C10: 打分标准（供管和业管参照标准打分留痕）
B12: 📋 操作步骤
B13: Step 1 | C13: 「1.赛马分原始数据」→ 填11家×6个月的首贷分+复贷分
B14: Step 2 | C14: 「2.SLA扣分台账」→ 填Q2黄牌/投诉/红线次数
B15: Step 3 | C15: 「3.稳定性检查表」→ 默认B档，有异常改A/C（标准已写好）
B16: Step 4 | C16: 「4.供管自评表」→ 对每家5项打高/中/低（标准已写好）
B17: Step 5 | C17: 「5.评级结果」→ 查看自动计算（含偏科标记）
B18: Step 6 | C18: 「6.三张清单」→ 按评级分组
B19: Step 7 | C19: 「7.集中度管控」→ 检查A级产能占比
B20: Step 8 | C20: 「8.清退路径」→ C级处理路径
B22: 📊 11家供应商分位规则
B23: 高贡献 | C23: 前30% = 前3名（排名第1-3）
B24: 中贡献 | C24: 30%-70% = 第4-8名
B25: 低贡献 | C25: 后30% = 第9-11名
B27: ⚠️ 首贷/复贷处理
B28: 规则 | C28: 月度赛马分 = (首贷分 + 复贷分) / 2
B29: 偏科标记 | C29: 首贷复贷分差>10分 → 标记偏科
B31: ⚠️ 其他注意事项
B32: 1 | C32: 赛马分缺失的月份填0
B33: 2 | C33: 红线违规=直接C级，不走分数计算
B34: 3 | C34: 临界点（第3/4名、第8/9名分差<2分）需人工复核

Sheet 1.赛马分原始数据
A1: 📊 赛马月度评分 - 原始数据（首贷+复贷 → 算术平均）
A2: 规则：月度赛马分 = (首贷分 + 复贷分) / 2 | Q1基础分 = (Q1首贷均 + Q1复贷均) / 2
A4: 供应商ID | B4: 供应商名称 | C4: 1月 | E4: 2月 | G4: 3月 | I4: 4月 | K4: 5月 | M4: 6月 | O4: Q1首贷均 | P4: Q2首贷均 | Q4: Q1复贷均 | R4: Q2复贷均 | S4: Q1基础分 | T4: Q2基础分 | U4: 环比% | V4: Y档 | W4: 偏科标记 | X4: 备注
C5: 首贷分 | D5: 复贷分 | E5: 首贷分 | F5: 复贷分 | G5: 首贷分 | H5: 复贷分 | I5: 首贷分 | J5: 复贷分 | K5: 首贷分 | L5: 复贷分 | M5: 首贷分 | N5: 复贷分
A6: S001 | B6: 毅航合肥职场 | C6: 95.1 | D6: 84 | E6: 96.9 | F6: 93.9 | G6: 95.3 | H6: 93.4 | I6: 95 | J6: 94.9 | K6: 93.9 | L6: 92.8 | M6: 89 | N6: 88.2 | O6: 95.8 | P6: 92.7 | Q6: 90.4 | R6: 92 | S6: 93.1 | T6: 92.3 | U6: -0.0086 | V6: 持平 | W6: 均衡
A7: S002 | B7: 毛毛虫职场 | C7: 93.4 | D7: 73.6 | E7: 86.6 | F7: 81.8 | G7: 90.6 | H7: 77.4 | I7: 89.6 | J7: 82.5 | K7: 84 | L7: 82.9 | M7: 81.1 | N7: 85.9 | O7: 90.2 | P7: 84.9 | Q7: 77.6 | R7: 83.8 | S7: 83.9 | T7: 84.3 | U7: 0.0048 | V7: 持平 | W7: 均衡
A8: S003 | B8: 赛维斯职场 | C8: 87.8 | D8: 90.8 | E8: 86.5 | F8: 89.1 | G8: 79.6 | H8: 83.9 | I8: 89.6 | J8: 87.2 | K8: 74.5 | L8: 86.5 | M8: 74.5 | N8: 88.5 | O8: 84.7 | P8: 79.5 | Q8: 87.9 | R8: 87.4 | S8: 86.3 | T8: 83.5 | U8: -0.0324 | V8: 持平 | W8: 均衡
A9: S004 | B9: 博岳石家庄职场 | C9: 87.8 | D9: 76.9 | E9: 89.4 | F9: 78 | G9: 82 | H9: 77.3 | I9: 86.8 | J9: 80 | K9: 68.5 | L9: 76.6 | M9: 76.2 | N9: 90 | O9: 86.4 | P9: 77.2 | Q9: 77.4 | R9: 82.2 | S9: 81.9 | T9: 79.7 | U9: -0.0269 | V9: 持平 | W9: 均衡
A10: S005 | B10: 汇讯职场 | C10: 85.9 | D10: 80.9 | E10: 68.2 | F10: 73.3 | G10: 79.7 | H10: 79.9 | I10: 79.8 | J10: 73.6 | K10: 71.2 | L10: 83.9 | M10: 72.5 | N10: 84.5 | O10: 77.9 | P10: 74.5 | Q10: 78 | R10: 80.7 | S10: 78 | T10: 77.6 | U10: -0.0051 | V10: 持平 | W10: 均衡
A11: S006 | B11: 伽玛职场 | C11: 84.4 | D11: 78 | E11: 81.3 | F11: 82.5 | G11: 77.4 | H11: 77.7 | I11: 75.1 | J11: 78.9 | K11: 67.5 | L11: 82.1 | M11: 71.8 | N11: 82.7 | O11: 81 | P11: 71.5 | Q11: 79.4 | R11: 81.3 | S11: 80.2 | T11: 76.4 | U11: -0.0474 | V11: 持平 | W11: 均衡
A12: S007 | B12: 翰锐曲靖职场 | C12: 82.8 | D12: 81.4 | E12: 89.7 | F12: 76.8 | G12: 71.1 | H12: 75.7 | I12: 84.9 | J12: 80 | K12: 80.9 | L12: 80.9 | M12: 74.2 | N12: 84.6 | O12: 81.2 | P12: 80 | Q12: 78 | R12: 81.8 | S12: 79.6 | T12: 80.9 | U12: 0.0163 | V12: 持平 | W12: 均衡
A13: S008 | B13: 广达陕西职场 | C13: 82.1 | D13: 82.8 | E13: 84.8 | F13: 71.8 | G13: 82.3 | H13: 80.1 | I13: 85.4 | J13: 79.7 | K13: 68.2 | L13: 96.9 | M13: 66.7 | N13: 78.4 | O13: 83.1 | P13: 73.4 | Q13: 78.2 | R13: 85 | S13: 80.7 | T13: 79.2 | U13: -0.0186 | V13: 持平 | W13: 复贷偏强
A14: S009 | B14: 人和职场 | C14: 77.7 | D14: 73.5 | E14: 78 | F14: 76.3 | G14: 82.3 | H14: 68.5 | I14: 83.2 | J14: 80.4 | K14: 69.8 | L14: 78.1 | M14: 69.9 | N14: 92.6 | O14: 79.3 | P14: 74.3 | Q14: 72.8 | R14: 83.7 | S14: 76 | T14: 79 | U14: 0.0395 | V14: 持平 | W14: 均衡
A15: S010 | B15: 岐力职场 | D15: 95 | F15: 81.3 | G15: 61.6 | H15: 74.9 | I15: 66.9 | J15: 79.8 | K15: 56 | L15: 73 | M15: 81.7 | N15: 88.4 | O15: 61.6 | P15: 68.2 | Q15: 83.7 | R15: 80.4 | S15: 72.7 | T15: 74.3 | U15: 0.022 | V15: 持平 | W15: 复贷偏强
A16: S011 | B16: 华啸职场 | D16: 75.8 | F16: 72.2 | G16: 55.2 | H16: 76.2 | I16: 60 | J16: 85.2 | K16: 47 | L16: 86.7 | M16: 71.7 | N16: 93.6 | O16: 55.2 | P16: 59.6 | Q16: 74.7 | R16: 88.5 | S16: 65 | T16: 74 | U16: 0.1385 | V16: 上升 | W16: 复贷偏强

Sheet 2.SLA扣分台账
A1: ⚠️ SLA/合规扣分台账（Q2）
A2: 🔑 操作：点击黄色格子，下拉选择扣分值（0=无发生 / -1=有发生），自动汇总到Q2合规扣分
A4: 供应商ID | B4: 供应商名称 | C4: 黄牌整改 | D4: 舆情投诉 | E4: 红线违规 | F4: Q2合规扣分 | G4: 触发直接C级 | H4: 扣分明细 | I4: 备注
A5: S001 | B5: 毅航合肥职场 | C5: 0 | D5: 0 | E5: 否 | F5: =C5+D5 -> 0 | G5: =IF(E5="是","🔴 是·直接C级","") | H5: =IF(AND(C5=0,D5=0,E5="否"),"无违规",IF(C5<>0,IF(D5<>0,"黄牌+舆情投诉","黄牌"),IF(D5<>0,"舆情投诉",IF(E5="是","红线违规","")))) -> 无违规
A6: S002 | B6: 毛毛虫职场 | C6: 0 | D6: 0 | E6: 否 | F6: =C6+D6 -> 0 | G6: =IF(E6="是","🔴 是·直接C级","") | H6: =IF(AND(C6=0,D6=0,E6="否"),"无违规",IF(C6<>0,IF(D6<>0,"黄牌+舆情投诉","黄牌"),IF(D6<>0,"舆情投诉",IF(E6="是","红线违规","")))) -> 无违规
A7: S003 | B7: 赛维斯职场 | C7: 0 | D7: 0 | E7: 否 | F7: =C7+D7 -> 0 | G7: =IF(E7="是","🔴 是·直接C级","") | H7: =IF(AND(C7=0,D7=0,E7="否"),"无违规",IF(C7<>0,IF(D7<>0,"黄牌+舆情投诉","黄牌"),IF(D7<>0,"舆情投诉",IF(E7="是","红线违规","")))) -> 无违规
A8: S004 | B8: 博岳石家庄职场 | C8: 0 | D8: 0 | E8: 否 | F8: =C8+D8 -> 0 | G8: =IF(E8="是","🔴 是·直接C级","") | H8: =IF(AND(C8=0,D8=0,E8="否"),"无违规",IF(C8<>0,IF(D8<>0,"黄牌+舆情投诉","黄牌"),IF(D8<>0,"舆情投诉",IF(E8="是","红线违规","")))) -> 无违规
A9: S005 | B9: 汇讯职场 | C9: 0 | D9: -5 | E9: 否 | F9: =C9+D9 -> -5 | G9: =IF(E9="是","🔴 是·直接C级","") | H9: =IF(AND(C9=0,D9=0,E9="否"),"无违规",IF(C9<>0,IF(D9<>0,"黄牌+舆情投诉","黄牌"),IF(D9<>0,"舆情投诉",IF(E9="是","红线违规","")))) -> 舆情投诉 | I9: 员工微博投诉，cc刘总
A10: S006 | B10: 伽玛职场 | C10: 0 | D10: 0 | E10: 否 | F10: =C10+D10 -> 0 | G10: =IF(E10="是","🔴 是·直接C级","") | H10: =IF(AND(C10=0,D10=0,E10="否"),"无违规",IF(C10<>0,IF(D10<>0,"黄牌+舆情投诉","黄牌"),IF(D10<>0,"舆情投诉",IF(E10="是","红线违规","")))) -> 无违规
A11: S007 | B11: 翰锐曲靖职场 | C11: 0 | D11: 0 | E11: 否 | F11: =C11+D11 -> 0 | G11: =IF(E11="是","🔴 是·直接C级","") | H11: =IF(AND(C11=0,D11=0,E11="否"),"无违规",IF(C11<>0,IF(D11<>0,"黄牌+舆情投诉","黄牌"),IF(D11<>0,"舆情投诉",IF(E11="是","红线违规","")))) -> 无违规
A12: S008 | B12: 广达陕西职场 | C12: 0 | D12: 0 | E12: 否 | F12: =C12+D12 -> 0 | G12: =IF(E12="是","🔴 是·直接C级","") | H12: =IF(AND(C12=0,D12=0,E12="否"),"无违规",IF(C12<>0,IF(D12<>0,"黄牌+舆情投诉","黄牌"),IF(D12<>0,"舆情投诉",IF(E12="是","红线违规","")))) -> 无违规
A13: S009 | B13: 人和职场 | C13: 0 | D13: 0 | E13: 否 | F13: =C13+D13 -> 0 | G13: =IF(E13="是","🔴 是·直接C级","") | H13: =IF(AND(C13=0,D13=0,E13="否"),"无违规",IF(C13<>0,IF(D13<>0,"黄牌+舆情投诉","黄牌"),IF(D13<>0,"舆情投诉",IF(E13="是","红线违规","")))) -> 无违规
A14: S010 | B14: 岐力职场 | C14: 0 | D14: 0 | E14: 否 | F14: =C14+D14 -> 0 | G14: =IF(E14="是","🔴 是·直接C级","") | H14: =IF(AND(C14=0,D14=0,E14="否"),"无违规",IF(C14<>0,IF(D14<>0,"黄牌+舆情投诉","黄牌"),IF(D14<>0,"舆情投诉",IF(E14="是","红线违规","")))) -> 无违规
A15: S011 | B15: 华啸职场 | C15: 0 | D15: 0 | E15: 否 | F15: =C15+D15 -> 0 | G15: =IF(E15="是","🔴 是·直接C级","") | H15: =IF(AND(C15=0,D15=0,E15="否"),"无违规",IF(C15<>0,IF(D15<>0,"黄牌+舆情投诉","黄牌"),IF(D15<>0,"舆情投诉",IF(E15="是","红线违规","")))) -> 无违规
A17: 📋 扣分标准说明
A18: 项目 | B18: 定义与操作
A19: 黄牌整改 | B19: SLA核心指标未达标/质量问题被下发整改通知。选0=无，选-1=有
A20: 舆情投诉 | B20: 舆情客户投诉经核查供应商有责任。选0=无，选-1=有。多次发生可叠加选择（每次-1）
A21: 红线违规 | B21: 触发底线：合规/资金/信息安全等重大违规。选'是'=直接评级C级，启动清退评估

Sheet 3.稳定性检查表
A1: 🔧 月度稳定性检查表（Q2三个月）
A2: 🔑 操作：默认已预填B档。有异常才改A/C。打分标准见下方蓝色区域。
A4: 供应商ID | B4: 供应商名称 | C4: 4月 | G4: 5月 | K4: 6月 | O4: Q2稳定性得分 | P4: 备注
C5: 人员变动 | D5: 产能波动 | E5: SLA达成 | F5: 突发情况 | G5: 人员变动 | H5: 产能波动 | I5: SLA达成 | J5: 突发情况 | K5: 人员变动 | L5: 产能波动 | M5: SLA达成 | N5: 突发情况
A6: S001 | B6: 毅航合肥职场 | C6: B | D6: B | E6: B | F6: B | G6: B | H6: B | I6: B | J6: B | K6: B | L6: B | M6: B | N6: B | O6: =ROUND(((COUNTIF(C6:F6,"A")-COUNTIF(C6:F6,"C"))+(COUNTIF(G6:J6,"A")-COUNTIF(G6:J6,"C"))+(COUNTIF(K6:N6,"A")-COUNTIF(K6:N6,"C")))/3,0) -> 0
A7: S002 | B7: 毛毛虫职场 | C7: B | D7: B | E7: B | F7: B | G7: B | H7: B | I7: B | J7: B | K7: B | L7: B | M7: B | N7: B | O7: =ROUND(((COUNTIF(C7:F7,"A")-COUNTIF(C7:F7,"C"))+(COUNTIF(G7:J7,"A")-COUNTIF(G7:J7,"C"))+(COUNTIF(K7:N7,"A")-COUNTIF(K7:N7,"C")))/3,0) -> 0
A8: S003 | B8: 赛维斯职场 | C8: B | D8: B | E8: B | F8: B | G8: B | H8: B | I8: B | J8: B | K8: B | L8: B | M8: B | N8: B | O8: =ROUND(((COUNTIF(C8:F8,"A")-COUNTIF(C8:F8,"C"))+(COUNTIF(G8:J8,"A")-COUNTIF(G8:J8,"C"))+(COUNTIF(K8:N8,"A")-COUNTIF(K8:N8,"C")))/3,0) -> 0
A9: S004 | B9: 博岳石家庄职场 | C9: B | D9: B | E9: B | F9: B | G9: B | H9: B | I9: B | J9: B | K9: B | L9: B | M9: B | N9: B | O9: =ROUND(((COUNTIF(C9:F9,"A")-COUNTIF(C9:F9,"C"))+(COUNTIF(G9:J9,"A")-COUNTIF(G9:J9,"C"))+(COUNTIF(K9:N9,"A")-COUNTIF(K9:N9,"C")))/3,0) -> 0
A10: S005 | B10: 汇讯职场 | C10: B | D10: B | E10: B | F10: B | G10: B | H10: B | I10: B | J10: B | K10: B | L10: B | M10: B | N10: B | O10: =ROUND(((COUNTIF(C10:F10,"A")-COUNTIF(C10:F10,"C"))+(COUNTIF(G10:J10,"A")-COUNTIF(G10:J10,"C"))+(COUNTIF(K10:N10,"A")-COUNTIF(K10:N10,"C")))/3,0) -> 0
A11: S006 | B11: 伽玛职场 | C11: B | D11: B | E11: B | F11: B | G11: B | H11: B | I11: B | J11: B | K11: B | L11: B | M11: B | N11: B | O11: =ROUND(((COUNTIF(C11:F11,"A")-COUNTIF(C11:F11,"C"))+(COUNTIF(G11:J11,"A")-COUNTIF(G11:J11,"C"))+(COUNTIF(K11:N11,"A")-COUNTIF(K11:N11,"C")))/3,0) -> 0
A12: S007 | B12: 翰锐曲靖职场 | C12: B | D12: B | E12: B | F12: B | G12: B | H12: B | I12: B | J12: B | K12: B | L12: B | M12: B | N12: B | O12: =ROUND(((COUNTIF(C12:F12,"A")-COUNTIF(C12:F12,"C"))+(COUNTIF(G12:J12,"A")-COUNTIF(G12:J12,"C"))+(COUNTIF(K12:N12,"A")-COUNTIF(K12:N12,"C")))/3,0) -> 0
A13: S008 | B13: 广达陕西职场 | C13: B | D13: B | E13: B | F13: B | G13: B | H13: B | I13: B | J13: B | K13: B | L13: B | M13: B | N13: B | O13: =ROUND(((COUNTIF(C13:F13,"A")-COUNTIF(C13:F13,"C"))+(COUNTIF(G13:J13,"A")-COUNTIF(G13:J13,"C"))+(COUNTIF(K13:N13,"A")-COUNTIF(K13:N13,"C")))/3,0) -> 0
A14: S009 | B14: 人和职场 | C14: B | D14: B | E14: B | F14: B | G14: B | H14: B | I14: B | J14: B | K14: B | L14: B | M14: B | N14: B | O14: =ROUND(((COUNTIF(C14:F14,"A")-COUNTIF(C14:F14,"C"))+(COUNTIF(G14:J14,"A")-COUNTIF(G14:J14,"C"))+(COUNTIF(K14:N14,"A")-COUNTIF(K14:N14,"C")))/3,0) -> 0
A15: S010 | B15: 岐力职场 | C15: B | D15: B | E15: B | F15: B | G15: B | H15: B | I15: B | J15: B | K15: B | L15: B | M15: B | N15: B | O15: =ROUND(((COUNTIF(C15:F15,"A")-COUNTIF(C15:F15,"C"))+(COUNTIF(G15:J15,"A")-COUNTIF(G15:J15,"C"))+(COUNTIF(K15:N15,"A")-COUNTIF(K15:N15,"C")))/3,0) -> 0
A16: S011 | B16: 华啸职场 | C16: B | D16: B | E16: B | F16: B | G16: B | H16: B | I16: B | J16: B | K16: B | L16: B | M16: B | N16: B | O16: =ROUND(((COUNTIF(C16:F16,"A")-COUNTIF(C16:F16,"C"))+(COUNTIF(G16:J16,"A")-COUNTIF(G16:J16,"C"))+(COUNTIF(K16:N16,"A")-COUNTIF(K16:N16,"C")))/3,0) -> 0
A18: 📋 稳定性检查表 · 打分标准（业管参照此标准打分，在备注列写明依据）
A19: 维度 | B19: 检查什么 | C19: A档（+1分） | G19: B档（0分） | J19: C档（-1分）
A20: 人员变动 | B20: 核心人员（主管/质检/培训师/核心TOP坐席）流失或调岗情况 | C20: 团队零流失或仅个别基层流动，核心团队完整，人员替补无缝衔接，对产能和培训无任何影响 | G20: 有少量人员流动（个位数），但不涉及核心岗位，或涉及核心岗位但有成熟替补机制，交付未受影响 | J20: 核心人员（主管/质检/培训师）流失≥2人，或单月人员流失率>15%，导致产能下降或培训断档，影响当月交付
A21: 产能波动 | B21: 月度实际产能相对月均基准的波动幅度 | C21: 产能稳定，波动≤±5%，持续超预期交付，能灵活响应临时加量需求 | G21: 产能波动在±5%~15%之间，基本按计划交付，偶有偏差但可通过加班/调配补齐 | J21: 产能波动>±15%，出现明显交付缺口或严重超量（导致资源浪费），未达月度产能目标的80%或超出120%
A22: SLA达成 | B22: 月度SLA核心指标达成率（接通率/转化率/合规率/首解率等综合） | C22: SLA达成率≥98%，核心指标全面达标，多项指标超基准值，质量标杆级表现 | G22: SLA达成率85%~98%，核心指标基本达标，个别指标在临界值但未触发预警线 | J22: SLA达成率<85%，或核心指标中任意一项触发红线（如合规率<90%、客诉率超标等），当月有黄牌/投诉记录
A23: 突发情况 | B23: 重大故障/系统事故/客户投诉升级/舆情事件 | C23: 当月无任何突发，且能主动协助其他职场处理突发，应急预案完善 | G23: 当月有≤2次小规模突发（如短时系统卡顿、个别客户投诉），但已快速恢复，未造成业务影响 | J23: 当月有重大故障（如大规模系统瘫痪、集中客诉≥5件、舆情发酵），或突发反复发生≥2次未根治，影响业务连续性

Sheet 4.供管自评表
A1: 📝 供管自评5项（Q2）
A2: 规则：高=1分 | 中=0分 | 低=-1分 | 加分=5项中评高的项数（封顶5）
A4: 供应商ID | B4: 供应商名称 | C4: 战略协作 | D4: 响应质量 | E4: 高效执行 | F4: 共同成长 | G4: 坦诚透明 | H4: 自评加分 | I4: 备注
A5: S001 | B5: 毅航合肥职场 | F5: 高 | H5: =COUNTIF(C5:G5,"高") -> 1
A6: S002 | B6: 毛毛虫职场 | H6: =COUNTIF(C6:G6,"高") -> 0
A7: S003 | B7: 赛维斯职场 | H7: =COUNTIF(C7:G7,"高") -> 0
A8: S004 | B8: 博岳石家庄职场 | H8: =COUNTIF(C8:G8,"高") -> 0
A9: S005 | B9: 汇讯职场 | F9: 高 | H9: =COUNTIF(C9:G9,"高") -> 1
A10: S006 | B10: 伽玛职场 | G10: 中 | H10: =COUNTIF(C10:G10,"高") -> 0
A11: S007 | B11: 翰锐曲靖职场 | H11: =COUNTIF(C11:G11,"高") -> 0
A12: S008 | B12: 广达陕西职场 | H12: =COUNTIF(C12:G12,"高") -> 0
A13: S009 | B13: 人和职场 | H13: =COUNTIF(C13:G13,"高") -> 0
A14: S010 | B14: 岐力职场 | H14: =COUNTIF(C14:G14,"高") -> 0
A15: S011 | B15: 华啸职场 | H15: =COUNTIF(C15:G15,"高") -> 0
A17: 📋 供管自评5项 · 打分标准（供管参照此标准打分，必须有事实依据）
A18: 维度 | B18: 高（1分）· 评分依据 | D18: 中（0分）· 评分依据 | F18: 低（-1分）· 评分依据
A19: 战略协作 | B19: 主动配合战略级项目落地，能前瞻性提出业务优化建议，在关键决策上与平台保持高度一致 | D19: 按要求配合日常项目，不主动但也不抵触，被动执行为主 | F19: 对战略项目配合度低，抵触变革，或在关键节点不响应
A20: 响应质量 | B20: 问题响应速度快（<2小时），回复内容准确、完整、有建设性，能举一反三提供解决方案 | D20: 问题响应正常（2-8小时），回复内容基本可用，偶有遗漏需追问 | F20: 响应慢（>8小时或不回复），回复内容敷衍、不完整，需多次追问
A21: 高效执行 | B21: 任务交付准时率>95%，交付质量超预期，能主动优化执行流程，减少返工 | D21: 任务交付基本准时（80%-95%），质量达标，偶有返工 | F21: 任务经常延期（准时率<80%），质量不达标，频繁返工
A22: 共同成长 | B22: 主动分享行业经验/最佳实践，参与平台组织的培训和能力共建，团队专业能力持续提升 | D22: 按平台要求参与培训，但不主动分享，能力维持现状 | F22: 拒绝参与培训/共建活动，团队专业能力停滞或下滑
A23: 坦诚透明 | B23: 主动如实汇报问题（包括自身失误），数据透明无隐瞒，遇到困难及时上报 | D23: 被问到才汇报问题，数据基本真实但不够主动 | F23: 隐瞒问题或虚报数据，被发现后才承认，缺乏诚信

Sheet 5.评级结果
A1: 🏆 供应商分级评级结果（首贷/复贷分开评级）
A2: Q2基础分=4-6月均分 | 最终=基础分-合规+稳定性+自评 | X档:前3高/4-8中/9-11低
C4: 📈 首贷评级 | Q4: 📈 复贷评级
C5: 供应商ID | D5: 供应商名称 | E5: Q2首贷基础分 | F5: 合规扣分 | G5: 稳定性 | H5: 供管自评 | I5: 最终得分 | J5: 排名 | K5: X档 | L5: 环比% | M5: Y档 | N5: 九宫格 | O5: ABC评级 | Q5: 供应商ID | R5: 供应商名称 | S5: Q2复贷基础分 | T5: 合规扣分 | U5: 稳定性 | V5: 供管自评 | W5: 最终得分 | X5: 排名 | Y5: X档 | Z5: 环比% | AA5: Y档 | AB5: 九宫格 | AC5: ABC评级
C6: S001 | D6: 毅航合肥职场 | E6: 92.7 | F6: 0 | G6: 0 | H6: 0 | I6: 92.7 | J6: 1 | K6: 高 | L6: -0.032359081 | M6: 持平 | N6: 高-持平 | O6: A | Q6: S001 | R6: 毅航合肥职场 | S6: 92 | T6: 0 | U6: 0 | V6: 0 | W6: 92 | X6: 1 | Y6: 高 | Z6: 0.017699115 | AA6: 持平 | AB6: 高-持平 | AC6: A
C7: S002 | D7: 毛毛虫职场 | E7: 84.9 | F7: 0 | G7: 0 | H7: 0 | I7: 84.9 | J7: 2 | K7: 高 | L7: -0.058758315 | M7: 持平 | N7: 高-持平 | O7: A | Q7: S002 | R7: 毛毛虫职场 | S7: 83.8 | T7: 0 | U7: 0 | V7: 0 | W7: 83.8 | X7: 5 | Y7: 中 | Z7: 0.079896907 | AA7: 持平 | AB7: 中-持平 | AC7: B
C8: S003 | D8: 赛维斯职场 | E8: 79.5 | F8: 0 | G8: 0 | H8: 0 | I8: 79.5 | J8: 4 | K8: 中 | L8: -0.061393152 | M8: 持平 | N8: 中-持平 | O8: B | Q8: S003 | R8: 赛维斯职场 | S8: 87.4 | T8: 0 | U8: 0 | V8: 0 | W8: 87.4 | X8: 3 | Y8: 高 | Z8: -0.0056882821 | AA8: 持平 | AB8: 高-持平 | AC8: A
C9: S004 | D9: 博岳石家庄职场 | E9: 77.2 | F9: 0 | G9: 0 | H9: 0 | I9: 77.2 | J9: 5 | K9: 中 | L9: -0.10648148 | M9: 下降 | N9: 中-下降 | O9: B | Q9: S004 | R9: 博岳石家庄职场 | S9: 82.2 | T9: 0 | U9: 0 | V9: 0 | W9: 82.2 | X9: 7 | Y9: 中 | Z9: 0.062015504 | AA9: 持平 | AB9: 中-持平 | AC9: B
C10: S005 | D10: 汇讯职场 | E10: 74.5 | F10: 0 | G10: 0 | H10: 0 | I10: 74.5 | J10: 6 | K10: 中 | L10: -0.0436457 | M10: 持平 | N10: 中-持平 | O10: B | Q10: S005 | R10: 汇讯职场 | S10: 80.7 | T10: 0 | U10: 0 | V10: 0 | W10: 80.7 | X10: 10 | Y10: 低 | Z10: 0.034615385 | AA10: 持平 | AB10: 低-持平 | AC10: C
C11: S006 | D11: 伽玛职场 | E11: 71.5 | F11: 0 | G11: 0 | H11: 0 | I11: 71.5 | J11: 9 | K11: 低 | L11: -0.11728395 | M11: 下降 | N11: 低-下降 | O11: C | Q11: S006 | R11: 伽玛职场 | S11: 81.3 | T11: 0 | U11: 0 | V11: 0 | W11: 81.3 | X11: 9 | Y11: 低 | Z11: 0.023929471 | AA11: 持平 | AB11: 低-持平 | AC11: C
C12: S007 | D12: 翰锐曲靖职场 | E12: 80 | F12: 0 | G12: 0 | H12: 0 | I12: 80 | J12: 3 | K12: 高 | L12: -0.014778325 | M12: 持平 | N12: 高-持平 | O12: A | Q12: S007 | R12: 翰锐曲靖职场 | S12: 81.8 | T12: 0 | U12: 0 | V12: 0 | W12: 81.8 | X12: 8 | Y12: 中 | Z12: 0.048717949 | AA12: 持平 | AB12: 中-持平 | AC12: B
C13: S008 | D13: 广达陕西职场 | E13: 73.4 | F13: 0 | G13: 0 | H13: 0 | I13: 73.4 | J13: 8 | K13: 中 | L13: -0.11672684 | M13: 下降 | N13: 中-下降 | O13: B | Q13: S008 | R13: 广达陕西职场 | S13: 85 | T13: 0 | U13: 0 | V13: 0 | W13: 85 | X13: 4 | Y13: 中 | Z13: 0.086956522 | AA13: 持平 | AB13: 中-持平 | AC13: B
C14: S009 | D14: 人和职场 | E14: 74.3 | F14: 0 | G14: 0 | H14: 0 | I14: 74.3 | J14: 7 | K14: 中 | L14: -0.063051702 | M14: 持平 | N14: 中-持平 | O14: B | Q14: S009 | R14: 人和职场 | S14: 83.7 | T14: 0 | U14: 0 | V14: 0 | W14: 83.7 | X14: 6 | Y14: 中 | Z14: 0.14972527 | AA14: 上升 | AB14: 中-上升 | AC14: B
C15: S010 | D15: 岐力职场 | E15: 68.2 | F15: 0 | G15: 0 | H15: 0 | I15: 68.2 | J15: 10 | K15: 低 | L15: 0.10714286 | M15: 上升 | N15: 低-上升 | O15: C | Q15: S010 | R15: 岐力职场 | S15: 80.4 | T15: 0 | U15: 0 | V15: 0 | W15: 80.4 | X15: 11 | Y15: 低 | Z15: -0.039426523 | AA15: 持平 | AB15: 低-持平 | AC15: C
C16: S011 | D16: 华啸职场 | E16: 59.6 | F16: 0 | G16: 0 | H16: 0 | I16: 59.6 | J16: 11 | K16: 低 | L16: 0.079710145 | M16: 持平 | N16: 低-持平 | O16: C | Q16: S011 | R16: 华啸职场 | S16: 88.5 | T16: 0 | U16: 0 | V16: 0 | W16: 88.5 | X16: 2 | Y16: 高 | Z16: 0.18473896 | AA16: 上升 | AB16: 高-上升 | AC16: A
A18: 📊 九宫格分布统计
A19: 首贷 | F19: 复贷
A20: 高-上升 | B20: 战略绑定 | C20: 0 | F20: 高-上升 | G20: 战略绑定 | H20: 1
A21: 高-持平 | B21: 核心保持 | C21: 3 | F21: 高-持平 | G21: 核心保持 | H21: 2
A22: 高-下降 | B22: 防止下滑 | C22: 0 | F22: 高-下降 | G22: 防止下滑 | H22: 0
A23: 中-上升 | B23: 重点培养 | C23: 0 | F23: 中-上升 | G23: 重点培养 | H23: 1
A24: 中-持平 | B24: 稳定维持 | C24: 3 | F24: 中-持平 | G24: 稳定维持 | H24: 4
A25: 中-下降 | B25: 关注下降 | C25: 2 | F25: 中-下降 | G25: 关注下降 | H25: 0
A26: 低-上升 | B26: 边缘培养 | C26: 1 | F26: 低-上升 | G26: 边缘培养 | H26: 0
A27: 低-持平 | B27: 观察区 | C27: 1 | F27: 低-持平 | G27: 观察区 | H27: 3
A28: 低-下降 | B28: 预警清退 | C28: 1 | F28: 低-下降 | G28: 预警清退 | H28: 0

Sheet 6.三张清单
A1: 📋 三张清单（首贷评级） | J1: 📋 三张清单（复贷评级）
A3: 🟢 保留清单（A级） | J3: 🟢 保留清单（A级）
A4: 供应商名称 | B4: 最终得分 | C4: 九宫格 | D4: 偏科标记 | E4: 关键优势 | F4: 保留理由 | G4: 资源倾斜建议 | J4: 供应商名称 | K4: 最终得分 | L4: 九宫格 | M4: 偏科标记 | N4: 关键优势 | O4: 保留理由 | P4: 资源倾斜建议
A5: 毅航合肥职场 | B5: 92.7 | C5: 高-持平 | D5: 均衡 | J5: 毅航合肥职场 | K5: 92 | L5: 高-持平 | M5: 均衡
A6: 毛毛虫职场 | B6: 84.9 | C6: 高-持平 | D6: 均衡 | J6: 赛维斯职场 | K6: 87.4 | L6: 高-持平 | M6: 均衡
A7: 翰锐曲靖职场 | B7: 80 | C7: 高-持平 | D7: 均衡 | J7: 华啸职场 | K7: 88.5 | L7: 高-上升 | M7: 复贷偏强
A11: 🟡 培养清单（B级） | J11: 🟡 培养清单（B级）
A12: 供应商名称 | B12: 最终得分 | C12: 九宫格 | D12: 偏科标记 | E12: 短板 | F12: 培养方向 | G12: 提升路径 | J12: 供应商名称 | K12: 最终得分 | L12: 九宫格 | M12: 偏科标记 | N12: 短板 | O12: 培养方向 | P12: 提升路径
A13: 赛维斯职场 | B13: 79.5 | C13: 中-持平 | D13: 均衡 | J13: 毛毛虫职场 | K13: 83.8 | L13: 中-持平 | M13: 均衡
A14: 博岳石家庄职场 | B14: 77.2 | C14: 中-下降 | D14: 均衡 | J14: 博岳石家庄职场 | K14: 82.2 | L14: 中-持平 | M14: 均衡
A15: 汇讯职场 | B15: 74.5 | C15: 中-持平 | D15: 均衡 | J15: 翰锐曲靖职场 | K15: 81.8 | L15: 中-持平 | M15: 均衡
A16: 广达陕西职场 | B16: 73.4 | C16: 中-下降 | D16: 复贷偏强 | J16: 广达陕西职场 | K16: 85 | L16: 中-持平 | M16: 复贷偏强
A17: 人和职场 | B17: 74.3 | C17: 中-持平 | D17: 均衡 | J17: 人和职场 | K17: 83.7 | L17: 中-上升 | M17: 均衡
A20: 🔴 优化清单（C级） | J20: 🔴 优化清单（C级）
A21: 供应商名称 | B21: 最终得分 | C21: 九宫格 | D21: 偏科标记 | E21: 主要问题 | F21: 整改/清退路径 | G21: 时间节点 | J21: 供应商名称 | K21: 最终得分 | L21: 九宫格 | M21: 偏科标记 | N21: 主要问题 | O21: 整改/清退路径 | P21: 时间节点
A22: 伽玛职场 | B22: 71.5 | C22: 低-下降 | D22: 均衡 | J22: 汇讯职场 | K22: 80.7 | L22: 低-持平 | M22: 均衡
A23: 岐力职场 | B23: 68.2 | C23: 低-上升 | D23: 复贷偏强 | J23: 伽玛职场 | K23: 81.3 | L23: 低-持平 | M23: 均衡
A24: 华啸职场 | B24: 59.6 | C24: 低-持平 | D24: 复贷偏强 | J24: 岐力职场 | K24: 80.4 | L24: 低-持平 | M24: 复贷偏强

Sheet 7.集中度管控
A1: 📊 集中度管控检查
A3: 规则：A级供应商合计产能占比 ≤ 40%（PDF第十六条）
A5: 步骤1：A级供应商自动带出，只需填产能数据
A6: 供应商名称（自动） | B6: Q2月均产能（手填） | C6: 产能占比 | D6: 是否单家>25% | E6: 备注
A7: =IF('6.三张清单'!A5="","",'6.三张清单'!A5) -> 毅航合肥职场 | C7: =IF(B7=0,"",IFERROR(B7/$B$12,0)) | D7: =IF(C7="","",IF(C7>0.25,"⚠️ 超标","达标"))
A8: =IF('6.三张清单'!A6="","",'6.三张清单'!A6) -> 毛毛虫职场 | C8: =IF(B8=0,"",IFERROR(B8/$B$12,0)) | D8: =IF(C8="","",IF(C8>0.25,"⚠️ 超标","达标"))
A9: =IF('6.三张清单'!A7="","",'6.三张清单'!A7) -> 翰锐曲靖职场 | C9: =IF(B9=0,"",IFERROR(B9/$B$12,0)) | D9: =IF(C9="","",IF(C9>0.25,"⚠️ 超标","达标"))
A11: A级合计 | B11: =SUM(B7:B9) -> 0 | C11: =SUM(C7:C9) -> 0
A12: 金条产线总产能（含所有级）
A14: 集中度检查结论
A15: A级合计产能占比 | B15: =C11 -> 0
A16: 阈值 | B16: 0.4
A17: 是否达标 | B17: =IF(B15<=B16,"✅ 达标","⚠️ 超标·需调整") -> ✅ 达标

Sheet 8.清退路径
A1: 🚪 清退路径判定（C级供应商）
A3: 📈 首贷C级 | I3: 📈 复贷C级
A4: 供应商名称 | B4: 是否红线 | C4: 连续两季C | D4: 当季C且下降 | E4: 首次C持平/上升 | F4: 走哪条路径 | G4: 关键节点 | I4: 供应商名称 | J4: 是否红线 | K4: 连续两季C | L4: 当季C且下降 | M4: 首次C持平/上升 | N4: 走哪条路径 | O4: 关键节点
A5: =IFERROR(INDEX('6.三张清单'!A22,1),"") -> 伽玛职场 | B5: =IF(A5="","",IF(IFERROR(VLOOKUP(A5,'2.SLA扣分台账'!$B$5:$G$15,6,FALSE),"")="🔴 是·直接C级","是","否")) -> 否 | C5: 否（首次盘点） | D5: =IF(A5="","",IF(AND(IFERROR(VLOOKUP(A5,'5.评级结果'!$D$6:$D$16,1,FALSE),"")<>"",LEFT(IFERROR(VLOOKUP(A5,'5.评级结果'!$D$6:$O$16,12,FALSE),""),1)="C",IFERROR(VLOOKUP(A5,'5.评级结果'!$D$6:$L$16,9,FALSE),"")="下降"),"是","否")) -> 否 | E5: =IF(A5="","",IF(AND(LEFT(IFERROR(VLOOKUP(A5,'5.评级结果'!$D$6:$O$16,12,FALSE),""),1)="C",IFERROR(VLOOKUP(A5,'5.评级结果'!$D$6:$L$16,9,FALSE),"")<>"下降"),"是","否")) -> 是 | F5: =IF(A5="","",IF(B5="是","路径三：红线清退",IF(C5="是","路径一·末期：解约",IF(D5="是","路径二：快车道·30天",IF(E5="是","路径一：常规·整改30天","核对"))))) -> 路径一：常规·整改30天 | G5: =IF(A5="","",IF(B5="是","管理层决策",IF(D5="是","D0→D30交接",IF(E5="是","D30整改→D90复评","")))) -> D30整改→D90复评 | I5: =IFERROR(INDEX('6.三张清单'!J22,1),"") -> 汇讯职场 | J5: =IF(I5="","",IF(IFERROR(VLOOKUP(I5,'2.SLA扣分台账'!$B$5:$G$15,6,FALSE),"")="🔴 是·直接C级","是","否")) -> 否 | K5: 否（首次盘点） | L5: =IF(I5="","",IF(AND(LEFT(IFERROR(VLOOKUP(I5,'5.评级结果'!$R$6:$AC$16,12,FALSE),""),1)="C",IFERROR(VLOOKUP(I5,'5.评级结果'!$R$6:$AB$16,9,FALSE),"")="下降"),"是","否")) -> 否 | M5: =IF(I5="","",IF(AND(LEFT(IFERROR(VLOOKUP(I5,'5.评级结果'!$R$6:$AC$16,12,FALSE),""),1)="C",IFERROR(VLOOKUP(I5,'5.评级结果'!$R$6:$AB$16,9,FALSE),"")<>"下降"),"是","否")) -> 是 | N5: =IF(I5="","",IF(J5="是","路径三：红线清退",IF(K5="是","路径一·末期：解约",IF(L5="是","路径二：快车道·30天",IF(M5="是","路径一：常规·整改30天","核对"))))) -> 路径一：常规·整改30天 | O5: =IF(I5="","",IF(J5="是","管理层决策",IF(L5="是","D0→D30交接",IF(M5="是","D30整改→D90复评","")))) -> D30整改→D90复评
A6: =IFERROR(INDEX('6.三张清单'!A23,1),"") -> 岐力职场 | B6: =IF(A6="","",IF(IFERROR(VLOOKUP(A6,'2.SLA扣分台账'!$B$5:$G$15,6,FALSE),"")="🔴 是·直接C级","是","否")) -> 否 | C6: 否（首次盘点） | D6: =IF(A6="","",IF(AND(IFERROR(VLOOKUP(A6,'5.评级结果'!$D$6:$D$16,1,FALSE),"")<>"",LEFT(IFERROR(VLOOKUP(A6,'5.评级结果'!$D$6:$O$16,12,FALSE),""),1)="C",IFERROR(VLOOKUP(A6,'5.评级结果'!$D$6:$L$16,9,FALSE),"")="下降"),"是","否")) -> 否 | E6: =IF(A6="","",IF(AND(LEFT(IFERROR(VLOOKUP(A6,'5.评级结果'!$D$6:$O$16,12,FALSE),""),1)="C",IFERROR(VLOOKUP(A6,'5.评级结果'!$D$6:$L$16,9,FALSE),"")<>"下降"),"是","否")) -> 是 | F6: =IF(A6="","",IF(B6="是","路径三：红线清退",IF(C6="是","路径一·末期：解约",IF(D6="是","路径二：快车道·30天",IF(E6="是","路径一：常规·整改30天","核对"))))) -> 路径一：常规·整改30天 | G6: =IF(A6="","",IF(B6="是","管理层决策",IF(D6="是","D0→D30交接",IF(E6="是","D30整改→D90复评","")))) -> D30整改→D90复评 | I6: =IFERROR(INDEX('6.三张清单'!J23,1),"") -> 伽玛职场 | J6: =IF(I6="","",IF(IFERROR(VLOOKUP(I6,'2.SLA扣分台账'!$B$5:$G$15,6,FALSE),"")="🔴 是·直接C级","是","否")) -> 否 | K6: 否（首次盘点） | L6: =IF(I6="","",IF(AND(LEFT(IFERROR(VLOOKUP(I6,'5.评级结果'!$R$6:$AC$16,12,FALSE),""),1)="C",IFERROR(VLOOKUP(I6,'5.评级结果'!$R$6:$AB$16,9,FALSE),"")="下降"),"是","否")) -> 否 | M6: =IF(I6="","",IF(AND(LEFT(IFERROR(VLOOKUP(I6,'5.评级结果'!$R$6:$AC$16,12,FALSE),""),1)="C",IFERROR(VLOOKUP(I6,'5.评级结果'!$R$6:$AB$16,9,FALSE),"")<>"下降"),"是","否")) -> 是 | N6: =IF(I6="","",IF(J6="是","路径三：红线清退",IF(K6="是","路径一·末期：解约",IF(L6="是","路径二：快车道·30天",IF(M6="是","路径一：常规·整改30天","核对"))))) -> 路径一：常规·整改30天 | O6: =IF(I6="","",IF(J6="是","管理层决策",IF(L6="是","D0→D30交接",IF(M6="是","D30整改→D90复评","")))) -> D30整改→D90复评
A7: =IFERROR(INDEX('6.三张清单'!A24,1),"") -> 华啸职场 | B7: =IF(A7="","",IF(IFERROR(VLOOKUP(A7,'2.SLA扣分台账'!$B$5:$G$15,6,FALSE),"")="🔴 是·直接C级","是","否")) -> 否 | C7: 否（首次盘点） | D7: =IF(A7="","",IF(AND(IFERROR(VLOOKUP(A7,'5.评级结果'!$D$6:$D$16,1,FALSE),"")<>"",LEFT(IFERROR(VLOOKUP(A7,'5.评级结果'!$D$6:$O$16,12,FALSE),""),1)="C",IFERROR(VLOOKUP(A7,'5.评级结果'!$D$6:$L$16,9,FALSE),"")="下降"),"是","否")) -> 否 | E7: =IF(A7="","",IF(AND(LEFT(IFERROR(VLOOKUP(A7,'5.评级结果'!$D$6:$O$16,12,FALSE),""),1)="C",IFERROR(VLOOKUP(A7,'5.评级结果'!$D$6:$L$16,9,FALSE),"")<>"下降"),"是","否")) -> 是 | F7: =IF(A7="","",IF(B7="是","路径三：红线清退",IF(C7="是","路径一·末期：解约",IF(D7="是","路径二：快车道·30天",IF(E7="是","路径一：常规·整改30天","核对"))))) -> 路径一：常规·整改30天 | G7: =IF(A7="","",IF(B7="是","管理层决策",IF(D7="是","D0→D30交接",IF(E7="是","D30整改→D90复评","")))) -> D30整改→D90复评 | I7: =IFERROR(INDEX('6.三张清单'!J24,1),"") -> 岐力职场 | J7: =IF(I7="","",IF(IFERROR(VLOOKUP(I7,'2.SLA扣分台账'!$B$5:$G$15,6,FALSE),"")="🔴 是·直接C级","是","否")) -> 否 | K7: 否（首次盘点） | L7: =IF(I7="","",IF(AND(LEFT(IFERROR(VLOOKUP(I7,'5.评级结果'!$R$6:$AC$16,12,FALSE),""),1)="C",IFERROR(VLOOKUP(I7,'5.评级结果'!$R$6:$AB$16,9,FALSE),"")="下降"),"是","否")) -> 否 | M7: =IF(I7="","",IF(AND(LEFT(IFERROR(VLOOKUP(I7,'5.评级结果'!$R$6:$AC$16,12,FALSE),""),1)="C",IFERROR(VLOOKUP(I7,'5.评级结果'!$R$6:$AB$16,9,FALSE),"")<>"下降"),"是","否")) -> 是 | N7: =IF(I7="","",IF(J7="是","路径三：红线清退",IF(K7="是","路径一·末期：解约",IF(L7="是","路径二：快车道·30天",IF(M7="是","路径一：常规·整改30天","核对"))))) -> 路径一：常规·整改30天 | O7: =IF(I7="","",IF(J7="是","管理层决策",IF(L7="是","D0→D30交接",IF(M7="是","D30整改→D90复评","")))) -> D30整改→D90复评
