Workbook

Sheet 月度评估
A1: 供应商名称 | B1: 月份 | C1: 赛马基础分 | D1: 黄牌次数 | E1: 投诉/违规次数 | F1: 红线违规 | G1: 稳定性档位 | H1: 稳定性系数 | I1: 自评加分 | J1: 合规扣分 | K1: 最终得分 | L1: 上月得分 | M1: 环比变化(%) | N1: 趋势
A2: 毅航 | B2: 2026-05 | C2: 92 | D2: 0 | E2: 0 | F2: 否 | G2: =稳定性明细!I2 -> A | H2: =IF(G2="A",1,IF(G2="B",0.9,0.75)) -> 1 | I2: =供管自评明细!L3 -> 3 | J2: =IF(F2="是","红线",D2*10+E2*5) -> 0 | K2: =IF(F2="是",0,MAX(0,(C2-J2)*H2+I2)) -> 95 | L2: 88 | M2: =IF(L2=0,"基线",(K2-L2)/L2) -> 0.079545455 | N2: =IF(L2=0,"基线",IF(M2>=0.05,"上升",IF(M2<=-0.05,"下降","持平"))) -> 上升
A3: 毛毛虫 | B3: 2026-05 | C3: 88 | D3: 0 | E3: 0 | F3: 否 | G3: =稳定性明细!I3 -> A | H3: =IF(G3="A",1,IF(G3="B",0.9,0.75)) -> 1 | I3: =供管自评明细!L4 -> 2 | J3: =IF(F3="是","红线",D3*10+E3*5) -> 0 | K3: =IF(F3="是",0,MAX(0,(C3-J3)*H3+I3)) -> 90 | L3: 85 | M3: =IF(L3=0,"基线",(K3-L3)/L3) -> 0.058823529 | N3: =IF(L3=0,"基线",IF(M3>=0.05,"上升",IF(M3<=-0.05,"下降","持平"))) -> 上升
A4: 伽玛 | B4: 2026-05 | C4: 85 | D4: 1 | E4: 0 | F4: 否 | G4: =稳定性明细!I4 -> B | H4: =IF(G4="A",1,IF(G4="B",0.9,0.75)) -> 0.9 | I4: =供管自评明细!L5 -> 4 | J4: =IF(F4="是","红线",D4*10+E4*5) -> 10 | K4: =IF(F4="是",0,MAX(0,(C4-J4)*H4+I4)) -> 71.5 | L4: 90 | M4: =IF(L4=0,"基线",(K4-L4)/L4) -> -0.20555556 | N4: =IF(L4=0,"基线",IF(M4>=0.05,"上升",IF(M4<=-0.05,"下降","持平"))) -> 下降
A5: 赛维斯 | B5: 2026-05 | C5: 83 | D5: 0 | E5: 1 | F5: 否 | G5: =稳定性明细!I5 -> B | H5: =IF(G5="A",1,IF(G5="B",0.9,0.75)) -> 0.9 | I5: =供管自评明细!L6 -> 2 | J5: =IF(F5="是","红线",D5*10+E5*5) -> 5 | K5: =IF(F5="是",0,MAX(0,(C5-J5)*H5+I5)) -> 72.2 | L5: 80 | M5: =IF(L5=0,"基线",(K5-L5)/L5) -> -0.0975 | N5: =IF(L5=0,"基线",IF(M5>=0.05,"上升",IF(M5<=-0.05,"下降","持平"))) -> 下降
A6: 岐力 | B6: 2026-05 | C6: 79 | D6: 0 | E6: 0 | F6: 否 | G6: =稳定性明细!I6 -> A | H6: =IF(G6="A",1,IF(G6="B",0.9,0.75)) -> 1 | I6: =供管自评明细!L7 -> 3 | J6: =IF(F6="是","红线",D6*10+E6*5) -> 0 | K6: =IF(F6="是",0,MAX(0,(C6-J6)*H6+I6)) -> 82 | L6: 75 | M6: =IF(L6=0,"基线",(K6-L6)/L6) -> 0.093333333 | N6: =IF(L6=0,"基线",IF(M6>=0.05,"上升",IF(M6<=-0.05,"下降","持平"))) -> 上升
A7: 翰锐 | B7: 2026-05 | C7: 77 | D7: 0 | E7: 0 | F7: 否 | G7: =稳定性明细!I7 -> C | H7: =IF(G7="A",1,IF(G7="B",0.9,0.75)) -> 0.75 | I7: =供管自评明细!L8 -> 1 | J7: =IF(F7="是","红线",D7*10+E7*5) -> 0 | K7: =IF(F7="是",0,MAX(0,(C7-J7)*H7+I7)) -> 58.75 | L7: 78 | M7: =IF(L7=0,"基线",(K7-L7)/L7) -> -0.24679487 | N7: =IF(L7=0,"基线",IF(M7>=0.05,"上升",IF(M7<=-0.05,"下降","持平"))) -> 下降
A8: 天域 | B8: 2026-05 | C8: 72 | D8: 0 | E8: 0 | F8: 否 | G8: =稳定性明细!I8 -> A | H8: =IF(G8="A",1,IF(G8="B",0.9,0.75)) -> 1 | I8: =供管自评明细!L9 -> 2 | J8: =IF(F8="是","红线",D8*10+E8*5) -> 0 | K8: =IF(F8="是",0,MAX(0,(C8-J8)*H8+I8)) -> 74 | L8: 68 | M8: =IF(L8=0,"基线",(K8-L8)/L8) -> 0.088235294 | N8: =IF(L8=0,"基线",IF(M8>=0.05,"上升",IF(M8<=-0.05,"下降","持平"))) -> 上升
A9: 信达 | B9: 2026-05 | C9: 68 | D9: 1 | E9: 0 | F9: 否 | G9: =稳定性明细!I9 -> C | H9: =IF(G9="A",1,IF(G9="B",0.9,0.75)) -> 0.75 | I9: =供管自评明细!L10 -> 1 | J9: =IF(F9="是","红线",D9*10+E9*5) -> 10 | K9: =IF(F9="是",0,MAX(0,(C9-J9)*H9+I9)) -> 44.5 | L9: 70 | M9: =IF(L9=0,"基线",(K9-L9)/L9) -> -0.36428571 | N9: =IF(L9=0,"基线",IF(M9>=0.05,"上升",IF(M9<=-0.05,"下降","持平"))) -> 下降
A10: 华腾 | B10: 2026-05 | C10: 65 | D10: 0 | E10: 1 | F10: 否 | G10: =稳定性明细!I10 -> A | H10: =IF(G10="A",1,IF(G10="B",0.9,0.75)) -> 1 | I10: =供管自评明细!L11 -> 0 | J10: =IF(F10="是","红线",D10*10+E10*5) -> 5 | K10: =IF(F10="是",0,MAX(0,(C10-J10)*H10+I10)) -> 60 | L10: 62 | M10: =IF(L10=0,"基线",(K10-L10)/L10) -> -0.032258065 | N10: =IF(L10=0,"基线",IF(M10>=0.05,"上升",IF(M10<=-0.05,"下降","持平"))) -> 持平
A11: 智联 | B11: 2026-05 | C11: 60 | D11: 0 | E11: 0 | F11: 否 | G11: =稳定性明细!I11 -> C | H11: =IF(G11="A",1,IF(G11="B",0.9,0.75)) -> 0.75 | I11: =供管自评明细!L12 -> 2 | J11: =IF(F11="是","红线",D11*10+E11*5) -> 0 | K11: =IF(F11="是",0,MAX(0,(C11-J11)*H11+I11)) -> 47 | L11: 55 | M11: =IF(L11=0,"基线",(K11-L11)/L11) -> -0.14545455 | N11: =IF(L11=0,"基线",IF(M11>=0.05,"上升",IF(M11<=-0.05,"下降","持平"))) -> 下降
A12: 博远 | B12: 2026-05 | C12: 55 | D12: 0 | E12: 0 | F12: 否 | G12: =稳定性明细!I12 -> C | H12: =IF(G12="A",1,IF(G12="B",0.9,0.75)) -> 0.75 | I12: =供管自评明细!L13 -> 1 | J12: =IF(F12="是","红线",D12*10+E12*5) -> 0 | K12: =IF(F12="是",0,MAX(0,(C12-J12)*H12+I12)) -> 42.25 | L12: 52 | M12: =IF(L12=0,"基线",(K12-L12)/L12) -> -0.1875 | N12: =IF(L12=0,"基线",IF(M12>=0.05,"上升",IF(M12<=-0.05,"下降","持平"))) -> 下降
A13: 启明 | B13: 2026-05 | C13: 50 | D13: 1 | E13: 1 | F13: 否 | G13: =稳定性明细!I13 -> C | H13: =IF(G13="A",1,IF(G13="B",0.9,0.75)) -> 0.75 | I13: =供管自评明细!L14 -> 0 | J13: =IF(F13="是","红线",D13*10+E13*5) -> 15 | K13: =IF(F13="是",0,MAX(0,(C13-J13)*H13+I13)) -> 26.25 | L13: 58 | M13: =IF(L13=0,"基线",(K13-L13)/L13) -> -0.54741379 | N13: =IF(L13=0,"基线",IF(M13>=0.05,"上升",IF(M13<=-0.05,"下降","持平"))) -> 下降
... A17: 远航 | B17: 2026-05 | C17: 30 | D17: 0 | E17: 2 | F17: 否 | G17: =稳定性明细!I17 -> C | H17: =IF(G17="A",1,IF(G17="B",0.9,0.75)) -> 0.75 | I17: =供管自评明细!L18 -> 0 | J17: =IF(F17="是","红线",D17*10+E17*5) -> 10 | K17: =IF(F17="是",0,MAX(0,(C17-J17)*H17+I17)) -> 15 | L17: 28 | M17: =IF(L17=0,"基线",(K17-L17)/L17) -> -0.46428571 | N17: =IF(L17=0,"基线",IF(M17>=0.05,"上升",IF(M17<=-0.05,"下降","持平"))) -> 下降

Sheet 稳定性明细
A1: 供应商名称 | B1: 月份 | C1: 人员流失率(%) | D1: 核心人员离职 | E1: 产能波动率(%) | F1: 产能断崖 | G1: SLA未达成次数 | H1: SLA两次以上未达成 | I1: 综合档位
A2: 毅航 | B2: 2026-05 | C2: 2 | D2: 否 | E2: 5 | F2: 否 | G2: 0 | H2: 否 | I2: =IF(OR(D2="是",F2="是",H2="是"),"C",IF(OR(C2>10,E2>20,G2>=2),"C",IF(OR(C2>5,E2>10,G2>=1),"B","A"))) -> A
A3: 毛毛虫 | B3: 2026-05 | C3: 3 | D3: 否 | E3: 8 | F3: 否 | G3: 0 | H3: 否 | I3: =IF(OR(D3="是",F3="是",H3="是"),"C",IF(OR(C3>10,E3>20,G3>=2),"C",IF(OR(C3>5,E3>10,G3>=1),"B","A"))) -> A
A4: 伽玛 | B4: 2026-05 | C4: 5 | D4: 否 | E4: 12 | F4: 否 | G4: 1 | H4: 否 | I4: =IF(OR(D4="是",F4="是",H4="是"),"C",IF(OR(C4>10,E4>20,G4>=2),"C",IF(OR(C4>5,E4>10,G4>=1),"B","A"))) -> B
A5: 赛维斯 | B5: 2026-05 | C5: 8 | D5: 否 | E5: 18 | F5: 否 | G5: 1 | H5: 否 | I5: =IF(OR(D5="是",F5="是",H5="是"),"C",IF(OR(C5>10,E5>20,G5>=2),"C",IF(OR(C5>5,E5>10,G5>=1),"B","A"))) -> B
A6: 岐力 | B6: 2026-05 | C6: 4 | D6: 否 | E6: 6 | F6: 否 | G6: 0 | H6: 否 | I6: =IF(OR(D6="是",F6="是",H6="是"),"C",IF(OR(C6>10,E6>20,G6>=2),"C",IF(OR(C6>5,E6>10,G6>=1),"B","A"))) -> A
A7: 翰锐 | B7: 2026-05 | C7: 12 | D7: 否 | E7: 22 | F7: 否 | G7: 1 | H7: 否 | I7: =IF(OR(D7="是",F7="是",H7="是"),"C",IF(OR(C7>10,E7>20,G7>=2),"C",IF(OR(C7>5,E7>10,G7>=1),"B","A"))) -> C
A8: 天域 | B8: 2026-05 | C8: 3 | D8: 否 | E8: 7 | F8: 否 | G8: 0 | H8: 否 | I8: =IF(OR(D8="是",F8="是",H8="是"),"C",IF(OR(C8>10,E8>20,G8>=2),"C",IF(OR(C8>5,E8>10,G8>=1),"B","A"))) -> A
A9: 信达 | B9: 2026-05 | C9: 15 | D9: 否 | E9: 25 | F9: 否 | G9: 1 | H9: 否 | I9: =IF(OR(D9="是",F9="是",H9="是"),"C",IF(OR(C9>10,E9>20,G9>=2),"C",IF(OR(C9>5,E9>10,G9>=1),"B","A"))) -> C
A10: 华腾 | B10: 2026-05 | C10: 5 | D10: 否 | E10: 10 | F10: 否 | G10: 0 | H10: 否 | I10: =IF(OR(D10="是",F10="是",H10="是"),"C",IF(OR(C10>10,E10>20,G10>=2),"C",IF(OR(C10>5,E10>10,G10>=1),"B","A"))) -> A
A11: 智联 | B11: 2026-05 | C11: 11 | D11: 否 | E11: 19 | F11: 否 | G11: 1 | H11: 否 | I11: =IF(OR(D11="是",F11="是",H11="是"),"C",IF(OR(C11>10,E11>20,G11>=2),"C",IF(OR(C11>5,E11>10,G11>=1),"B","A"))) -> C
A12: 博远 | B12: 2026-05 | C12: 18 | D12: 是 | E12: 30 | F12: 否 | G12: 2 | H12: 是 | I12: =IF(OR(D12="是",F12="是",H12="是"),"C",IF(OR(C12>10,E12>20,G12>=2),"C",IF(OR(C12>5,E12>10,G12>=1),"B","A"))) -> C
A13: 启明 | B13: 2026-05 | C13: 13 | D13: 否 | E13: 21 | F13: 否 | G13: 1 | H13: 否 | I13: =IF(OR(D13="是",F13="是",H13="是"),"C",IF(OR(C13>10,E13>20,G13>=2),"C",IF(OR(C13>5,E13>10,G13>=1),"B","A"))) -> C
... A17: 远航 | B17: 2026-05 | C17: 30 | D17: 是 | E17: 40 | F17: 是 | G17: 4 | H17: 是 | I17: =IF(OR(D17="是",F17="是",H17="是"),"C",IF(OR(C17>10,E17>20,G17>=2),"C",IF(OR(C17>5,E17>10,G17>=1),"B","A"))) -> C

Sheet 供管自评明细
A1: 供应商名称 | B1: 月份 | C1: 战略协作-表现 | D1: 战略协作-达标 | E1: 响应质量-表现 | F1: 响应质量-达标 | G1: 高效执行-表现 | H1: 高效执行-达标 | I1: 共同成长-表现 | J1: 共同成长-达标 | K1: 自评总分 | L1: 自评加分(上限4)
C2: 主动提建议/参与规划 | D2: 24h内有实质响应 | F2: 临时任务按时零返工 | H2: 分享经验推动产线
A3: 毅航 | B3: 2026-05 | C3: 主动参与产线规划 | D3: 是 | E3: 24h内响应有实质内容 | F3: 是 | G3: 临时任务按时按质 | H3: 是 | I3: 分享经验贡献产线 | J3: 否 | K3: =COUNTIF(D3,"是")+COUNTIF(F3,"是")+COUNTIF(H3,"是")+COUNTIF(J3,"是") -> 3 | L3: =MIN(4,K3) -> 3
A4: 毛毛虫 | B4: 2026-05 | C4: 偶有建议 | D4: 是 | E4: 24h内响应 | F4: 是 | G4: 一般 | H4: 否 | I4: 一般 | J4: 否 | K4: =COUNTIF(D4,"是")+COUNTIF(F4,"是")+COUNTIF(H4,"是")+COUNTIF(J4,"是") -> 2 | L4: =MIN(4,K4) -> 2
A5: 伽玛 | B5: 2026-05 | C5: 深度参与战略讨论 | D5: 是 | E5: 快速响应有深度 | F5: 是 | G5: 临时任务零返工 | H5: 是 | I5: 积极分享推动整体 | J5: 是 | K5: =COUNTIF(D5,"是")+COUNTIF(F5,"是")+COUNTIF(H5,"是")+COUNTIF(J5,"是") -> 4 | L5: =MIN(4,K5) -> 4
A6: 赛维斯 | B6: 2026-05 | C6: 偶有建议 | D6: 是 | E6: 24h内响应 | F6: 是 | G6: 一般 | H6: 否 | I6: 一般 | J6: 否 | K6: =COUNTIF(D6,"是")+COUNTIF(F6,"是")+COUNTIF(H6,"是")+COUNTIF(J6,"是") -> 2 | L6: =MIN(4,K6) -> 2
A7: 岐力 | B7: 2026-05 | C7: 主动提建设性方案 | D7: 是 | E7: 响应及时有内容 | F7: 是 | G7: 按时完成 | H7: 是 | I7: 一般 | J7: 否 | K7: =COUNTIF(D7,"是")+COUNTIF(F7,"是")+COUNTIF(H7,"是")+COUNTIF(J7,"是") -> 3 | L7: =MIN(4,K7) -> 3
A8: 翰锐 | B8: 2026-05 | C8: 一般 | D8: 否 | E8: 响应尚可 | F8: 是 | G8: 一般 | H8: 否 | I8: 一般 | J8: 否 | K8: =COUNTIF(D8,"是")+COUNTIF(F8,"是")+COUNTIF(H8,"是")+COUNTIF(J8,"是") -> 1 | L8: =MIN(4,K8) -> 1
A9: 天域 | B9: 2026-05 | C9: 偶有建议 | D9: 是 | E9: 一般 | F9: 否 | G9: 临时任务按时 | H9: 是 | I9: 一般 | J9: 否 | K9: =COUNTIF(D9,"是")+COUNTIF(F9,"是")+COUNTIF(H9,"是")+COUNTIF(J9,"是") -> 2 | L9: =MIN(4,K9) -> 2
A10: 信达 | B10: 2026-05 | C10: 一般 | D10: 否 | E10: 响应尚可 | F10: 是 | G10: 一般 | H10: 否 | I10: 一般 | J10: 否 | K10: =COUNTIF(D10,"是")+COUNTIF(F10,"是")+COUNTIF(H10,"是")+COUNTIF(J10,"是") -> 1 | L10: =MIN(4,K10) -> 1
A11: 华腾 | B11: 2026-05 | C11: 一般 | D11: 否 | E11: 一般 | F11: 否 | G11: 一般 | H11: 否 | I11: 一般 | J11: 否 | K11: =COUNTIF(D11,"是")+COUNTIF(F11,"是")+COUNTIF(H11,"是")+COUNTIF(J11,"是") -> 0 | L11: =MIN(4,K11) -> 0
A12: 智联 | B12: 2026-05 | C12: 偶有建议 | D12: 是 | E12: 一般 | F12: 否 | G12: 临时任务按时 | H12: 是 | I12: 一般 | J12: 否 | K12: =COUNTIF(D12,"是")+COUNTIF(F12,"是")+COUNTIF(H12,"是")+COUNTIF(J12,"是") -> 2 | L12: =MIN(4,K12) -> 2
A13: 博远 | B13: 2026-05 | C13: 一般 | D13: 否 | E13: 一般 | F13: 否 | G13: 临时任务勉强完成 | H13: 是 | I13: 一般 | J13: 否 | K13: =COUNTIF(D13,"是")+COUNTIF(F13,"是")+COUNTIF(H13,"是")+COUNTIF(J13,"是") -> 1 | L13: =MIN(4,K13) -> 1
A14: 启明 | B14: 2026-05 | C14: 一般 | D14: 否 | E14: 一般 | F14: 否 | G14: 一般 | H14: 否 | I14: 一般 | J14: 否 | K14: =COUNTIF(D14,"是")+COUNTIF(F14,"是")+COUNTIF(H14,"是")+COUNTIF(J14,"是") -> 0 | L14: =MIN(4,K14) -> 0
... A18: 远航 | B18: 2026-05 | C18: 一般 | D18: 否 | E18: 一般 | F18: 否 | G18: 一般 | H18: 否 | I18: 一般 | J18: 否 | K18: =COUNTIF(D18,"是")+COUNTIF(F18,"是")+COUNTIF(H18,"是")+COUNTIF(J18,"是") -> 0 | L18: =MIN(4,K18) -> 0
